ISO-10303-21;
HEADER;
FILE_DESCRIPTION (( 'STEP AP214' ),
    '1' );
FILE_NAME ('Buttons_Trotten.STEP',
    '2025-07-21T11:42:33',
    ( '' ),
    ( '' ),
    'SwSTEP 2.0',
    'SolidWorks 2025',
    '' );
FILE_SCHEMA (( 'AUTOMOTIVE_DESIGN' ));
ENDSEC;

DATA;
#1 = DIRECTION ( 'NONE',  ( 1.734723475976807834E-16, 1.000000000000000000, -0.000000000000000000 ) ) ;
#2 = CARTESIAN_POINT ( 'NONE',  ( -23.50000000000000000, 42.25000000000000000, 1.500000000000010214 ) ) ;
#3 = VERTEX_POINT ( 'NONE', #815 ) ;
#4 = LINE ( 'NONE', #1320, #1636 ) ;
#5 = PLANE ( 'NONE',  #1670 ) ;
#6 = EDGE_CURVE ( 'NONE', #1438, #1651, #1109, .T. ) ;
#7 = EDGE_CURVE ( 'NONE', #920, #804, #1864, .T. ) ;
#8 = VERTEX_POINT ( 'NONE', #988 ) ;
#9 = DIRECTION ( 'NONE',  ( -1.000000000000000000, 0.000000000000000000, 0.000000000000000000 ) ) ;
#10 = CARTESIAN_POINT ( 'NONE',  ( 0.000000000000000000, 154.2500000000000000, 0.000000000000000000 ) ) ;
#11 = AXIS2_PLACEMENT_3D ( 'NONE', #1933, #593, #1464 ) ;
#12 = LINE ( 'NONE', #1690, #637 ) ;
#13 = ORIENTED_EDGE ( 'NONE', *, *, #1949, .T. ) ;
#14 = DIRECTION ( 'NONE',  ( -1.000000000000000000, 0.000000000000000000, -0.000000000000000000 ) ) ;
#15 = DIRECTION ( 'NONE',  ( -0.000000000000000000, 0.000000000000000000, 1.000000000000000000 ) ) ;
#16 = ADVANCED_FACE ( 'NONE', ( #1298 ), #1130, .F. ) ;
#17 = ORIENTED_EDGE ( 'NONE', *, *, #44, .T. ) ;
#18 = CARTESIAN_POINT ( 'NONE',  ( -9.399999999999998579, 81.15000000000004832, 12.26812408671319510 ) ) ;
#19 = EDGE_CURVE ( 'NONE', #943, #43, #1606, .T. ) ;
#20 = VECTOR ( 'NONE', #177, 1000.000000000000000 ) ;
#21 = LINE ( 'NONE', #1833, #334 ) ;
#22 = AXIS2_PLACEMENT_3D ( 'NONE', #70, #15, #1535 ) ;
#23 = DIRECTION ( 'NONE',  ( 0.000000000000000000, 0.000000000000000000, -1.000000000000000000 ) ) ;
#24 = VERTEX_POINT ( 'NONE', #368 ) ;
#25 = LINE ( 'NONE', #959, #755 ) ;
#26 = LINE ( 'NONE', #1093, #1064 ) ;
#27 = EDGE_CURVE ( 'NONE', #1595, #943, #62, .T. ) ;
#28 = ORIENTED_EDGE ( 'NONE', *, *, #855, .F. ) ;
#29 = DIRECTION ( 'NONE',  ( 0.000000000000000000, -1.000000000000000000, 5.782411586589358822E-15 ) ) ;
#30 = VECTOR ( 'NONE', #1793, 1000.000000000000000 ) ;
#31 = CARTESIAN_POINT ( 'NONE',  ( -1.500000000000001332, 41.11249999999999716, 18.09999999999999787 ) ) ;
#32 = ORIENTED_EDGE ( 'NONE', *, *, #27, .F. ) ;
#33 = DIRECTION ( 'NONE',  ( -1.445602896647339706E-15, 3.209883240645394110E-31, 1.000000000000000000 ) ) ;
#34 = CARTESIAN_POINT ( 'NONE',  ( -15.60000000000000675, 138.6500000000000341, 3.499999999999999556 ) ) ;
#35 = VERTEX_POINT ( 'NONE', #82 ) ;
#36 = CARTESIAN_POINT ( 'NONE',  ( -15.60000000000000675, 144.8500000000000227, 3.499999999999999556 ) ) ;
#37 = ORIENTED_EDGE ( 'NONE', *, *, #1122, .F. ) ;
#38 = AXIS2_PLACEMENT_3D ( 'NONE', #555, #1751, #1570 ) ;
#39 = FACE_OUTER_BOUND ( 'NONE', #277, .T. ) ;
#40 = VECTOR ( 'NONE', #1067, 1000.000000000000000 ) ;
#41 = CARTESIAN_POINT ( 'NONE',  ( 0.000000000000000000, 0.000000000000000000, 0.000000000000000000 ) ) ;
#42 = ADVANCED_FACE ( 'NONE', ( #1174 ), #1039, .T. ) ;
#43 = VERTEX_POINT ( 'NONE', #1156 ) ;
#44 = EDGE_CURVE ( 'NONE', #255, #1364, #1018, .T. ) ;
#45 = DIRECTION ( 'NONE',  ( 1.000000000000000000, -1.734723475976807834E-16, 1.445602896647340100E-15 ) ) ;
#46 = ORIENTED_EDGE ( 'NONE', *, *, #1486, .F. ) ;
#47 = DIRECTION ( 'NONE',  ( 1.000000000000000000, -1.774149009521734663E-16, -0.000000000000000000 ) ) ;
#48 = ORIENTED_EDGE ( 'NONE', *, *, #917, .F. ) ;
#49 = VECTOR ( 'NONE', #1060, 1000.000000000000000 ) ;
#50 = CARTESIAN_POINT ( 'NONE',  ( -1.500000000000000000, 1.500000000000000222, 1.500000000000000000 ) ) ;
#51 = ORIENTED_EDGE ( 'NONE', *, *, #1248, .F. ) ;
#52 = DIRECTION ( 'NONE',  ( 0.000000000000000000, -0.7071067811865479058, -0.7071067811865472397 ) ) ;
#53 = EDGE_LOOP ( 'NONE', ( #1675, #327, #1417, #1915 ) ) ;
#54 = ADVANCED_FACE ( 'NONE', ( #265 ), #1199, .T. ) ;
#55 = CARTESIAN_POINT ( 'NONE',  ( -15.59999999999999787, 87.35000000000003695, 2.000000000000000000 ) ) ;
#56 = ORIENTED_EDGE ( 'NONE', *, *, #558, .F. ) ;
#57 = CARTESIAN_POINT ( 'NONE',  ( -9.399999999999998579, 0.000000000000000000, 12.26812408671319510 ) ) ;
#58 = ORIENTED_EDGE ( 'NONE', *, *, #750, .F. ) ;
#59 = CARTESIAN_POINT ( 'NONE',  ( -15.60000000000000142, 59.85000000000002274, 3.499999999999999556 ) ) ;
#60 = VECTOR ( 'NONE', #1480, 1000.000000000000000 ) ;
#61 =( LENGTH_UNIT ( ) NAMED_UNIT ( * ) SI_UNIT ( .MILLI., .METRE. ) );
#62 = LINE ( 'NONE', #1723, #1428 ) ;
#63 = FACE_OUTER_BOUND ( 'NONE', #692, .T. ) ;
#64 = ORIENTED_EDGE ( 'NONE', *, *, #1737, .F. ) ;
#65 = CARTESIAN_POINT ( 'NONE',  ( 0.000000000000000000, 0.000000000000000000, 0.000000000000000000 ) ) ;
#66 = ORIENTED_EDGE ( 'NONE', *, *, #1280, .F. ) ;
#67 = EDGE_CURVE ( 'NONE', #1185, #164, #1628, .T. ) ;
#68 = AXIS2_PLACEMENT_3D ( 'NONE', #1317, #308, #436 ) ;
#69 = CARTESIAN_POINT ( 'NONE',  ( -15.60000000000000142, 53.65000000000002700, 3.499999999999999556 ) ) ;
#70 = CARTESIAN_POINT ( 'NONE',  ( 0.000000000000000000, 0.000000000000000000, 0.000000000000000000 ) ) ;
#71 = ORIENTED_EDGE ( 'NONE', *, *, #1657, .F. ) ;
#72 = ORIENTED_EDGE ( 'NONE', *, *, #585, .T. ) ;
#73 = LINE ( 'NONE', #971, #113 ) ;
#74 = VECTOR ( 'NONE', #586, 1000.000000000000000 ) ;
#75 = EDGE_LOOP ( 'NONE', ( #906, #1284, #1310, #1167 ) ) ;
#76 = VECTOR ( 'NONE', #883, 1000.000000000000000 ) ;
#77 = DIRECTION ( 'NONE',  ( 1.000000000000000000, 0.000000000000000000, 0.000000000000000000 ) ) ;
#78 = ORIENTED_EDGE ( 'NONE', *, *, #412, .T. ) ;
#79 = CARTESIAN_POINT ( 'NONE',  ( -15.04999999999998828, 1.500000000000002665, 8.799999999999981171 ) ) ;
#80 = EDGE_CURVE ( 'NONE', #1783, #1884, #1347, .T. ) ;
#81 = VERTEX_POINT ( 'NONE', #1802 ) ;
#82 = CARTESIAN_POINT ( 'NONE',  ( -23.50000000000000000, 1.500000000000004219, 1.500000000000000000 ) ) ;
#83 = PLANE ( 'NONE',  #1002 ) ;
#84 = VECTOR ( 'NONE', #1265, 1000.000000000000000 ) ;
#85 = ORIENTED_EDGE ( 'NONE', *, *, #357, .F. ) ;
#86 = VECTOR ( 'NONE', #9, 1000.000000000000000 ) ;
#87 = EDGE_CURVE ( 'NONE', #1536, #1805, #1935, .T. ) ;
#88 = CARTESIAN_POINT ( 'NONE',  ( -25.00000000000000000, 36.01250000000000284, 18.09999999999999787 ) ) ;
#89 = EDGE_LOOP ( 'NONE', ( #875, #856, #401, #1893 ) ) ;
#90 = DIRECTION ( 'NONE',  ( -1.000000000000000000, 0.000000000000000000, 0.000000000000000000 ) ) ;
#91 = DIRECTION ( 'NONE',  ( 0.000000000000000000, -1.000000000000000000, 0.000000000000000000 ) ) ;
#92 = CARTESIAN_POINT ( 'NONE',  ( 0.000000000000000000, 154.2500000000000000, 3.500000000000000000 ) ) ;
#93 = EDGE_LOOP ( 'NONE', ( #418, #32, #1712, #158 ) ) ;
#94 = CARTESIAN_POINT ( 'NONE',  ( -15.04999999999997584, 154.2500000000000000, 18.09999999999999787 ) ) ;
#95 = ORIENTED_EDGE ( 'NONE', *, *, #1713, .T. ) ;
#96 = CARTESIAN_POINT ( 'NONE',  ( -6.625000000000000888, 35.75000000000000000, 1.500000000000000000 ) ) ;
#97 = CARTESIAN_POINT ( 'NONE',  ( -9.399999999999998579, 87.35000000000003695, 3.499999999999999556 ) ) ;
#98 = ORIENTED_EDGE ( 'NONE', *, *, #1694, .T. ) ;
#99 = CARTESIAN_POINT ( 'NONE',  ( -15.60000000000000142, 59.85000000000002274, 12.26812408671319510 ) ) ;
#100 = CARTESIAN_POINT ( 'NONE',  ( -1.500000000000000000, 1.500000000000000222, 1.500000000000000000 ) ) ;
#101 = EDGE_CURVE ( 'NONE', #1627, #920, #605, .T. ) ;
#102 = ORIENTED_EDGE ( 'NONE', *, *, #251, .T. ) ;
#103 = ADVANCED_FACE ( 'NONE', ( #1050 ), #1916, .F. ) ;
#104 = LINE ( 'NONE', #1159, #660 ) ;
#105 =( LENGTH_UNIT ( ) NAMED_UNIT ( * ) SI_UNIT ( .MILLI., .METRE. ) );
#106 = ORIENTED_EDGE ( 'NONE', *, *, #1037, .T. ) ;
#107 = DIRECTION ( 'NONE',  ( -1.000000000000000000, 0.000000000000000000, 0.000000000000000000 ) ) ;
#108 = LINE ( 'NONE', #1626, #1919 ) ;
#109 = ORIENTED_EDGE ( 'NONE', *, *, #955, .T. ) ;
#110 = CARTESIAN_POINT ( 'NONE',  ( -9.950000000000001066, 1.500000000000056843, 16.89999999999999858 ) ) ;
#111 = DIRECTION ( 'NONE',  ( -1.000000000000000000, 0.000000000000000000, 0.000000000000000000 ) ) ;
#112 = VERTEX_POINT ( 'NONE', #426 ) ;
#113 = VECTOR ( 'NONE', #998, 1000.000000000000000 ) ;
#114 = DIRECTION ( 'NONE',  ( -1.445602896647340100E-15, 0.000000000000000000, 1.000000000000000000 ) ) ;
#115 = PLANE ( 'NONE',  #944 ) ;
#116 = VECTOR ( 'NONE', #47, 1000.000000000000000 ) ;
#117 = CARTESIAN_POINT ( 'NONE',  ( -25.00000000000052580, 118.2374999999999972, 16.89999999999999858 ) ) ;
#118 = DIRECTION ( 'NONE',  ( 0.000000000000000000, -0.000000000000000000, 1.000000000000000000 ) ) ;
#119 = ORIENTED_EDGE ( 'NONE', *, *, #1070, .T. ) ;
#120 = CARTESIAN_POINT ( 'NONE',  ( -25.00000000000052580, 113.1375000000000028, 16.89999999999999858 ) ) ;
#121 = CARTESIAN_POINT ( 'NONE',  ( -25.00000000000000000, 44.25000000000000000, 0.000000000000000000 ) ) ;
#122 = ORIENTED_EDGE ( 'NONE', *, *, #643, .F. ) ;
#123 = VECTOR ( 'NONE', #187, 1000.000000000000000 ) ;
#124 = FACE_OUTER_BOUND ( 'NONE', #706, .T. ) ;
#125 = LINE ( 'NONE', #858, #1225 ) ;
#126 = ORIENTED_EDGE ( 'NONE', *, *, #229, .F. ) ;
#127 = EDGE_CURVE ( 'NONE', #1077, #1744, #730, .T. ) ;
#128 = FACE_OUTER_BOUND ( 'NONE', #650, .T. ) ;
#129 = EDGE_CURVE ( 'NONE', #920, #429, #1188, .T. ) ;
#130 = PLANE ( 'NONE',  #256 ) ;
#131 = ORIENTED_EDGE ( 'NONE', *, *, #1337, .T. ) ;
#132 = CARTESIAN_POINT ( 'NONE',  ( -9.399999999999998579, 87.35000000000003695, 12.26812408671319510 ) ) ;
#133 = LINE ( 'NONE', #448, #576 ) ;
#134 = CARTESIAN_POINT ( 'NONE',  ( -15.60000000000000675, 138.6500000000000341, 2.000000000000000000 ) ) ;
#135 = EDGE_LOOP ( 'NONE', ( #965, #588, #381, #480 ) ) ;
#136 = VECTOR ( 'NONE', #1811, 1000.000000000000000 ) ;
#137 = LINE ( 'NONE', #1941, #1221 ) ;
#138 = CARTESIAN_POINT ( 'NONE',  ( -9.950000000000001066, 1.726049858596923651E-15, 16.89999999999999858 ) ) ;
#139 = EDGE_LOOP ( 'NONE', ( #1173, #740, #1432, #1469 ) ) ;
#140 = LINE ( 'NONE', #250, #1874 ) ;
#141 = ADVANCED_FACE ( 'NONE', ( #896 ), #718, .T. ) ;
#142 = DIRECTION ( 'NONE',  ( 0.000000000000000000, 0.000000000000000000, -1.000000000000000000 ) ) ;
#143 = CARTESIAN_POINT ( 'NONE',  ( -6.625000000000000888, 5.500000000000000000, 0.000000000000000000 ) ) ;
#144 = CARTESIAN_POINT ( 'NONE',  ( 0.000000000000000000, 144.8500000000000227, 2.000000000000000000 ) ) ;
#145 = EDGE_LOOP ( 'NONE', ( #1102, #1440, #828, #722 ) ) ;
#146 = LINE ( 'NONE', #1470, #150 ) ;
#147 = CARTESIAN_POINT ( 'NONE',  ( -9.399999999999998579, 117.3500000000000227, 3.499999999999999556 ) ) ;
#148 = AXIS2_PLACEMENT_3D ( 'NONE', #499, #1416, #52 ) ;
#149 = EDGE_CURVE ( 'NONE', #1750, #81, #904, .T. ) ;
#150 = VECTOR ( 'NONE', #280, 1000.000000000000000 ) ;
#151 = LINE ( 'NONE', #182, #40 ) ;
#152 = DIRECTION ( 'NONE',  ( -0.000000000000000000, -0.000000000000000000, -1.000000000000000000 ) ) ;
#153 = CARTESIAN_POINT ( 'NONE',  ( -25.00000000000052580, 118.2374999999999972, 18.09999999999999787 ) ) ;
#154 = ORIENTED_EDGE ( 'NONE', *, *, #703, .F. ) ;
#155 = EDGE_CURVE ( 'NONE', #24, #1585, #1648, .T. ) ;
#156 = CARTESIAN_POINT ( 'NONE',  ( -15.04999999999997407, 154.2500000000000000, 16.89999999999999858 ) ) ;
#157 = LINE ( 'NONE', #624, #1442 ) ;
#158 = ORIENTED_EDGE ( 'NONE', *, *, #1889, .T. ) ;
#159 = AXIS2_PLACEMENT_3D ( 'NONE', #1733, #548, #541 ) ;
#160 = DIRECTION ( 'NONE',  ( -1.000000000000000000, 1.734723475976807341E-16, 0.000000000000000000 ) ) ;
#161 = CARTESIAN_POINT ( 'NONE',  ( -9.400000000000009237, 138.6500000000000341, 3.500000000000000000 ) ) ;
#162 = CARTESIAN_POINT ( 'NONE',  ( 0.000000000000000000, 138.6500000000000341, 3.499999999999999556 ) ) ;
#163 = CARTESIAN_POINT ( 'NONE',  ( -15.59999999999999787, 111.1500000000000199, 2.000000000000000000 ) ) ;
#164 = VERTEX_POINT ( 'NONE', #1338 ) ;
#165 = EDGE_CURVE ( 'NONE', #1128, #884, #1500, .T. ) ;
#166 = DIRECTION ( 'NONE',  ( 0.000000000000000000, 1.000000000000000000, 0.000000000000000000 ) ) ;
#167 = DIRECTION ( 'NONE',  ( 0.000000000000000000, 0.000000000000000000, 1.000000000000000000 ) ) ;
#168 = VECTOR ( 'NONE', #455, 1000.000000000000000 ) ;
#169 = EDGE_CURVE ( 'NONE', #622, #1385, #287, .T. ) ;
#170 = EDGE_LOOP ( 'NONE', ( #530, #1918, #51, #399 ) ) ;
#171 = CARTESIAN_POINT ( 'NONE',  ( -25.00000000000052580, 113.1375000000000028, 16.89999999999999858 ) ) ;
#172 = DIRECTION ( 'NONE',  ( -1.000000000000000000, 0.000000000000000000, 0.000000000000000000 ) ) ;
#173 = VECTOR ( 'NONE', #1862, 1000.000000000000000 ) ;
#174 = ADVANCED_FACE ( 'NONE', ( #707 ), #1308, .T. ) ;
#175 = FACE_OUTER_BOUND ( 'NONE', #1736, .T. ) ;
#176 = VERTEX_POINT ( 'NONE', #1008 ) ;
#177 = DIRECTION ( 'NONE',  ( 0.000000000000000000, -1.000000000000000000, 0.000000000000000000 ) ) ;
#178 = LINE ( 'NONE', #785, #283 ) ;
#179 = VERTEX_POINT ( 'NONE', #110 ) ;
#180 = LINE ( 'NONE', #1705, #474 ) ;
#181 = ORIENTED_EDGE ( 'NONE', *, *, #6, .F. ) ;
#182 = CARTESIAN_POINT ( 'NONE',  ( 0.000000000000000000, 111.1500000000000199, 3.499999999999999556 ) ) ;
#183 = PRODUCT_DEFINITION_FORMATION_WITH_SPECIFIED_SOURCE ( 'ANY', '', #375, .NOT_KNOWN. ) ;
#184 = AXIS2_PLACEMENT_3D ( 'NONE', #332, #208, #634 ) ;
#185 = CARTESIAN_POINT ( 'NONE',  ( -15.60000000000000142, 59.85000000000002274, 2.000000000000000000 ) ) ;
#186 = VECTOR ( 'NONE', #1376, 1000.000000000000000 ) ;
#187 = DIRECTION ( 'NONE',  ( 0.000000000000000000, -1.000000000000000000, 0.000000000000000000 ) ) ;
#188 = VERTEX_POINT ( 'NONE', #1068 ) ;
#189 = PLANE ( 'NONE',  #942 ) ;
#190 = DIRECTION ( 'NONE',  ( 0.000000000000000000, -1.000000000000000000, 0.000000000000000000 ) ) ;
#191 = PLANE ( 'NONE',  #1703 ) ;
#192 = ORIENTED_EDGE ( 'NONE', *, *, #688, .T. ) ;
#193 = VECTOR ( 'NONE', #888, 1000.000000000000000 ) ;
#194 = EDGE_CURVE ( 'NONE', #807, #1182, #1508, .T. ) ;
#195 = CARTESIAN_POINT ( 'NONE',  ( -23.50000000000000000, 1.500000000000004219, 16.89999999999999858 ) ) ;
#196 = EDGE_CURVE ( 'NONE', #825, #1435, #1697, .T. ) ;
#197 = DIRECTION ( 'NONE',  ( 0.000000000000000000, 1.000000000000000000, 0.000000000000000000 ) ) ;
#198 = ORIENTED_EDGE ( 'NONE', *, *, #251, .F. ) ;
#199 = DIRECTION ( 'NONE',  ( 0.000000000000000000, 0.000000000000000000, 1.000000000000000000 ) ) ;
#200 = DIRECTION ( 'NONE',  ( -0.000000000000000000, -0.000000000000000000, -1.000000000000000000 ) ) ;
#201 = ORIENTED_EDGE ( 'NONE', *, *, #1834, .T. ) ;
#202 = LINE ( 'NONE', #1402, #116 ) ;
#203 = VERTEX_POINT ( 'NONE', #161 ) ;
#204 = DIRECTION ( 'NONE',  ( -1.000000000000000000, 0.000000000000000000, 0.000000000000000000 ) ) ;
#205 = EDGE_CURVE ( 'NONE', #1850, #884, #630, .T. ) ;
#206 = CARTESIAN_POINT ( 'NONE',  ( -15.59999999999999787, 81.15000000000004832, 3.499999999999999556 ) ) ;
#207 = ORIENTED_EDGE ( 'NONE', *, *, #155, .F. ) ;
#208 = DIRECTION ( 'NONE',  ( -1.000000000000000000, 1.734723475976807834E-16, -1.445602896647340100E-15 ) ) ;
#209 = ORIENTED_EDGE ( 'NONE', *, *, #752, .F. ) ;
#210 = ORIENTED_EDGE ( 'NONE', *, *, #149, .T. ) ;
#211 = EDGE_CURVE ( 'NONE', #188, #1554, #498, .T. ) ;
#212 = DIRECTION ( 'NONE',  ( -1.734723475976808080E-16, -1.000000000000000000, -0.000000000000000000 ) ) ;
#213 = VERTEX_POINT ( 'NONE', #1058 ) ;
#214 = VECTOR ( 'NONE', #1413, 1000.000000000000000 ) ;
#215 = CARTESIAN_POINT ( 'NONE',  ( -25.00000000000000000, 154.2500000000000000, 2.000000000000000000 ) ) ;
#216 = ADVANCED_FACE ( 'NONE', ( #1080 ), #640, .T. ) ;
#217 = ORIENTED_EDGE ( 'NONE', *, *, #1557, .T. ) ;
#218 = EDGE_CURVE ( 'NONE', #1840, #622, #1851, .T. ) ;
#219 = CARTESIAN_POINT ( 'NONE',  ( -15.59999999999999787, 117.3500000000000227, 3.499999999999999556 ) ) ;
#220 = ORIENTED_EDGE ( 'NONE', *, *, #1912, .T. ) ;
#221 = DIRECTION ( 'NONE',  ( 0.000000000000000000, -5.782411586589358822E-15, -1.000000000000000000 ) ) ;
#222 = VECTOR ( 'NONE', #1808, 1000.000000000000000 ) ;
#223 = ORIENTED_EDGE ( 'NONE', *, *, #384, .F. ) ;
#224 = ORIENTED_EDGE ( 'NONE', *, *, #218, .F. ) ;
#225 = LINE ( 'NONE', #1429, #1441 ) ;
#226 = ORIENTED_EDGE ( 'NONE', *, *, #1404, .T. ) ;
#227 = EDGE_CURVE ( 'NONE', #972, #1550, #464, .T. ) ;
#228 = CARTESIAN_POINT ( 'NONE',  ( -18.37500000000000355, 5.500000000000000000, 1.500000000000000000 ) ) ;
#229 = EDGE_CURVE ( 'NONE', #836, #513, #1679, .T. ) ;
#230 = VERTEX_POINT ( 'NONE', #31 ) ;
#231 = VECTOR ( 'NONE', #1491, 1000.000000000000000 ) ;
#232 = DIRECTION ( 'NONE',  ( 0.000000000000000000, -0.000000000000000000, 1.000000000000000000 ) ) ;
#233 = ORIENTED_EDGE ( 'NONE', *, *, #1191, .F. ) ;
#234 = DIRECTION ( 'NONE',  ( -0.000000000000000000, -0.000000000000000000, -1.000000000000000000 ) ) ;
#235 = EDGE_CURVE ( 'NONE', #1554, #1612, #350, .T. ) ;
#236 = DIRECTION ( 'NONE',  ( 0.000000000000000000, -1.000000000000000000, 0.000000000000000000 ) ) ;
#237 = AXIS2_PLACEMENT_3D ( 'NONE', #171, #639, #160 ) ;
#238 = ORIENTED_EDGE ( 'NONE', *, *, #1085, .F. ) ;
#239 = FACE_OUTER_BOUND ( 'NONE', #1748, .T. ) ;
#240 = ORIENTED_EDGE ( 'NONE', *, *, #1037, .F. ) ;
#241 = ADVANCED_FACE ( 'NONE', ( #1208 ), #339, .T. ) ;
#242 = FACE_OUTER_BOUND ( 'NONE', #961, .T. ) ;
#243 = ORIENTED_EDGE ( 'NONE', *, *, #67, .F. ) ;
#244 = CARTESIAN_POINT ( 'NONE',  ( 0.000000000000000000, 154.2500000000000000, 2.000000000000000000 ) ) ;
#245 = VECTOR ( 'NONE', #1797, 1000.000000000000000 ) ;
#246 = VERTEX_POINT ( 'NONE', #1219 ) ;
#247 = VECTOR ( 'NONE', #200, 1000.000000000000000 ) ;
#248 = CARTESIAN_POINT ( 'NONE',  ( -1.500000000000000000, 113.1375000000000028, 8.800000000000000711 ) ) ;
#249 = ORIENTED_EDGE ( 'NONE', *, *, #1799, .T. ) ;
#250 = CARTESIAN_POINT ( 'NONE',  ( -9.949999999999974420, 154.2500000000000000, 16.89999999999999858 ) ) ;
#251 = EDGE_CURVE ( 'NONE', #1385, #963, #1689, .T. ) ;
#252 = FACE_OUTER_BOUND ( 'NONE', #483, .T. ) ;
#253 = ORIENTED_EDGE ( 'NONE', *, *, #463, .F. ) ;
#254 = EDGE_CURVE ( 'NONE', #1956, #112, #1388, .T. ) ;
#255 = VERTEX_POINT ( 'NONE', #1821 ) ;
#256 = AXIS2_PLACEMENT_3D ( 'NONE', #874, #1477, #118 ) ;
#257 = CARTESIAN_POINT ( 'NONE',  ( 0.000000000000000000, 44.25000000000000000, 1.500000000000000000 ) ) ;
#258 = EDGE_LOOP ( 'NONE', ( #1290, #1754, #1952, #1672 ) ) ;
#259 = DIRECTION ( 'NONE',  ( 3.351362047592146563E-15, -1.000000000000000000, 0.000000000000000000 ) ) ;
#260 = LINE ( 'NONE', #1504, #1288 ) ;
#261 = ORIENTED_EDGE ( 'NONE', *, *, #806, .F. ) ;
#262 = CARTESIAN_POINT ( 'NONE',  ( -9.399999999999998579, 111.1500000000000199, 12.26812408671319510 ) ) ;
#263 = AXIS2_PLACEMENT_3D ( 'NONE', #1658, #595, #885 ) ;
#264 = ORIENTED_EDGE ( 'NONE', *, *, #1473, .T. ) ;
#265 = FACE_OUTER_BOUND ( 'NONE', #1579, .T. ) ;
#266 = CARTESIAN_POINT ( 'NONE',  ( -9.399999999999998579, 81.15000000000004832, 12.26812408671319510 ) ) ;
#267 = ORIENTED_EDGE ( 'NONE', *, *, #930, .T. ) ;
#268 = CARTESIAN_POINT ( 'NONE',  ( -25.00000000000051870, 36.01249999999999574, 16.89999999999999858 ) ) ;
#269 = CARTESIAN_POINT ( 'NONE',  ( -25.00000000000051870, 36.01249999999999574, 16.89999999999999858 ) ) ;
#270 = EDGE_LOOP ( 'NONE', ( #670, #932, #580, #1458 ) ) ;
#271 = VECTOR ( 'NONE', #821, 1000.000000000000000 ) ;
#272 = LINE ( 'NONE', #1488, #1373 ) ;
#273 = LINE ( 'NONE', #851, #386 ) ;
#274 = ORIENTED_EDGE ( 'NONE', *, *, #1639, .F. ) ;
#275 = CARTESIAN_POINT ( 'NONE',  ( -25.00000000000052580, 118.2374999999999972, 16.89999999999999858 ) ) ;
#276 = CARTESIAN_POINT ( 'NONE',  ( -1.500000000000001332, 113.1375000000000028, 16.89999999999999858 ) ) ;
#277 = EDGE_LOOP ( 'NONE', ( #1706, #1104, #223, #1566 ) ) ;
#278 = VECTOR ( 'NONE', #1838, 1000.000000000000000 ) ;
#279 = ADVANCED_FACE ( 'NONE', ( #1669, #39 ), #1254, .T. ) ;
#280 = DIRECTION ( 'NONE',  ( -1.000000000000000000, 0.000000000000000000, 0.000000000000000000 ) ) ;
#281 = VERTEX_POINT ( 'NONE', #1521 ) ;
#282 = ADVANCED_FACE ( 'NONE', ( #359, #770 ), #935, .F. ) ;
#283 = VECTOR ( 'NONE', #822, 1000.000000000000000 ) ;
#284 = CARTESIAN_POINT ( 'NONE',  ( -9.399999999999998579, 0.000000000000000000, 2.000000000000000000 ) ) ;
#285 = CARTESIAN_POINT ( 'NONE',  ( 6.247172917861478915E-15, 113.1375000000000028, 16.89999999999999858 ) ) ;
#286 = EDGE_LOOP ( 'NONE', ( #967, #1001, #997, #1837 ) ) ;
#287 = LINE ( 'NONE', #1947, #614 ) ;
#288 = DIRECTION ( 'NONE',  ( -0.000000000000000000, -5.782411586589358822E-15, -1.000000000000000000 ) ) ;
#289 = EDGE_LOOP ( 'NONE', ( #1540, #1205, #1258, #198 ) ) ;
#290 = VECTOR ( 'NONE', #887, 1000.000000000000000 ) ;
#291 = DIRECTION ( 'NONE',  ( 0.000000000000000000, 1.000000000000000000, 0.000000000000000000 ) ) ;
#292 = CARTESIAN_POINT ( 'NONE',  ( -1.500000000000000000, 1.500000000000000222, 8.800000000000000711 ) ) ;
#293 = EDGE_CURVE ( 'NONE', #1065, #24, #923, .T. ) ;
#294 = CARTESIAN_POINT ( 'NONE',  ( -18.37500000000000355, 0.000000000000000000, 1.500000000000000000 ) ) ;
#295 = CARTESIAN_POINT ( 'NONE',  ( -15.04999999999997584, 154.2500000000000000, 18.09999999999999787 ) ) ;
#296 = CARTESIAN_POINT ( 'NONE',  ( 0.000000000000000000, 144.8500000000000227, 3.499999999999999556 ) ) ;
#297 = CARTESIAN_POINT ( 'NONE',  ( -25.00000000000051870, 154.2500000000000000, 22.00000000000000000 ) ) ;
#298 = DIRECTION ( 'NONE',  ( -0.000000000000000000, -0.000000000000000000, -1.000000000000000000 ) ) ;
#299 = EDGE_CURVE ( 'NONE', #1750, #1435, #21, .T. ) ;
#300 = VERTEX_POINT ( 'NONE', #977 ) ;
#301 = SHAPE_DEFINITION_REPRESENTATION ( #1497, #1406 ) ;
#302 = AXIS2_PLACEMENT_3D ( 'NONE', #831, #987, #669 ) ;
#303 = DIRECTION ( 'NONE',  ( 0.000000000000000000, -0.000000000000000000, 1.000000000000000000 ) ) ;
#304 = DIRECTION ( 'NONE',  ( 0.000000000000000000, 1.000000000000000000, 0.000000000000000000 ) ) ;
#305 = VECTOR ( 'NONE', #1810, 1000.000000000000000 ) ;
#306 = DIRECTION ( 'NONE',  ( -1.000000000000000000, 0.000000000000000000, 0.000000000000000000 ) ) ;
#307 = EDGE_CURVE ( 'NONE', #8, #1595, #1715, .T. ) ;
#308 = DIRECTION ( 'NONE',  ( 0.000000000000000000, 1.000000000000000000, 0.000000000000000000 ) ) ;
#309 = CARTESIAN_POINT ( 'NONE',  ( -23.50000000000000000, 41.11249999999999716, 18.09999999999999787 ) ) ;
#310 = ORIENTED_EDGE ( 'NONE', *, *, #402, .F. ) ;
#311 = APPLICATION_PROTOCOL_DEFINITION ( 'draft international standard', 'automotive_design', 1998, #1186 ) ;
#312 = EDGE_CURVE ( 'NONE', #1770, #112, #554, .T. ) ;
#313 = PLANE ( 'NONE',  #1030 ) ;
#314 = DIRECTION ( 'NONE',  ( 1.000000000000000000, 0.000000000000000000, -0.000000000000000000 ) ) ;
#315 = VECTOR ( 'NONE', #197, 1000.000000000000000 ) ;
#316 = EDGE_LOOP ( 'NONE', ( #1565, #1681, #28, #1631, #636, #996 ) ) ;
#317 = VECTOR ( 'NONE', #190, 1000.000000000000000 ) ;
#318 = LINE ( 'NONE', #911, #1172 ) ;
#319 = DIRECTION ( 'NONE',  ( 1.000000000000000000, 0.000000000000000000, 0.000000000000000000 ) ) ;
#320 = EDGE_CURVE ( 'NONE', #963, #1240, #1731, .T. ) ;
#321 = EDGE_CURVE ( 'NONE', #112, #1805, #537, .T. ) ;
#322 = CARTESIAN_POINT ( 'NONE',  ( -15.04999999999997407, 154.2500000000000000, 16.89999999999999858 ) ) ;
#323 = EDGE_LOOP ( 'NONE', ( #1108, #834, #1528, #1815 ) ) ;
#324 = LINE ( 'NONE', #502, #278 ) ;
#325 = FACE_BOUND ( 'NONE', #1619, .T. ) ;
#326 = VECTOR ( 'NONE', #512, 1000.000000000000000 ) ;
#327 = ORIENTED_EDGE ( 'NONE', *, *, #609, .F. ) ;
#328 = CARTESIAN_POINT ( 'NONE',  ( 0.000000000000000000, 0.000000000000000000, 2.000000000000000000 ) ) ;
#329 = DIRECTION ( 'NONE',  ( 0.000000000000000000, 1.000000000000000000, -0.000000000000000000 ) ) ;
#330 = LINE ( 'NONE', #322, #1892 ) ;
#331 = EDGE_LOOP ( 'NONE', ( #1146, #1721, #336, #694 ) ) ;
#332 = CARTESIAN_POINT ( 'NONE',  ( -15.04999999999997584, 154.2500000000000000, 18.09999999999999787 ) ) ;
#333 = FACE_OUTER_BOUND ( 'NONE', #258, .T. ) ;
#334 = VECTOR ( 'NONE', #212, 1000.000000000000000 ) ;
#335 = CARTESIAN_POINT ( 'NONE',  ( 0.000000000000000000, 138.6500000000000341, 2.000000000000000000 ) ) ;
#336 = ORIENTED_EDGE ( 'NONE', *, *, #67, .T. ) ;
#337 = DIRECTION ( 'NONE',  ( -0.000000000000000000, -0.000000000000000000, -1.000000000000000000 ) ) ;
#338 = AXIS2_PLACEMENT_3D ( 'NONE', #1296, #90, #1434 ) ;
#339 = PLANE ( 'NONE',  #1273 ) ;
#340 = VECTOR ( 'NONE', #684, 1000.000000000000000 ) ;
#341 = ORIENTED_EDGE ( 'NONE', *, *, #1053, .F. ) ;
#342 = CARTESIAN_POINT ( 'NONE',  ( -15.60000000000000142, 53.65000000000002700, 12.26812408671319510 ) ) ;
#343 = CARTESIAN_POINT ( 'NONE',  ( -25.00000000000051870, 41.11249999999999716, 16.89999999999999858 ) ) ;
#344 = ORIENTED_EDGE ( 'NONE', *, *, #1682, .T. ) ;
#345 = ADVANCED_FACE ( 'NONE', ( #385 ), #1877, .F. ) ;
#346 = LINE ( 'NONE', #1859, #790 ) ;
#347 = ADVANCED_FACE ( 'NONE', ( #676 ), #1567, .F. ) ;
#348 = ORIENTED_EDGE ( 'NONE', *, *, #529, .T. ) ;
#349 = VECTOR ( 'NONE', #1856, 1000.000000000000000 ) ;
#350 = LINE ( 'NONE', #945, #895 ) ;
#351 = VECTOR ( 'NONE', #1363, 1000.000000000000000 ) ;
#352 = ORIENTED_EDGE ( 'NONE', *, *, #1771, .F. ) ;
#353 = CARTESIAN_POINT ( 'NONE',  ( -15.59999999999999787, 0.000000000000000000, 12.26812408671319510 ) ) ;
#354 = LINE ( 'NONE', #343, #1547 ) ;
#355 = VERTEX_POINT ( 'NONE', #373 ) ;
#356 = CARTESIAN_POINT ( 'NONE',  ( -15.60000000000000142, 59.85000000000002274, 2.000000000000000000 ) ) ;
#357 = EDGE_CURVE ( 'NONE', #1133, #1319, #1279, .T. ) ;
#358 = ORIENTED_EDGE ( 'NONE', *, *, #641, .T. ) ;
#359 = FACE_BOUND ( 'NONE', #1591, .T. ) ;
#360 = LINE ( 'NONE', #206, #1520 ) ;
#361 = VERTEX_POINT ( 'NONE', #969 ) ;
#362 = LINE ( 'NONE', #664, #84 ) ;
#363 = ADVANCED_FACE ( 'NONE', ( #1560 ), #1443, .T. ) ;
#364 = ORIENTED_EDGE ( 'NONE', *, *, #1910, .F. ) ;
#365 = CARTESIAN_POINT ( 'NONE',  ( -25.00000000000051870, 36.01250000000000284, 18.09999999999999787 ) ) ;
#366 = EDGE_CURVE ( 'NONE', #1783, #843, #695, .T. ) ;
#367 = EDGE_CURVE ( 'NONE', #300, #1899, #1145, .T. ) ;
#368 = CARTESIAN_POINT ( 'NONE',  ( -23.50000000000000000, 36.01250000000000284, 18.09999999999999787 ) ) ;
#369 = VECTOR ( 'NONE', #1578, 1000.000000000000000 ) ;
#370 = LINE ( 'NONE', #1132, #1832 ) ;
#371 = ORIENTED_EDGE ( 'NONE', *, *, #643, .T. ) ;
#372 = ORIENTED_EDGE ( 'NONE', *, *, #1486, .T. ) ;
#373 = CARTESIAN_POINT ( 'NONE',  ( -25.00000000000051870, 36.01249999999999574, 16.89999999999999858 ) ) ;
#374 = VECTOR ( 'NONE', #410, 1000.000000000000000 ) ;
#375 = PRODUCT ( 'Buttons_Trotten', 'Buttons_Trotten', '', ( #1236 ) ) ;
#376 = EDGE_CURVE ( 'NONE', #842, #1128, #1415, .T. ) ;
#377 = ORIENTED_EDGE ( 'NONE', *, *, #529, .F. ) ;
#378 = VECTOR ( 'NONE', #902, 1000.000000000000000 ) ;
#379 = EDGE_CURVE ( 'NONE', #578, #1436, #1749, .T. ) ;
#380 = FACE_OUTER_BOUND ( 'NONE', #1514, .T. ) ;
#381 = ORIENTED_EDGE ( 'NONE', *, *, #1007, .F. ) ;
#382 = FACE_OUTER_BOUND ( 'NONE', #909, .T. ) ;
#383 = ORIENTED_EDGE ( 'NONE', *, *, #1007, .T. ) ;
#384 = EDGE_CURVE ( 'NONE', #1608, #1907, #1289, .T. ) ;
#385 = FACE_OUTER_BOUND ( 'NONE', #1493, .T. ) ;
#386 = VECTOR ( 'NONE', #1453, 1000.000000000000000 ) ;
#387 = ORIENTED_EDGE ( 'NONE', *, *, #549, .F. ) ;
#388 = ORIENTED_EDGE ( 'NONE', *, *, #1179, .F. ) ;
#389 = DIRECTION ( 'NONE',  ( -1.000000000000000000, -5.406930314732904935E-16, 0.000000000000000000 ) ) ;
#390 = VERTEX_POINT ( 'NONE', #69 ) ;
#391 = EDGE_CURVE ( 'NONE', #406, #281, #1270, .T. ) ;
#392 = DIRECTION ( 'NONE',  ( 1.000000000000000000, -1.734723475976807341E-16, -0.000000000000000000 ) ) ;
#393 = ORIENTED_EDGE ( 'NONE', *, *, #1836, .T. ) ;
#394 = VECTOR ( 'NONE', #805, 1000.000000000000000 ) ;
#395 = DIRECTION ( 'NONE',  ( 1.000000000000000000, 0.000000000000000000, -0.000000000000000000 ) ) ;
#396 = ORIENTED_EDGE ( 'NONE', *, *, #631, .F. ) ;
#397 = ORIENTED_EDGE ( 'NONE', *, *, #1668, .T. ) ;
#398 = DIRECTION ( 'NONE',  ( 0.000000000000000000, 0.000000000000000000, 1.000000000000000000 ) ) ;
#399 = ORIENTED_EDGE ( 'NONE', *, *, #1809, .F. ) ;
#400 = CARTESIAN_POINT ( 'NONE',  ( -15.04999999999997407, 154.2500000000000000, 16.89999999999999858 ) ) ;
#401 = ORIENTED_EDGE ( 'NONE', *, *, #1387, .F. ) ;
#402 = EDGE_CURVE ( 'NONE', #164, #1506, #1594, .T. ) ;
#403 = ADVANCED_FACE ( 'NONE', ( #242 ), #1115, .F. ) ;
#404 = DIRECTION ( 'NONE',  ( 1.000000000000000000, -1.734723475976807834E-16, 0.000000000000000000 ) ) ;
#405 = ORIENTED_EDGE ( 'NONE', *, *, #1455, .F. ) ;
#406 = VERTEX_POINT ( 'NONE', #1405 ) ;
#407 = DIRECTION ( 'NONE',  ( -1.000000000000000000, 0.000000000000000000, 0.000000000000000000 ) ) ;
#408 = AXIS2_PLACEMENT_3D ( 'NONE', #94, #1431, #77 ) ;
#409 = ORIENTED_EDGE ( 'NONE', *, *, #1549, .T. ) ;
#410 = DIRECTION ( 'NONE',  ( 1.000000000000000000, -1.734723475976807341E-16, -0.000000000000000000 ) ) ;
#411 = VERTEX_POINT ( 'NONE', #50 ) ;
#412 = EDGE_CURVE ( 'NONE', #1438, #1550, #661, .T. ) ;
#413 = LINE ( 'NONE', #262, #1020 ) ;
#414 = VERTEX_POINT ( 'NONE', #1475 ) ;
#415 = DIRECTION ( 'NONE',  ( 1.000000000000000000, 0.000000000000000000, -0.000000000000000000 ) ) ;
#416 = VECTOR ( 'NONE', #1649, 1000.000000000000000 ) ;
#417 = CARTESIAN_POINT ( 'NONE',  ( -23.50000000000000000, 42.24999999999989342, 1.499999999999999556 ) ) ;
#418 = ORIENTED_EDGE ( 'NONE', *, *, #19, .F. ) ;
#419 = CARTESIAN_POINT ( 'NONE',  ( -23.50000000000051870, 154.2499999999998863, 3.500000000000000000 ) ) ;
#420 = LINE ( 'NONE', #1036, #721 ) ;
#421 = VERTEX_POINT ( 'NONE', #96 ) ;
#422 = FACE_OUTER_BOUND ( 'NONE', #925, .T. ) ;
#423 = CARTESIAN_POINT ( 'NONE',  ( -15.05000000000000249, 2.610758831345095860E-15, 18.09999999999999787 ) ) ;
#424 = VECTOR ( 'NONE', #329, 1000.000000000000000 ) ;
#425 = EDGE_LOOP ( 'NONE', ( #809, #1925, #598, #675 ) ) ;
#426 = CARTESIAN_POINT ( 'NONE',  ( 7.131881890609651322E-15, 118.2374999999999972, 16.89999999999999858 ) ) ;
#427 = DIRECTION ( 'NONE',  ( 0.000000000000000000, 0.000000000000000000, -1.000000000000000000 ) ) ;
#428 = ADVANCED_FACE ( 'NONE', ( #1945 ), #571, .F. ) ;
#429 = VERTEX_POINT ( 'NONE', #1768 ) ;
#430 = CARTESIAN_POINT ( 'NONE',  ( -23.50000000000000000, 1.500000000000004219, 16.89999999999999858 ) ) ;
#431 = DIRECTION ( 'NONE',  ( 0.000000000000000000, 1.000000000000000000, 0.000000000000000000 ) ) ;
#432 = VECTOR ( 'NONE', #1624, 1000.000000000000000 ) ;
#433 = DIRECTION ( 'NONE',  ( 0.000000000000000000, 1.000000000000000000, -0.000000000000000000 ) ) ;
#434 = DIRECTION ( 'NONE',  ( 0.000000000000000000, 1.000000000000000000, -0.000000000000000000 ) ) ;
#435 = EDGE_LOOP ( 'NONE', ( #396, #871, #1445, #542 ) ) ;
#436 = DIRECTION ( 'NONE',  ( 0.000000000000000000, -0.000000000000000000, 1.000000000000000000 ) ) ;
#437 = CARTESIAN_POINT ( 'NONE',  ( 4.008175741568163808, 152.7500000000000284, 3.500000000000000000 ) ) ;
#438 = EDGE_CURVE ( 'NONE', #1239, #1385, #1163, .T. ) ;
#439 = EDGE_LOOP ( 'NONE', ( #1818, #1138, #1527, #1202 ) ) ;
#440 = ADVANCED_FACE ( 'NONE', ( #422 ), #1452, .T. ) ;
#441 = VECTOR ( 'NONE', #939, 1000.000000000000000 ) ;
#442 = PLANE ( 'NONE',  #1380 ) ;
#443 = AXIS2_PLACEMENT_3D ( 'NONE', #492, #314, #1693 ) ;
#444 = DIRECTION ( 'NONE',  ( -1.000000000000000000, 0.000000000000000000, -0.000000000000000000 ) ) ;
#445 = EDGE_CURVE ( 'NONE', #1828, #1770, #738, .T. ) ;
#446 = CARTESIAN_POINT ( 'NONE',  ( -1.500000000000000000, 118.2374999999999972, 16.89999999999999858 ) ) ;
#447 = CARTESIAN_POINT ( 'NONE',  ( -1.500000000000000000, 152.7500000000000000, 22.00000000000000000 ) ) ;
#448 = CARTESIAN_POINT ( 'NONE',  ( -27.82842712474619518, 44.25000000000000000, 3.500000000000000000 ) ) ;
#449 = CARTESIAN_POINT ( 'NONE',  ( -9.399999999999998579, 87.35000000000003695, 2.000000000000000000 ) ) ;
#450 = ORIENTED_EDGE ( 'NONE', *, *, #609, .T. ) ;
#451 = AXIS2_PLACEMENT_3D ( 'NONE', #1019, #1511, #905 ) ;
#452 = LINE ( 'NONE', #1194, #1726 ) ;
#453 = CARTESIAN_POINT ( 'NONE',  ( -15.04999999999997584, 154.2500000000000000, 18.09999999999999787 ) ) ;
#454 = CARTESIAN_POINT ( 'NONE',  ( -1.500000000000001332, 113.1375000000000028, 18.09999999999999787 ) ) ;
#455 = DIRECTION ( 'NONE',  ( -1.734723475976808080E-16, -1.000000000000000000, -0.000000000000000000 ) ) ;
#456 = CARTESIAN_POINT ( 'NONE',  ( -23.50000000000000000, 41.11249999999999716, 16.89999999999999858 ) ) ;
#457 = DIRECTION ( 'NONE',  ( 0.000000000000000000, 1.000000000000000000, -0.000000000000000000 ) ) ;
#458 = ORIENTED_EDGE ( 'NONE', *, *, #558, .T. ) ;
#459 = CARTESIAN_POINT ( 'NONE',  ( -15.60000000000000142, 59.85000000000001563, 3.500000000000000000 ) ) ;
#460 = DIRECTION ( 'NONE',  ( 0.000000000000000000, 1.000000000000000000, -0.000000000000000000 ) ) ;
#461 = ADVANCED_FACE ( 'NONE', ( #1305 ), #893, .T. ) ;
#462 = FACE_OUTER_BOUND ( 'NONE', #960, .T. ) ;
#463 = EDGE_CURVE ( 'NONE', #884, #1294, #748, .T. ) ;
#464 = LINE ( 'NONE', #654, #1688 ) ;
#465 = CARTESIAN_POINT ( 'NONE',  ( -25.00000000000051870, 36.01249999999999574, 16.89999999999999858 ) ) ;
#466 = LINE ( 'NONE', #764, #506 ) ;
#467 = ORIENTED_EDGE ( 'NONE', *, *, #366, .T. ) ;
#468 = LINE ( 'NONE', #1503, #1944 ) ;
#469 = DIRECTION ( 'NONE',  ( 1.000000000000000000, -0.000000000000000000, -0.000000000000000000 ) ) ;
#470 =( GEOMETRIC_REPRESENTATION_CONTEXT ( 3 ) GLOBAL_UNCERTAINTY_ASSIGNED_CONTEXT ( ( #1042 ) ) GLOBAL_UNIT_ASSIGNED_CONTEXT ( ( #61, #1568, #521 ) ) REPRESENTATION_CONTEXT ( 'NONE', 'WORKASPACE' ) );
#471 = ORIENTED_EDGE ( 'NONE', *, *, #1716, .T. ) ;
#472 = VECTOR ( 'NONE', #1460, 1000.000000000000000 ) ;
#473 = ORIENTED_EDGE ( 'NONE', *, *, #1096, .F. ) ;
#474 = VECTOR ( 'NONE', #787, 1000.000000000000000 ) ;
#475 = DIRECTION ( 'NONE',  ( 0.000000000000000000, -5.782411586589358822E-15, -1.000000000000000000 ) ) ;
#476 = DIRECTION ( 'NONE',  ( 0.000000000000000000, 0.000000000000000000, 1.000000000000000000 ) ) ;
#477 = ORIENTED_EDGE ( 'NONE', *, *, #953, .T. ) ;
#478 = CARTESIAN_POINT ( 'NONE',  ( 0.000000000000000000, 41.11249999999999716, 16.89999999999999858 ) ) ;
#479 = PLANE ( 'NONE',  #540 ) ;
#480 = ORIENTED_EDGE ( 'NONE', *, *, #1682, .F. ) ;
#481 = VECTOR ( 'NONE', #1762, 1000.000000000000000 ) ;
#482 = DIRECTION ( 'NONE',  ( 1.000000000000000000, -1.734723475976807587E-16, 0.000000000000000000 ) ) ;
#483 = EDGE_LOOP ( 'NONE', ( #371, #1229, #85, #1044 ) ) ;
#484 = FACE_BOUND ( 'NONE', #435, .T. ) ;
#485 = CARTESIAN_POINT ( 'NONE',  ( 0.000000000000000000, 44.25000000000000000, 2.000000000000000000 ) ) ;
#486 = FACE_OUTER_BOUND ( 'NONE', #89, .T. ) ;
#487 = PLANE ( 'NONE',  #148 ) ;
#488 = EDGE_CURVE ( 'NONE', #1403, #1640, #1324, .T. ) ;
#489 = ORIENTED_EDGE ( 'NONE', *, *, #379, .T. ) ;
#490 = EDGE_CURVE ( 'NONE', #361, #1185, #1153, .T. ) ;
#491 = DIRECTION ( 'NONE',  ( 0.000000000000000000, 0.000000000000000000, -1.000000000000000000 ) ) ;
#492 = CARTESIAN_POINT ( 'NONE',  ( -1.500000000000000000, 42.24999999999999289, 8.800000000000000711 ) ) ;
#493 = VECTOR ( 'NONE', #1641, 1000.000000000000000 ) ;
#494 = ORIENTED_EDGE ( 'NONE', *, *, #1387, .T. ) ;
#495 = CARTESIAN_POINT ( 'NONE',  ( -1.500000000000000000, 152.7500000000000000, 22.00000000000000000 ) ) ;
#496 = ORIENTED_EDGE ( 'NONE', *, *, #652, .T. ) ;
#497 = CARTESIAN_POINT ( 'NONE',  ( -25.00000000000052580, 113.1375000000000028, 16.89999999999999858 ) ) ;
#498 = LINE ( 'NONE', #485, #1620 ) ;
#499 = CARTESIAN_POINT ( 'NONE',  ( -27.82842712474619518, 42.24999999999999289, 1.500000000000000222 ) ) ;
#500 = ORIENTED_EDGE ( 'NONE', *, *, #1814, .T. ) ;
#501 = EDGE_CURVE ( 'NONE', #255, #411, #1038, .T. ) ;
#502 = CARTESIAN_POINT ( 'NONE',  ( -25.00000000000051870, 41.11249999999999716, 16.89999999999999858 ) ) ;
#503 = CARTESIAN_POINT ( 'NONE',  ( -9.400000000000009237, 138.6500000000000341, 12.26812408671319510 ) ) ;
#504 = ORIENTED_EDGE ( 'NONE', *, *, #1737, .T. ) ;
#505 = DIRECTION ( 'NONE',  ( -0.000000000000000000, -0.000000000000000000, -1.000000000000000000 ) ) ;
#506 = VECTOR ( 'NONE', #1359, 1000.000000000000000 ) ;
#507 = ORIENTED_EDGE ( 'NONE', *, *, #1878, .F. ) ;
#508 = VECTOR ( 'NONE', #837, 1000.000000000000000 ) ;
#509 = DIRECTION ( 'NONE',  ( -0.000000000000000000, 0.000000000000000000, 1.000000000000000000 ) ) ;
#510 = VECTOR ( 'NONE', #673, 1000.000000000000000 ) ;
#511 = EDGE_CURVE ( 'NONE', #700, #744, #272, .T. ) ;
#512 = DIRECTION ( 'NONE',  ( 1.000000000000000000, -0.000000000000000000, -0.000000000000000000 ) ) ;
#513 = VERTEX_POINT ( 'NONE', #994 ) ;
#514 = CARTESIAN_POINT ( 'NONE',  ( -9.950000000000002842, 1.726049858596924045E-15, 18.09999999999999787 ) ) ;
#515 = DIRECTION ( 'NONE',  ( 1.445602896647339706E-15, -3.209883240645394110E-31, -1.000000000000000000 ) ) ;
#516 = ORIENTED_EDGE ( 'NONE', *, *, #211, .F. ) ;
#517 = VECTOR ( 'NONE', #1773, 1000.000000000000000 ) ;
#518 = ADVANCED_FACE ( 'NONE', ( #128 ), #872, .F. ) ;
#519 = CARTESIAN_POINT ( 'NONE',  ( -15.59999999999999787, 87.35000000000003695, 12.26812408671319510 ) ) ;
#520 = ORIENTED_EDGE ( 'NONE', *, *, #129, .F. ) ;
#521 =( NAMED_UNIT ( * ) SI_UNIT ( $, .STERADIAN. ) SOLID_ANGLE_UNIT ( ) );
#522 = CARTESIAN_POINT ( 'NONE',  ( 0.000000000000000000, 0.000000000000000000, 0.000000000000000000 ) ) ;
#523 = PLANE ( 'NONE',  #763 ) ;
#524 = ORIENTED_EDGE ( 'NONE', *, *, #205, .F. ) ;
#525 = VECTOR ( 'NONE', #1231, 1000.000000000000000 ) ;
#526 = VERTEX_POINT ( 'NONE', #1604 ) ;
#527 = ADVANCED_FACE ( 'NONE', ( #1781 ), #1758, .F. ) ;
#528 = CARTESIAN_POINT ( 'NONE',  ( -15.04999999999995630, 152.7500000000000284, 3.499999999999972466 ) ) ;
#529 = EDGE_CURVE ( 'NONE', #1182, #659, #1790, .T. ) ;
#530 = ORIENTED_EDGE ( 'NONE', *, *, #1105, .T. ) ;
#531 = VECTOR ( 'NONE', #1913, 1000.000000000000000 ) ;
#532 = DIRECTION ( 'NONE',  ( -1.000000000000000000, 1.774149009521734663E-16, 0.000000000000000000 ) ) ;
#533 = ORIENTED_EDGE ( 'NONE', *, *, #1034, .F. ) ;
#534 = EDGE_CURVE ( 'NONE', #179, #744, #140, .T. ) ;
#535 = CARTESIAN_POINT ( 'NONE',  ( -25.00000000000052580, 113.1375000000000028, 18.09999999999999787 ) ) ;
#536 = VERTEX_POINT ( 'NONE', #704 ) ;
#537 = LINE ( 'NONE', #1137, #674 ) ;
#538 = AXIS2_PLACEMENT_3D ( 'NONE', #1534, #45, #1382 ) ;
#539 = EDGE_LOOP ( 'NONE', ( #557, #1866, #615, #941 ) ) ;
#540 = AXIS2_PLACEMENT_3D ( 'NONE', #1075, #928, #482 ) ;
#541 = DIRECTION ( 'NONE',  ( 0.000000000000000000, 0.000000000000000000, 1.000000000000000000 ) ) ;
#542 = ORIENTED_EDGE ( 'NONE', *, *, #873, .F. ) ;
#543 = LINE ( 'NONE', #983, #1854 ) ;
#544 = ORIENTED_EDGE ( 'NONE', *, *, #127, .F. ) ;
#545 = DIRECTION ( 'NONE',  ( -0.000000000000000000, -0.000000000000000000, -1.000000000000000000 ) ) ;
#546 = AXIS2_PLACEMENT_3D ( 'NONE', #716, #1315, #1801 ) ;
#547 = ORIENTED_EDGE ( 'NONE', *, *, #1300, .F. ) ;
#548 = DIRECTION ( 'NONE',  ( -1.000000000000000000, 0.000000000000000000, 0.000000000000000000 ) ) ;
#549 = EDGE_CURVE ( 'NONE', #1010, #1640, #413, .T. ) ;
#550 = ORIENTED_EDGE ( 'NONE', *, *, #776, .T. ) ;
#551 = ADVANCED_FACE ( 'NONE', ( #715 ), #1541, .F. ) ;
#552 = DIRECTION ( 'NONE',  ( -1.000000000000000000, 0.000000000000000000, -0.000000000000000000 ) ) ;
#553 = VERTEX_POINT ( 'NONE', #1355 ) ;
#554 = LINE ( 'NONE', #962, #394 ) ;
#555 = CARTESIAN_POINT ( 'NONE',  ( -15.04999999999997584, 154.2500000000000000, 18.09999999999999787 ) ) ;
#556 = CARTESIAN_POINT ( 'NONE',  ( -15.59999999999999787, 87.35000000000003695, 2.000000000000000000 ) ) ;
#557 = ORIENTED_EDGE ( 'NONE', *, *, #1463, .T. ) ;
#558 = EDGE_CURVE ( 'NONE', #622, #836, #620, .T. ) ;
#559 = DIRECTION ( 'NONE',  ( 1.000000000000000000, -0.000000000000000000, -0.000000000000000000 ) ) ;
#560 = ORIENTED_EDGE ( 'NONE', *, *, #80, .T. ) ;
#561 = DIRECTION ( 'NONE',  ( 0.000000000000000000, -1.000000000000000000, 0.000000000000000000 ) ) ;
#562 = EDGE_LOOP ( 'NONE', ( #209, #1123, #862, #71 ) ) ;
#563 = CARTESIAN_POINT ( 'NONE',  ( -25.00000000000052580, 118.2374999999999972, 16.89999999999999858 ) ) ;
#564 = ADVANCED_FACE ( 'NONE', ( #462 ), #1507, .T. ) ;
#565 = CARTESIAN_POINT ( 'NONE',  ( -15.59999999999999787, 117.3500000000000227, 12.26812408671319510 ) ) ;
#566 = STYLED_ITEM ( 'NONE', ( #1495 ), #712 ) ;
#567 = ORIENTED_EDGE ( 'NONE', *, *, #1096, .T. ) ;
#568 = CARTESIAN_POINT ( 'NONE',  ( -23.50000000000000000, 1.500000000000004219, 1.500000000000000000 ) ) ;
#569 = DIRECTION ( 'NONE',  ( 0.000000000000000000, -0.000000000000000000, 1.000000000000000000 ) ) ;
#570 = EDGE_LOOP ( 'NONE', ( #602, #1739, #889, #352 ) ) ;
#571 = PLANE ( 'NONE',  #11 ) ;
#572 = EDGE_CURVE ( 'NONE', #1077, #1666, #922, .T. ) ;
#573 = LINE ( 'NONE', #423, #1071 ) ;
#574 = EDGE_LOOP ( 'NONE', ( #849, #1548, #1855, #504 ) ) ;
#575 = CARTESIAN_POINT ( 'NONE',  ( -25.00000000000052580, 118.2374999999999972, 18.09999999999999787 ) ) ;
#576 = VECTOR ( 'NONE', #1501, 1000.000000000000000 ) ;
#577 = PLANE ( 'NONE',  #451 ) ;
#578 = VERTEX_POINT ( 'NONE', #759 ) ;
#579 = DIRECTION ( 'NONE',  ( 0.000000000000000000, 0.000000000000000000, 1.000000000000000000 ) ) ;
#580 = ORIENTED_EDGE ( 'NONE', *, *, #1836, .F. ) ;
#581 = DIRECTION ( 'NONE',  ( 0.000000000000000000, 1.000000000000000000, 0.000000000000000000 ) ) ;
#582 = EDGE_CURVE ( 'NONE', #1436, #1319, #791, .T. ) ;
#583 = CARTESIAN_POINT ( 'NONE',  ( 0.000000000000000000, 113.1375000000000028, 16.89999999999999858 ) ) ;
#584 = EDGE_LOOP ( 'NONE', ( #1106, #372, #823, #1139 ) ) ;
#585 = EDGE_CURVE ( 'NONE', #1010, #1890, #151, .T. ) ;
#586 = DIRECTION ( 'NONE',  ( -0.000000000000000000, -0.000000000000000000, -1.000000000000000000 ) ) ;
#587 = LINE ( 'NONE', #1927, #1162 ) ;
#588 = ORIENTED_EDGE ( 'NONE', *, *, #873, .T. ) ;
#589 = CARTESIAN_POINT ( 'NONE',  ( -23.50000000000000000, 36.01249999999999574, 16.89999999999999858 ) ) ;
#590 = CARTESIAN_POINT ( 'NONE',  ( -6.625000000000000888, 0.000000000000000000, 0.000000000000000000 ) ) ;
#591 = ORIENTED_EDGE ( 'NONE', *, *, #1900, .F. ) ;
#592 = EDGE_CURVE ( 'NONE', #553, #230, #779, .T. ) ;
#593 = DIRECTION ( 'NONE',  ( 0.000000000000000000, -1.000000000000000000, 5.782411586589358822E-15 ) ) ;
#594 = CARTESIAN_POINT ( 'NONE',  ( -25.00000000000051870, 41.11249999999999716, 16.89999999999999858 ) ) ;
#595 = DIRECTION ( 'NONE',  ( 1.000000000000000000, -1.734723475976807834E-16, 1.445602896647340100E-15 ) ) ;
#596 = FACE_OUTER_BOUND ( 'NONE', #1654, .T. ) ;
#597 = CARTESIAN_POINT ( 'NONE',  ( 0.000000000000000000, 5.500000000000000000, 1.500000000000000000 ) ) ;
#598 = ORIENTED_EDGE ( 'NONE', *, *, #1799, .F. ) ;
#599 = VECTOR ( 'NONE', #1022, 1000.000000000000000 ) ;
#600 = FACE_OUTER_BOUND ( 'NONE', #562, .T. ) ;
#601 = DIRECTION ( 'NONE',  ( 0.000000000000000000, -1.000000000000000000, 0.000000000000000000 ) ) ;
#602 = ORIENTED_EDGE ( 'NONE', *, *, #1325, .F. ) ;
#603 = VECTOR ( 'NONE', #1260, 1000.000000000000000 ) ;
#604 = DIRECTION ( 'NONE',  ( 0.000000000000000000, 5.782411586589358822E-15, -1.000000000000000000 ) ) ;
#605 = LINE ( 'NONE', #296, #1844 ) ;
#606 = LINE ( 'NONE', #1803, #1266 ) ;
#607 = CARTESIAN_POINT ( 'NONE',  ( -15.05000000000000071, 1.500000000000056843, 16.89999999999999858 ) ) ;
#608 = ORIENTED_EDGE ( 'NONE', *, *, #169, .T. ) ;
#609 = EDGE_CURVE ( 'NONE', #1666, #35, #318, .T. ) ;
#610 = DIRECTION ( 'NONE',  ( -1.734723475976808080E-16, -1.000000000000000000, -0.000000000000000000 ) ) ;
#611 = EDGE_CURVE ( 'NONE', #361, #1506, #1057, .T. ) ;
#612 = CARTESIAN_POINT ( 'NONE',  ( -23.50000000000000000, 1.500000000000004219, 22.00000000000000000 ) ) ;
#613 = CARTESIAN_POINT ( 'NONE',  ( -9.949999999999954881, 152.7500000000000284, 3.499999999999979572 ) ) ;
#614 = VECTOR ( 'NONE', #1792, 1000.000000000000000 ) ;
#615 = ORIENTED_EDGE ( 'NONE', *, *, #1112, .T. ) ;
#616 = DIRECTION ( 'NONE',  ( 1.000000000000000000, -1.734723475976807834E-16, 0.000000000000000000 ) ) ;
#617 = CARTESIAN_POINT ( 'NONE',  ( -6.625000000000000888, 5.500000000000000000, 1.500000000000000000 ) ) ;
#618 = ORIENTED_EDGE ( 'NONE', *, *, #936, .F. ) ;
#619 = AXIS2_PLACEMENT_3D ( 'NONE', #1499, #1187, #444 ) ;
#620 = LINE ( 'NONE', #497, #832 ) ;
#621 = DIRECTION ( 'NONE',  ( 0.000000000000000000, -0.000000000000000000, -1.000000000000000000 ) ) ;
#622 = VERTEX_POINT ( 'NONE', #1677 ) ;
#623 = CARTESIAN_POINT ( 'NONE',  ( -23.50000000000000000, 113.1375000000000028, 18.09999999999999787 ) ) ;
#624 = CARTESIAN_POINT ( 'NONE',  ( -25.00000000000000000, 0.000000000000000000, 0.000000000000000000 ) ) ;
#625 = VECTOR ( 'NONE', #1342, 1000.000000000000000 ) ;
#626 = FACE_OUTER_BOUND ( 'NONE', #1427, .T. ) ;
#627 = ORIENTED_EDGE ( 'NONE', *, *, #572, .F. ) ;
#628 = VECTOR ( 'NONE', #919, 1000.000000000000000 ) ;
#629 = FACE_OUTER_BOUND ( 'NONE', #539, .T. ) ;
#630 = LINE ( 'NONE', #185, #1081 ) ;
#631 = EDGE_CURVE ( 'NONE', #729, #975, #1519, .T. ) ;
#632 = LINE ( 'NONE', #1561, #1419 ) ;
#633 = ORIENTED_EDGE ( 'NONE', *, *, #688, .F. ) ;
#634 = DIRECTION ( 'NONE',  ( -1.445602896647340100E-15, 0.000000000000000000, 1.000000000000000000 ) ) ;
#635 = CARTESIAN_POINT ( 'NONE',  ( -18.37500000000000355, 35.75000000000000000, 0.000000000000000000 ) ) ;
#636 = ORIENTED_EDGE ( 'NONE', *, *, #953, .F. ) ;
#637 = VECTOR ( 'NONE', #1220, 1000.000000000000000 ) ;
#638 = ORIENTED_EDGE ( 'NONE', *, *, #149, .F. ) ;
#639 = DIRECTION ( 'NONE',  ( 1.734723475976807341E-16, 1.000000000000000000, -0.000000000000000000 ) ) ;
#640 = PLANE ( 'NONE',  #739 ) ;
#641 = EDGE_CURVE ( 'NONE', #536, #819, #1819, .T. ) ;
#642 = DIRECTION ( 'NONE',  ( -1.000000000000000000, 0.000000000000000000, 0.000000000000000000 ) ) ;
#643 = EDGE_CURVE ( 'NONE', #843, #1360, #1241, .T. ) ;
#644 = LINE ( 'NONE', #947, #315 ) ;
#645 = ORIENTED_EDGE ( 'NONE', *, *, #1361, .T. ) ;
#646 = ADVANCED_FACE ( 'NONE', ( #1656, #1687, #1831, #484, #629 ), #934, .T. ) ;
#647 = FACE_OUTER_BOUND ( 'NONE', #1251, .T. ) ;
#648 = FACE_BOUND ( 'NONE', #1235, .T. ) ;
#649 = VECTOR ( 'NONE', #91, 1000.000000000000000 ) ;
#650 = EDGE_LOOP ( 'NONE', ( #547, #1414, #409, #489 ) ) ;
#651 = EDGE_LOOP ( 'NONE', ( #1887, #970, #1943, #1868, #717, #17 ) ) ;
#652 = EDGE_CURVE ( 'NONE', #1907, #246, #1365, .T. ) ;
#653 = AXIS2_PLACEMENT_3D ( 'NONE', #1386, #29, #475 ) ;
#654 = CARTESIAN_POINT ( 'NONE',  ( -5.181040781584060153E-13, 154.2500000000000000, 22.00000000000000000 ) ) ;
#655 = CARTESIAN_POINT ( 'NONE',  ( -25.00000000000051870, 41.11249999999999716, 18.09999999999999787 ) ) ;
#656 = ORIENTED_EDGE ( 'NONE', *, *, #703, .T. ) ;
#657 = LINE ( 'NONE', #927, #20 ) ;
#658 = ORIENTED_EDGE ( 'NONE', *, *, #1571, .T. ) ;
#659 = VERTEX_POINT ( 'NONE', #736 ) ;
#660 = VECTOR ( 'NONE', #559, 1000.000000000000000 ) ;
#661 = LINE ( 'NONE', #1313, #531 ) ;
#662 = ORIENTED_EDGE ( 'NONE', *, *, #1759, .F. ) ;
#663 = ORIENTED_EDGE ( 'NONE', *, *, #1822, .F. ) ;
#664 = CARTESIAN_POINT ( 'NONE',  ( 0.000000000000000000, 154.2500000000000000, 1.500000000000000000 ) ) ;
#665 = ADVANCED_FACE ( 'NONE', ( #1653 ), #1023, .F. ) ;
#666 = ADVANCED_FACE ( 'NONE', ( #1807, #1160 ), #1204, .F. ) ;
#667 = ORIENTED_EDGE ( 'NONE', *, *, #915, .T. ) ;
#668 = VECTOR ( 'NONE', #288, 1000.000000000000000 ) ;
#669 = DIRECTION ( 'NONE',  ( 0.000000000000000000, 0.000000000000000000, 1.000000000000000000 ) ) ;
#670 = ORIENTED_EDGE ( 'NONE', *, *, #910, .T. ) ;
#671 = DIRECTION ( 'NONE',  ( 1.000000000000000000, 0.000000000000000000, -0.000000000000000000 ) ) ;
#672 = ORIENTED_EDGE ( 'NONE', *, *, #926, .F. ) ;
#673 = DIRECTION ( 'NONE',  ( -0.000000000000000000, -0.000000000000000000, -1.000000000000000000 ) ) ;
#674 = VECTOR ( 'NONE', #1740, 1000.000000000000000 ) ;
#675 = ORIENTED_EDGE ( 'NONE', *, *, #1769, .F. ) ;
#676 = FACE_OUTER_BOUND ( 'NONE', #1312, .T. ) ;
#677 = DIRECTION ( 'NONE',  ( 0.000000000000000000, 1.000000000000000000, -0.000000000000000000 ) ) ;
#678 = ORIENTED_EDGE ( 'NONE', *, *, #307, .T. ) ;
#679 = AXIS2_PLACEMENT_3D ( 'NONE', #1425, #204, #840 ) ;
#680 = LINE ( 'NONE', #1448, #1356 ) ;
#681 = ORIENTED_EDGE ( 'NONE', *, *, #534, .F. ) ;
#682 = CARTESIAN_POINT ( 'NONE',  ( -25.00000000000051870, 154.2500000000000000, 22.00000000000000000 ) ) ;
#683 = ORIENTED_EDGE ( 'NONE', *, *, #490, .T. ) ;
#684 = DIRECTION ( 'NONE',  ( -0.000000000000000000, -0.000000000000000000, -1.000000000000000000 ) ) ;
#685 = AXIS2_PLACEMENT_3D ( 'NONE', #342, #166, #1084 ) ;
#686 = EDGE_CURVE ( 'NONE', #1825, #1676, #1634, .T. ) ;
#687 = ORIENTED_EDGE ( 'NONE', *, *, #1592, .T. ) ;
#688 = EDGE_CURVE ( 'NONE', #1580, #536, #1942, .T. ) ;
#689 = ORIENTED_EDGE ( 'NONE', *, *, #438, .T. ) ;
#690 = AXIS2_PLACEMENT_3D ( 'NONE', #328, #769, #306 ) ;
#691 = DIRECTION ( 'NONE',  ( -0.000000000000000000, -0.000000000000000000, -1.000000000000000000 ) ) ;
#692 = EDGE_LOOP ( 'NONE', ( #1472, #1776, #1267, #1352, #1222, #397 ) ) ;
#693 = CARTESIAN_POINT ( 'NONE',  ( 0.000000000000000000, 111.1500000000000199, 2.000000000000000000 ) ) ;
#694 = ORIENTED_EDGE ( 'NONE', *, *, #1397, .F. ) ;
#695 = LINE ( 'NONE', #1896, #271 ) ;
#696 = DIRECTION ( 'NONE',  ( 0.000000000000000000, 1.000000000000000000, 0.000000000000000000 ) ) ;
#697 = ADVANCED_FACE ( 'NONE', ( #1184 ), #1195, .T. ) ;
#698 = ORIENTED_EDGE ( 'NONE', *, *, #321, .T. ) ;
#699 = FACE_OUTER_BOUND ( 'NONE', #880, .T. ) ;
#700 = VERTEX_POINT ( 'NONE', #1611 ) ;
#701 = DIRECTION ( 'NONE',  ( -1.000000000000000000, -5.406930314732904935E-16, 0.000000000000000000 ) ) ;
#702 = ORIENTED_EDGE ( 'NONE', *, *, #1300, .T. ) ;
#703 = EDGE_CURVE ( 'NONE', #355, #1825, #1778, .T. ) ;
#704 = CARTESIAN_POINT ( 'NONE',  ( -6.625000000000000888, 35.75000000000000000, 0.000000000000000000 ) ) ;
#705 = CARTESIAN_POINT ( 'NONE',  ( -1.500000000000000000, 42.24999999999999289, 16.89999999999999858 ) ) ;
#706 = EDGE_LOOP ( 'NONE', ( #524, #754, #1904, #1562 ) ) ;
#707 = FACE_OUTER_BOUND ( 'NONE', #979, .T. ) ;
#708 = DIRECTION ( 'NONE',  ( 0.000000000000000000, -1.000000000000000000, 0.000000000000000000 ) ) ;
#709 = ORIENTED_EDGE ( 'NONE', *, *, #155, .T. ) ;
#710 = PLANE ( 'NONE',  #1757 ) ;
#711 = DIRECTION ( 'NONE',  ( 1.000000000000000000, -1.774149009521734663E-16, 0.000000000000000000 ) ) ;
#712 = MANIFOLD_SOLID_BREP ( 'Mirror1', #984 ) ;
#713 = ORIENTED_EDGE ( 'NONE', *, *, #1569, .T. ) ;
#714 = EDGE_CURVE ( 'NONE', #1506, #825, #420, .T. ) ;
#715 = FACE_OUTER_BOUND ( 'NONE', #1261, .T. ) ;
#716 = CARTESIAN_POINT ( 'NONE',  ( -15.59999999999999787, 81.15000000000004832, 12.26812408671319510 ) ) ;
#717 = ORIENTED_EDGE ( 'NONE', *, *, #501, .F. ) ;
#718 = PLANE ( 'NONE',  #68 ) ;
#719 = VECTOR ( 'NONE', #532, 1000.000000000000000 ) ;
#720 = LINE ( 'NONE', #897, #1552 ) ;
#721 = VECTOR ( 'NONE', #1622, 1000.000000000000000 ) ;
#722 = ORIENTED_EDGE ( 'NONE', *, *, #402, .T. ) ;
#723 = CARTESIAN_POINT ( 'NONE',  ( -15.04999999999997584, 154.2500000000000000, 18.09999999999999787 ) ) ;
#724 = DIRECTION ( 'NONE',  ( 0.000000000000000000, -1.000000000000000000, 0.000000000000000000 ) ) ;
#725 = EDGE_CURVE ( 'NONE', #1128, #390, #260, .T. ) ;
#726 = ADVANCED_FACE ( 'NONE', ( #1471 ), #115, .T. ) ;
#727 = CARTESIAN_POINT ( 'NONE',  ( -1.500000000000000000, 118.2375000000000398, 8.800000000000439471 ) ) ;
#728 = LINE ( 'NONE', #295, #1487 ) ;
#729 = VERTEX_POINT ( 'NONE', #1483 ) ;
#730 = LINE ( 'NONE', #1328, #924 ) ;
#731 = VECTOR ( 'NONE', #298, 1000.000000000000000 ) ;
#732 = LINE ( 'NONE', #1031, #30 ) ;
#733 = LINE ( 'NONE', #1513, #1322 ) ;
#734 = ORIENTED_EDGE ( 'NONE', *, *, #488, .T. ) ;
#735 = CARTESIAN_POINT ( 'NONE',  ( -15.60000000000000142, 59.85000000000002274, 12.26812408671319510 ) ) ;
#736 = CARTESIAN_POINT ( 'NONE',  ( -18.37500000000000355, 35.75000000000000000, 1.500000000000000000 ) ) ;
#737 = VERTEX_POINT ( 'NONE', #147 ) ;
#738 = LINE ( 'NONE', #727, #1278 ) ;
#739 = AXIS2_PLACEMENT_3D ( 'NONE', #1357, #799, #476 ) ;
#740 = ORIENTED_EDGE ( 'NONE', *, *, #1539, .F. ) ;
#741 = DIRECTION ( 'NONE',  ( -0.000000000000000000, -0.000000000000000000, -1.000000000000000000 ) ) ;
#742 = DIRECTION ( 'NONE',  ( -0.000000000000000000, -0.000000000000000000, -1.000000000000000000 ) ) ;
#743 = LINE ( 'NONE', #144, #1040 ) ;
#744 = VERTEX_POINT ( 'NONE', #138 ) ;
#745 = DIRECTION ( 'NONE',  ( 0.000000000000000000, 1.000000000000000000, -0.000000000000000000 ) ) ;
#746 = LINE ( 'NONE', #1213, #628 ) ;
#747 = VERTEX_POINT ( 'NONE', #757 ) ;
#748 = LINE ( 'NONE', #1637, #1782 ) ;
#749 = CARTESIAN_POINT ( 'NONE',  ( -15.60000000000000675, 144.8500000000000227, 12.26812408671319510 ) ) ;
#750 = EDGE_CURVE ( 'NONE', #1850, #1098, #125, .T. ) ;
#751 = DIRECTION ( 'NONE',  ( -1.000000000000000000, 0.000000000000000000, 0.000000000000000000 ) ) ;
#752 = EDGE_CURVE ( 'NONE', #1676, #1585, #746, .T. ) ;
#753 = LINE ( 'NONE', #1032, #193 ) ;
#754 = ORIENTED_EDGE ( 'NONE', *, *, #1129, .F. ) ;
#755 = VECTOR ( 'NONE', #773, 1000.000000000000000 ) ;
#756 = DIRECTION ( 'NONE',  ( 0.000000000000000000, -0.000000000000000000, 1.000000000000000000 ) ) ;
#757 = CARTESIAN_POINT ( 'NONE',  ( -9.950000000000002842, 1.500000000000056843, 18.09999999999999787 ) ) ;
#758 = CARTESIAN_POINT ( 'NONE',  ( -1.500000000000000000, 42.24999999999999289, 18.09999999999999787 ) ) ;
#759 = CARTESIAN_POINT ( 'NONE',  ( -15.59999999999999787, 87.35000000000003695, 3.500000000000000000 ) ) ;
#760 = CARTESIAN_POINT ( 'NONE',  ( -25.00000000000052580, 118.2374999999999972, 16.89999999999999858 ) ) ;
#761 = FACE_BOUND ( 'NONE', #1478, .T. ) ;
#762 = EDGE_CURVE ( 'NONE', #203, #975, #1556, .T. ) ;
#763 = AXIS2_PLACEMENT_3D ( 'NONE', #1743, #398, #671 ) ;
#764 = CARTESIAN_POINT ( 'NONE',  ( -25.00000000000000000, 4.336808689942019314E-15, 1.500000000000000000 ) ) ;
#765 = ORIENTED_EDGE ( 'NONE', *, *, #384, .T. ) ;
#766 = CARTESIAN_POINT ( 'NONE',  ( -1.500000000000518030, 154.2500000000000000, 3.500000000000000000 ) ) ;
#767 = CARTESIAN_POINT ( 'NONE',  ( -9.949999999999976197, 152.7500000000000284, 18.09999999999999787 ) ) ;
#768 = ORIENTED_EDGE ( 'NONE', *, *, #1698, .T. ) ;
#769 = DIRECTION ( 'NONE',  ( -0.000000000000000000, 0.000000000000000000, -1.000000000000000000 ) ) ;
#770 = FACE_OUTER_BOUND ( 'NONE', #1424, .T. ) ;
#771 = AXIS2_PLACEMENT_3D ( 'NONE', #575, #142, #1615 ) ;
#772 = ORIENTED_EDGE ( 'NONE', *, *, #585, .F. ) ;
#773 = DIRECTION ( 'NONE',  ( 0.000000000000000000, -1.000000000000000000, 0.000000000000000000 ) ) ;
#774 = FACE_BOUND ( 'NONE', #75, .T. ) ;
#775 = CARTESIAN_POINT ( 'NONE',  ( -25.00000000000052580, 113.1375000000000028, 16.89999999999999858 ) ) ;
#776 = EDGE_CURVE ( 'NONE', #1676, #1065, #1393, .T. ) ;
#777 = VERTEX_POINT ( 'NONE', #796 ) ;
#778 = AXIS2_PLACEMENT_3D ( 'NONE', #1613, #107, #1015 ) ;
#779 = LINE ( 'NONE', #1207, #305 ) ;
#780 = CARTESIAN_POINT ( 'NONE',  ( -25.00000000000051870, 36.01250000000000284, 18.09999999999999787 ) ) ;
#781 = DIRECTION ( 'NONE',  ( -1.000000000000000000, 0.000000000000000000, 0.000000000000000000 ) ) ;
#782 = APPLICATION_PROTOCOL_DEFINITION ( 'draft international standard', 'automotive_design', 1998, #1752 ) ;
#783 = ORIENTED_EDGE ( 'NONE', *, *, #127, .T. ) ;
#784 = FACE_OUTER_BOUND ( 'NONE', #1321, .T. ) ;
#785 = CARTESIAN_POINT ( 'NONE',  ( -25.00000000000051870, 36.01249999999999574, 16.89999999999999858 ) ) ;
#786 = VECTOR ( 'NONE', #616, 1000.000000000000000 ) ;
#787 = DIRECTION ( 'NONE',  ( -0.000000000000000000, -0.000000000000000000, -1.000000000000000000 ) ) ;
#788 = ADVANCED_FACE ( 'NONE', ( #1526 ), #5, .F. ) ;
#789 = EDGE_LOOP ( 'NONE', ( #274, #1496, #765, #496 ) ) ;
#790 = VECTOR ( 'NONE', #1394, 1000.000000000000000 ) ;
#791 = LINE ( 'NONE', #1529, #1746 ) ;
#792 = EDGE_CURVE ( 'NONE', #429, #1846, #940, .T. ) ;
#793 = DIRECTION ( 'NONE',  ( -1.734723475976807341E-16, -1.000000000000000000, -5.782411586589358822E-15 ) ) ;
#794 = ORIENTED_EDGE ( 'NONE', *, *, #582, .T. ) ;
#795 = CARTESIAN_POINT ( 'NONE',  ( -23.50000000000000000, 118.2374999999999972, 18.09999999999999787 ) ) ;
#796 = CARTESIAN_POINT ( 'NONE',  ( 0.000000000000000000, 41.11249999999999716, 18.09999999999999787 ) ) ;
#797 = VECTOR ( 'NONE', #642, 1000.000000000000000 ) ;
#798 = ORIENTED_EDGE ( 'NONE', *, *, #641, .F. ) ;
#799 = DIRECTION ( 'NONE',  ( -1.000000000000000000, 0.000000000000000000, 0.000000000000000000 ) ) ;
#800 = EDGE_CURVE ( 'NONE', #1364, #1449, #26, .T. ) ;
#801 = ORIENTED_EDGE ( 'NONE', *, *, #776, .F. ) ;
#802 = CARTESIAN_POINT ( 'NONE',  ( -9.399999999999998579, 81.15000000000004832, 2.000000000000000000 ) ) ;
#803 = ORIENTED_EDGE ( 'NONE', *, *, #87, .F. ) ;
#804 = VERTEX_POINT ( 'NONE', #34 ) ;
#805 = DIRECTION ( 'NONE',  ( 1.000000000000000000, -1.734723475976807341E-16, -0.000000000000000000 ) ) ;
#806 = EDGE_CURVE ( 'NONE', #1065, #355, #178, .T. ) ;
#807 = VERTEX_POINT ( 'NONE', #617 ) ;
#808 = LINE ( 'NONE', #1410, #441 ) ;
#809 = ORIENTED_EDGE ( 'NONE', *, *, #1878, .T. ) ;
#810 = LINE ( 'NONE', #335, #214 ) ;
#811 = ORIENTED_EDGE ( 'NONE', *, *, #218, .T. ) ;
#812 = VECTOR ( 'NONE', #1048, 1000.000000000000000 ) ;
#813 = DIRECTION ( 'NONE',  ( 0.000000000000000000, -5.782411586589358822E-15, 1.000000000000000000 ) ) ;
#814 = ORIENTED_EDGE ( 'NONE', *, *, #1131, .F. ) ;
#815 = CARTESIAN_POINT ( 'NONE',  ( -9.400000000000002132, 53.65000000000002700, 3.499999999999999556 ) ) ;
#816 = CARTESIAN_POINT ( 'NONE',  ( 0.000000000000000000, 44.25000000000000000, 0.000000000000000000 ) ) ;
#817 = ORIENTED_EDGE ( 'NONE', *, *, #1593, .T. ) ;
#818 = CARTESIAN_POINT ( 'NONE',  ( -23.50000000000008171, 152.7500000000000000, 22.00000000000000000 ) ) ;
#819 = VERTEX_POINT ( 'NONE', #635 ) ;
#820 = VECTOR ( 'NONE', #1346, 1000.000000000000000 ) ;
#821 = DIRECTION ( 'NONE',  ( 0.000000000000000000, -1.000000000000000000, 0.000000000000000000 ) ) ;
#822 = DIRECTION ( 'NONE',  ( -0.000000000000000000, -5.782411586589358822E-15, -1.000000000000000000 ) ) ;
#823 = ORIENTED_EDGE ( 'NONE', *, *, #865, .F. ) ;
#824 = FACE_BOUND ( 'NONE', #139, .T. ) ;
#825 = VERTEX_POINT ( 'NONE', #767 ) ;
#826 = FACE_OUTER_BOUND ( 'NONE', #331, .T. ) ;
#827 = AXIS2_PLACEMENT_3D ( 'NONE', #1396, #509, #319 ) ;
#828 = ORIENTED_EDGE ( 'NONE', *, *, #1397, .T. ) ;
#829 = ADVANCED_FACE ( 'NONE', ( #1817, #774, #1879 ), #1546, .F. ) ;
#830 = ADVANCED_FACE ( 'NONE', ( #1674, #648, #1086 ), #1702, .F. ) ;
#831 = CARTESIAN_POINT ( 'NONE',  ( -18.37500000000000355, 0.000000000000000000, 1.500000000000000000 ) ) ;
#832 = VECTOR ( 'NONE', #1957, 1000.000000000000000 ) ;
#833 = ORIENTED_EDGE ( 'NONE', *, *, #1105, .F. ) ;
#834 = ORIENTED_EDGE ( 'NONE', *, *, #1337, .F. ) ;
#835 = CARTESIAN_POINT ( 'NONE',  ( -9.949999999999974420, 152.7500000000000284, 16.89999999999999858 ) ) ;
#836 = VERTEX_POINT ( 'NONE', #1848 ) ;
#837 = DIRECTION ( 'NONE',  ( 0.000000000000000000, 1.000000000000000000, 0.000000000000000000 ) ) ;
#838 = EDGE_LOOP ( 'NONE', ( #1577, #1336, #817, #1255 ) ) ;
#839 = EDGE_CURVE ( 'NONE', #1825, #1598, #354, .T. ) ;
#840 = DIRECTION ( 'NONE',  ( 0.000000000000000000, 0.000000000000000000, 1.000000000000000000 ) ) ;
#841 = VECTOR ( 'NONE', #1150, 1000.000000000000000 ) ;
#842 = VERTEX_POINT ( 'NONE', #1517 ) ;
#843 = VERTEX_POINT ( 'NONE', #950 ) ;
#844 =( GEOMETRIC_REPRESENTATION_CONTEXT ( 3 ) GLOBAL_UNCERTAINTY_ASSIGNED_CONTEXT ( ( #1794 ) ) GLOBAL_UNIT_ASSIGNED_CONTEXT ( ( #105, #1954, #1788 ) ) REPRESENTATION_CONTEXT ( 'NONE', 'WORKASPACE' ) );
#845 = LINE ( 'NONE', #1111, #968 ) ;
#846 = EDGE_LOOP ( 'NONE', ( #1147, #867, #618, #627 ) ) ;
#847 = ADVANCED_FACE ( 'NONE', ( #325, #333 ), #1426, .F. ) ;
#848 = CARTESIAN_POINT ( 'NONE',  ( -25.00000000000052580, 113.1375000000000028, 18.09999999999999787 ) ) ;
#849 = ORIENTED_EDGE ( 'NONE', *, *, #1455, .T. ) ;
#850 = DIRECTION ( 'NONE',  ( -1.734723475976808080E-16, -1.000000000000000000, -0.000000000000000000 ) ) ;
#851 = CARTESIAN_POINT ( 'NONE',  ( -1.500000000000000000, 42.24999999999999289, 1.500000000000000000 ) ) ;
#852 = EDGE_LOOP ( 'NONE', ( #1589, #66, #567, #916 ) ) ;
#853 = EDGE_LOOP ( 'NONE', ( #1083, #1164, #1686, #46 ) ) ;
#854 = FACE_BOUND ( 'NONE', #1786, .T. ) ;
#855 = EDGE_CURVE ( 'NONE', #43, #1612, #157, .T. ) ;
#856 = ORIENTED_EDGE ( 'NONE', *, *, #1539, .T. ) ;
#857 = DIRECTION ( 'NONE',  ( -0.000000000000000000, -0.000000000000000000, -1.000000000000000000 ) ) ;
#858 = CARTESIAN_POINT ( 'NONE',  ( -9.400000000000002132, 53.65000000000002700, 2.000000000000000000 ) ) ;
#859 = EDGE_LOOP ( 'NONE', ( #560, #1158, #122, #1407 ) ) ;
#860 = VECTOR ( 'NONE', #1717, 1000.000000000000000 ) ;
#861 = DIRECTION ( 'NONE',  ( -0.000000000000000000, -0.000000000000000000, -1.000000000000000000 ) ) ;
#862 = ORIENTED_EDGE ( 'NONE', *, *, #839, .T. ) ;
#863 = CARTESIAN_POINT ( 'NONE',  ( -9.949999999999976197, 154.2500000000000000, 18.09999999999999787 ) ) ;
#864 = DIRECTION ( 'NONE',  ( -1.000000000000000000, 0.000000000000000000, 0.000000000000000000 ) ) ;
#865 = EDGE_CURVE ( 'NONE', #1017, #1956, #1056, .T. ) ;
#866 = VECTOR ( 'NONE', #1334, 1000.000000000000000 ) ;
#867 = ORIENTED_EDGE ( 'NONE', *, *, #44, .F. ) ;
#868 = ADVANCED_FACE ( 'NONE', ( #1224, #1827 ), #479, .T. ) ;
#869 = CARTESIAN_POINT ( 'NONE',  ( -9.400000000000002132, 59.85000000000002274, 12.26812408671319510 ) ) ;
#870 = FILL_AREA_STYLE_COLOUR ( '', #1791 ) ;
#871 = ORIENTED_EDGE ( 'NONE', *, *, #1860, .T. ) ;
#872 = PLANE ( 'NONE',  #1625 ) ;
#873 = EDGE_CURVE ( 'NONE', #975, #1846, #810, .T. ) ;
#874 = CARTESIAN_POINT ( 'NONE',  ( 0.000000000000000000, 117.3500000000000227, 12.26812408671319510 ) ) ;
#875 = ORIENTED_EDGE ( 'NONE', *, *, #1248, .T. ) ;
#876 = DIRECTION ( 'NONE',  ( 1.000000000000000000, 0.000000000000000000, -0.000000000000000000 ) ) ;
#877 = AXIS2_PLACEMENT_3D ( 'NONE', #1621, #1652, #579 ) ;
#878 = FACE_OUTER_BOUND ( 'NONE', #859, .T. ) ;
#879 = VECTOR ( 'NONE', #1921, 1000.000000000000000 ) ;
#880 = EDGE_LOOP ( 'NONE', ( #1214, #1895, #1544, #37 ) ) ;
#881 = FACE_OUTER_BOUND ( 'NONE', #323, .T. ) ;
#882 = DIRECTION ( 'NONE',  ( 0.000000000000000000, -0.000000000000000000, 1.000000000000000000 ) ) ;
#883 = DIRECTION ( 'NONE',  ( 1.445602896647339706E-15, -3.209883240645394110E-31, -1.000000000000000000 ) ) ;
#884 = VERTEX_POINT ( 'NONE', #356 ) ;
#885 = DIRECTION ( 'NONE',  ( 1.445602896647340100E-15, 0.000000000000000000, -1.000000000000000000 ) ) ;
#886 = VECTOR ( 'NONE', #1209, 1000.000000000000000 ) ;
#887 = DIRECTION ( 'NONE',  ( 1.003088512701685982E-30, 5.782411586589358822E-15, -1.000000000000000000 ) ) ;
#888 = DIRECTION ( 'NONE',  ( -1.734723475976808080E-16, -1.000000000000000000, -0.000000000000000000 ) ) ;
#889 = ORIENTED_EDGE ( 'NONE', *, *, #930, .F. ) ;
#890 = CARTESIAN_POINT ( 'NONE',  ( -15.59999999999999787, 81.15000000000004832, 3.499999999999999556 ) ) ;
#891 = CARTESIAN_POINT ( 'NONE',  ( -25.00000000000051870, 36.01250000000000284, 18.09999999999999787 ) ) ;
#892 = EDGE_CURVE ( 'NONE', #421, #536, #931, .T. ) ;
#893 = PLANE ( 'NONE',  #1114 ) ;
#894 = ADVANCED_FACE ( 'NONE', ( #626 ), #1867, .T. ) ;
#895 = VECTOR ( 'NONE', #152, 1000.000000000000000 ) ;
#896 = FACE_OUTER_BOUND ( 'NONE', #135, .T. ) ;
#897 = CARTESIAN_POINT ( 'NONE',  ( -18.37500000000000355, 35.75000000000000000, 1.500000000000000000 ) ) ;
#898 = DIRECTION ( 'NONE',  ( -1.734723475976808080E-16, -1.000000000000000000, -0.000000000000000000 ) ) ;
#899 = ORIENTED_EDGE ( 'NONE', *, *, #367, .F. ) ;
#900 = LINE ( 'NONE', #156, #786 ) ;
#901 = DIRECTION ( 'NONE',  ( 1.000000000000000000, 0.000000000000000000, -0.000000000000000000 ) ) ;
#902 = DIRECTION ( 'NONE',  ( -3.271025955591197372E-15, 0.7071067811865479058, 0.7071067811865472397 ) ) ;
#903 = ADVANCED_FACE ( 'NONE', ( #1228 ), #191, .T. ) ;
#904 = LINE ( 'NONE', #863, #231 ) ;
#905 = DIRECTION ( 'NONE',  ( 0.000000000000000000, 0.000000000000000000, 1.000000000000000000 ) ) ;
#906 = ORIENTED_EDGE ( 'NONE', *, *, #1809, .T. ) ;
#907 = CARTESIAN_POINT ( 'NONE',  ( 0.000000000000000000, 144.8500000000000227, 12.26812408671319510 ) ) ;
#908 = CARTESIAN_POINT ( 'NONE',  ( 7.131881890609649745E-15, 118.2374999999999972, 18.09999999999999787 ) ) ;
#909 = EDGE_LOOP ( 'NONE', ( #1928, #520, #1272, #383 ) ) ;
#910 = EDGE_CURVE ( 'NONE', #3, #1098, #180, .T. ) ;
#911 = CARTESIAN_POINT ( 'NONE',  ( -23.50000000000000000, 1.500000000000004219, 8.800000000000000711 ) ) ;
#912 = CARTESIAN_POINT ( 'NONE',  ( 7.131881890609651322E-15, 118.2374999999999972, 16.89999999999999858 ) ) ;
#913 = VECTOR ( 'NONE', #407, 1000.000000000000000 ) ;
#914 = CARTESIAN_POINT ( 'NONE',  ( -23.50000000000000000, 36.01249999999994600, 8.799999999999801759 ) ) ;
#915 = EDGE_CURVE ( 'NONE', #1364, #1077, #1841, .T. ) ;
#916 = ORIENTED_EDGE ( 'NONE', *, *, #714, .F. ) ;
#917 = EDGE_CURVE ( 'NONE', #1763, #1828, #346, .T. ) ;
#918 = CARTESIAN_POINT ( 'NONE',  ( -15.04999999999997584, 154.2500000000000000, 18.09999999999999787 ) ) ;
#919 = DIRECTION ( 'NONE',  ( 1.000000000000000000, -0.000000000000000000, -0.000000000000000000 ) ) ;
#920 = VERTEX_POINT ( 'NONE', #36 ) ;
#921 = ORIENTED_EDGE ( 'NONE', *, *, #1263, .F. ) ;
#922 = LINE ( 'NONE', #612, #1177 ) ;
#923 = LINE ( 'NONE', #780, #1243 ) ;
#924 = VECTOR ( 'NONE', #741, 1000.000000000000000 ) ;
#925 = EDGE_LOOP ( 'NONE', ( #131, #948, #1292, #341 ) ) ;
#926 = EDGE_CURVE ( 'NONE', #1890, #1922, #1252, .T. ) ;
#927 = CARTESIAN_POINT ( 'NONE',  ( -9.399999999999998579, 81.15000000000004832, 2.000000000000000000 ) ) ;
#928 = DIRECTION ( 'NONE',  ( -1.734723475976807587E-16, -1.000000000000000000, 0.000000000000000000 ) ) ;
#929 = ORIENTED_EDGE ( 'NONE', *, *, #1593, .F. ) ;
#930 = EDGE_CURVE ( 'NONE', #414, #700, #1097, .T. ) ;
#931 = LINE ( 'NONE', #966, #603 ) ;
#932 = ORIENTED_EDGE ( 'NONE', *, *, #1085, .T. ) ;
#933 = VECTOR ( 'NONE', #1025, 1000.000000000000000 ) ;
#934 = PLANE ( 'NONE',  #690 ) ;
#935 = PLANE ( 'NONE',  #1530 ) ;
#936 = EDGE_CURVE ( 'NONE', #1666, #255, #202, .T. ) ;
#937 = LINE ( 'NONE', #1835, #123 ) ;
#938 = EDGE_LOOP ( 'NONE', ( #544, #1605, #450, #958, #364, #119 ) ) ;
#939 = DIRECTION ( 'NONE',  ( -1.000000000000000000, 0.000000000000000000, 0.000000000000000000 ) ) ;
#940 = LINE ( 'NONE', #1839, #317 ) ;
#941 = ORIENTED_EDGE ( 'NONE', *, *, #6, .T. ) ;
#942 = AXIS2_PLACEMENT_3D ( 'NONE', #353, #1249, #199 ) ;
#943 = VERTEX_POINT ( 'NONE', #65 ) ;
#944 = AXIS2_PLACEMENT_3D ( 'NONE', #1046, #304, #882 ) ;
#945 = CARTESIAN_POINT ( 'NONE',  ( -25.00000000000000000, 44.25000000000000000, 1.500000000000000000 ) ) ;
#946 = LINE ( 'NONE', #162, #797 ) ;
#947 = CARTESIAN_POINT ( 'NONE',  ( 0.000000000000000000, 36.01249999999999574, 16.89999999999999858 ) ) ;
#948 = ORIENTED_EDGE ( 'NONE', *, *, #631, .T. ) ;
#949 = PLANE ( 'NONE',  #538 ) ;
#950 = CARTESIAN_POINT ( 'NONE',  ( -9.399999999999998579, 81.15000000000004832, 3.499999999999999556 ) ) ;
#951 = ORIENTED_EDGE ( 'NONE', *, *, #1131, .T. ) ;
#952 = ORIENTED_EDGE ( 'NONE', *, *, #985, .T. ) ;
#953 = EDGE_CURVE ( 'NONE', #1550, #8, #1901, .T. ) ;
#954 = DIRECTION ( 'NONE',  ( -1.445602896647340100E-15, -7.816274124948201562E-31, 1.000000000000000000 ) ) ;
#955 = EDGE_CURVE ( 'NONE', #1182, #1601, #1765, .T. ) ;
#956 = DIRECTION ( 'NONE',  ( -1.000000000000000000, 0.000000000000000000, -0.000000000000000000 ) ) ;
#957 = ORIENTED_EDGE ( 'NONE', *, *, #1069, .F. ) ;
#958 = ORIENTED_EDGE ( 'NONE', *, *, #1047, .T. ) ;
#959 = CARTESIAN_POINT ( 'NONE',  ( -15.59999999999999787, 0.000000000000000000, 2.000000000000000000 ) ) ;
#960 = EDGE_LOOP ( 'NONE', ( #689, #1727, #458, #1871 ) ) ;
#961 = EDGE_LOOP ( 'NONE', ( #253, #1135, #1155, #393 ) ) ;
#962 = CARTESIAN_POINT ( 'NONE',  ( -25.00000000000052580, 118.2374999999999972, 16.89999999999999858 ) ) ;
#963 = VERTEX_POINT ( 'NONE', #1894 ) ;
#964 = LINE ( 'NONE', #1572, #976 ) ;
#965 = ORIENTED_EDGE ( 'NONE', *, *, #762, .T. ) ;
#966 = CARTESIAN_POINT ( 'NONE',  ( -6.625000000000000888, 35.75000000000000000, 1.500000000000000000 ) ) ;
#967 = ORIENTED_EDGE ( 'NONE', *, *, #582, .F. ) ;
#968 = VECTOR ( 'NONE', #691, 1000.000000000000000 ) ;
#969 = CARTESIAN_POINT ( 'NONE',  ( -15.05000000000000249, 154.2500000000000000, 18.09999999999999787 ) ) ;
#970 = ORIENTED_EDGE ( 'NONE', *, *, #1122, .T. ) ;
#971 = CARTESIAN_POINT ( 'NONE',  ( -15.60000000000000142, 53.65000000000002700, 3.499999999999999556 ) ) ;
#972 = VERTEX_POINT ( 'NONE', #1121 ) ;
#973 = EDGE_CURVE ( 'NONE', #513, #1240, #1011, .T. ) ;
#974 = FACE_BOUND ( 'NONE', #145, .T. ) ;
#975 = VERTEX_POINT ( 'NONE', #1276 ) ;
#976 = VECTOR ( 'NONE', #1872, 1000.000000000000000 ) ;
#977 = CARTESIAN_POINT ( 'NONE',  ( -15.05000000000000249, 1.500000000000002665, 18.09999999999999787 ) ) ;
#978 = ORIENTED_EDGE ( 'NONE', *, *, #194, .T. ) ;
#979 = EDGE_LOOP ( 'NONE', ( #500, #1277, #986, #1391 ) ) ;
#980 = DIRECTION ( 'NONE',  ( -1.000000000000000000, 0.000000000000000000, 0.000000000000000000 ) ) ;
#981 = ORIENTED_EDGE ( 'NONE', *, *, #1900, .T. ) ;
#982 = ADVANCED_FACE ( 'NONE', ( #826 ), #710, .F. ) ;
#983 = CARTESIAN_POINT ( 'NONE',  ( -15.60000000000000675, 138.6500000000000341, 12.26812408671319510 ) ) ;
#984 = CLOSED_SHELL ( 'NONE', ( #829, #830, #1444, #1537, #282, #726, #1344, #1796, #894, #1323, #216, #1206, #403, #1774, #1510, #518, #788, #141, #1078, #1152, #440, #1423, #1936, #279, #1411, #697, #363, #1880, #347, #868, #847, #666, #1004, #646, #1446, #16, #1246, #982, #103, #1256, #1302, #1197, #989, #665, #428, #1735, #1117, #1745, #527, #551, #345, #54, #461, #1512, #564, #903, #42, #241, #174 ) ) ;
#985 = EDGE_CURVE ( 'NONE', #1536, #1763, #1600, .T. ) ;
#986 = ORIENTED_EDGE ( 'NONE', *, *, #321, .F. ) ;
#987 = DIRECTION ( 'NONE',  ( -1.000000000000000000, 0.000000000000000000, 0.000000000000000000 ) ) ;
#988 = CARTESIAN_POINT ( 'NONE',  ( -25.00000000000000000, 4.336808689942019314E-15, 22.00000000000000000 ) ) ;
#989 = ADVANCED_FACE ( 'NONE', ( #1285 ), #1311, .F. ) ;
#990 = DIRECTION ( 'NONE',  ( 0.000000000000000000, -0.000000000000000000, -1.000000000000000000 ) ) ;
#991 = ORIENTED_EDGE ( 'NONE', *, *, #445, .F. ) ;
#992 = LINE ( 'NONE', #1293, #1189 ) ;
#993 = ORIENTED_EDGE ( 'NONE', *, *, #391, .F. ) ;
#994 = CARTESIAN_POINT ( 'NONE',  ( -25.00000000000052580, 118.2374999999999972, 18.09999999999999787 ) ) ;
#995 = VECTOR ( 'NONE', #33, 1000.000000000000000 ) ;
#996 = ORIENTED_EDGE ( 'NONE', *, *, #412, .F. ) ;
#997 = ORIENTED_EDGE ( 'NONE', *, *, #1215, .T. ) ;
#998 = DIRECTION ( 'NONE',  ( -1.000000000000000000, 0.000000000000000000, 0.000000000000000000 ) ) ;
#999 = ORIENTED_EDGE ( 'NONE', *, *, #7, .F. ) ;
#1000 = LINE ( 'NONE', #535, #1474 ) ;
#1001 = ORIENTED_EDGE ( 'NONE', *, *, #379, .F. ) ;
#1002 = AXIS2_PLACEMENT_3D ( 'NONE', #92, #1898, #1274 ) ;
#1003 = DIRECTION ( 'NONE',  ( -1.734723475976807341E-16, -1.000000000000000000, -5.782411586589358822E-15 ) ) ;
#1004 = ADVANCED_FACE ( 'NONE', ( #974, #239 ), #1590, .F. ) ;
#1005 = DIRECTION ( 'NONE',  ( 0.000000000000000000, 0.000000000000000000, 1.000000000000000000 ) ) ;
#1006 = ORIENTED_EDGE ( 'NONE', *, *, #293, .T. ) ;
#1007 = EDGE_CURVE ( 'NONE', #804, #1846, #543, .T. ) ;
#1008 = CARTESIAN_POINT ( 'NONE',  ( -9.949999999999976197, 1.726049858596919509E-15, 18.09999999999999787 ) ) ;
#1009 = LINE ( 'NONE', #1318, #290 ) ;
#1010 = VERTEX_POINT ( 'NONE', #1755 ) ;
#1011 = LINE ( 'NONE', #1738, #1154 ) ;
#1012 = FILL_AREA_STYLE ('',( #870 ) ) ;
#1013 = VERTEX_POINT ( 'NONE', #219 ) ;
#1014 = VECTOR ( 'NONE', #1, 1000.000000000000000 ) ;
#1015 = DIRECTION ( 'NONE',  ( 0.000000000000000000, 0.000000000000000000, 1.000000000000000000 ) ) ;
#1016 = DIRECTION ( 'NONE',  ( -1.000000000000000000, 1.734723475976807834E-16, -0.000000000000000000 ) ) ;
#1017 = VERTEX_POINT ( 'NONE', #1142 ) ;
#1018 = LINE ( 'NONE', #447, #1110 ) ;
#1019 = CARTESIAN_POINT ( 'NONE',  ( -25.00000000000000000, 0.000000000000000000, 1.500000000000000000 ) ) ;
#1020 = VECTOR ( 'NONE', #861, 1000.000000000000000 ) ;
#1021 = ORIENTED_EDGE ( 'NONE', *, *, #1069, .T. ) ;
#1022 = DIRECTION ( 'NONE',  ( -0.000000000000000000, -0.000000000000000000, -1.000000000000000000 ) ) ;
#1023 = PLANE ( 'NONE',  #1099 ) ;
#1024 = ORIENTED_EDGE ( 'NONE', *, *, #534, .T. ) ;
#1025 = DIRECTION ( 'NONE',  ( 0.000000000000000000, 0.000000000000000000, -1.000000000000000000 ) ) ;
#1026 = LINE ( 'NONE', #1934, #1646 ) ;
#1027 = VECTOR ( 'NONE', #457, 1000.000000000000000 ) ;
#1028 = ORIENTED_EDGE ( 'NONE', *, *, #1759, .T. ) ;
#1029 = CARTESIAN_POINT ( 'NONE',  ( -23.50000000000000000, 1.500000000000004219, 18.09999999999999787 ) ) ;
#1030 = AXIS2_PLACEMENT_3D ( 'NONE', #907, #291, #303 ) ;
#1031 = CARTESIAN_POINT ( 'NONE',  ( -9.949999999999988631, 1.500000000000001776, 8.799999999999988276 ) ) ;
#1032 = CARTESIAN_POINT ( 'NONE',  ( -9.949999999999976197, 154.2500000000000000, 18.09999999999999787 ) ) ;
#1033 = ORIENTED_EDGE ( 'NONE', *, *, #839, .F. ) ;
#1034 = EDGE_CURVE ( 'NONE', #836, #1239, #1134, .T. ) ;
#1035 = DIRECTION ( 'NONE',  ( 0.000000000000000000, 1.000000000000000000, 0.000000000000000000 ) ) ;
#1036 = CARTESIAN_POINT ( 'NONE',  ( 4.008175741568163808, 152.7500000000000284, 18.09999999999999787 ) ) ;
#1037 = EDGE_CURVE ( 'NONE', #1640, #1922, #1747, .T. ) ;
#1038 = LINE ( 'NONE', #1647, #866 ) ;
#1039 = PLANE ( 'NONE',  #771 ) ;
#1040 = VECTOR ( 'NONE', #1180, 1000.000000000000000 ) ;
#1041 = CARTESIAN_POINT ( 'NONE',  ( 0.000000000000000000, 41.11249999999999716, 16.89999999999999858 ) ) ;
#1042 = UNCERTAINTY_MEASURE_WITH_UNIT (LENGTH_MEASURE( 1.000000000000000082E-05 ), #61, 'distance_accuracy_value', 'NONE');
#1043 = DIRECTION ( 'NONE',  ( 0.000000000000000000, -1.000000000000000000, 0.000000000000000000 ) ) ;
#1044 = ORIENTED_EDGE ( 'NONE', *, *, #1716, .F. ) ;
#1045 = PLANE ( 'NONE',  #877 ) ;
#1046 = CARTESIAN_POINT ( 'NONE',  ( 0.000000000000000000, 111.1500000000000199, 12.26812408671319510 ) ) ;
#1047 = EDGE_CURVE ( 'NONE', #35, #1608, #1439, .T. ) ;
#1048 = DIRECTION ( 'NONE',  ( -0.000000000000000000, -0.000000000000000000, -1.000000000000000000 ) ) ;
#1049 = PLANE ( 'NONE',  #546 ) ;
#1050 = FACE_OUTER_BOUND ( 'NONE', #1484, .T. ) ;
#1051 = LINE ( 'NONE', #1659, #481 ) ;
#1052 = CARTESIAN_POINT ( 'NONE',  ( -1.500000000000000000, 42.24999999999998579, 1.500000000000000000 ) ) ;
#1053 = EDGE_CURVE ( 'NONE', #1627, #203, #992, .T. ) ;
#1054 = ORIENTED_EDGE ( 'NONE', *, *, #227, .T. ) ;
#1055 = LINE ( 'NONE', #430, #1573 ) ;
#1056 = LINE ( 'NONE', #908, #1384 ) ;
#1057 = LINE ( 'NONE', #453, #1665 ) ;
#1058 = CARTESIAN_POINT ( 'NONE',  ( -15.59999999999999787, 117.3500000000000227, 2.000000000000000000 ) ) ;
#1059 = EDGE_CURVE ( 'NONE', #1763, #1017, #1000, .T. ) ;
#1060 = DIRECTION ( 'NONE',  ( 3.271025955591197372E-15, -0.7071067811865479058, -0.7071067811865472397 ) ) ;
#1061 = ORIENTED_EDGE ( 'NONE', *, *, #985, .F. ) ;
#1062 = PLANE ( 'NONE',  #685 ) ;
#1063 = DIRECTION ( 'NONE',  ( -1.000000000000000000, 0.000000000000000000, 0.000000000000000000 ) ) ;
#1064 = VECTOR ( 'NONE', #1664, 1000.000000000000000 ) ;
#1065 = VERTEX_POINT ( 'NONE', #88 ) ;
#1066 = ORIENTED_EDGE ( 'NONE', *, *, #299, .T. ) ;
#1067 = DIRECTION ( 'NONE',  ( -1.000000000000000000, 0.000000000000000000, 0.000000000000000000 ) ) ;
#1068 = CARTESIAN_POINT ( 'NONE',  ( 0.000000000000000000, 44.25000000000000000, 2.000000000000000000 ) ) ;
#1069 = EDGE_CURVE ( 'NONE', #355, #1151, #104, .T. ) ;
#1070 = EDGE_CURVE ( 'NONE', #1842, #1744, #1729, .T. ) ;
#1071 = VECTOR ( 'NONE', #1016, 1000.000000000000000 ) ;
#1072 = DIRECTION ( 'NONE',  ( -0.000000000000000000, -0.000000000000000000, -1.000000000000000000 ) ) ;
#1073 = ORIENTED_EDGE ( 'NONE', *, *, #1421, .T. ) ;
#1074 = FACE_OUTER_BOUND ( 'NONE', #1696, .T. ) ;
#1075 = CARTESIAN_POINT ( 'NONE',  ( 0.000000000000000000, 0.000000000000000000, 1.500000000000000000 ) ) ;
#1076 = ORIENTED_EDGE ( 'NONE', *, *, #1694, .F. ) ;
#1077 = VERTEX_POINT ( 'NONE', #818 ) ;
#1078 = ADVANCED_FACE ( 'NONE', ( #382 ), #1422, .F. ) ;
#1079 = CARTESIAN_POINT ( 'NONE',  ( -9.400000000000009237, 0.000000000000000000, 2.000000000000000000 ) ) ;
#1080 = FACE_OUTER_BOUND ( 'NONE', #439, .T. ) ;
#1081 = VECTOR ( 'NONE', #172, 1000.000000000000000 ) ;
#1082 = CARTESIAN_POINT ( 'NONE',  ( -23.50000000000000000, 41.11249999999999716, 8.800000000000000711 ) ) ;
#1083 = ORIENTED_EDGE ( 'NONE', *, *, #445, .T. ) ;
#1084 = DIRECTION ( 'NONE',  ( 0.000000000000000000, -0.000000000000000000, 1.000000000000000000 ) ) ;
#1085 = EDGE_CURVE ( 'NONE', #1098, #1294, #1920, .T. ) ;
#1086 = FACE_BOUND ( 'NONE', #289, .T. ) ;
#1087 = ORIENTED_EDGE ( 'NONE', *, *, #1473, .F. ) ;
#1088 = EDGE_LOOP ( 'NONE', ( #344, #999, #1456, #1354 ) ) ;
#1089 = CARTESIAN_POINT ( 'NONE',  ( -25.00000000000052580, 118.2374999999999972, 18.09999999999999787 ) ) ;
#1090 = LINE ( 'NONE', #1852, #326 ) ;
#1091 = ORIENTED_EDGE ( 'NONE', *, *, #511, .T. ) ;
#1092 = LINE ( 'NONE', #55, #349 ) ;
#1093 = CARTESIAN_POINT ( 'NONE',  ( -1.499999999999999556, 152.7500000000000284, 3.500000000000000000 ) ) ;
#1094 = EDGE_LOOP ( 'NONE', ( #952, #1490, #662, #803 ) ) ;
#1095 = VECTOR ( 'NONE', #1701, 1000.000000000000000 ) ;
#1096 = EDGE_CURVE ( 'NONE', #81, #825, #4, .T. ) ;
#1097 = LINE ( 'NONE', #1558, #1728 ) ;
#1098 = VERTEX_POINT ( 'NONE', #1787 ) ;
#1099 = AXIS2_PLACEMENT_3D ( 'NONE', #891, #569, #901 ) ;
#1100 = CARTESIAN_POINT ( 'NONE',  ( 0.000000000000000000, 5.500000000000000000, 1.500000000000000000 ) ) ;
#1101 = CARTESIAN_POINT ( 'NONE',  ( -9.399999999999998579, 111.1500000000000199, 2.000000000000000000 ) ) ;
#1102 = ORIENTED_EDGE ( 'NONE', *, *, #714, .T. ) ;
#1103 = DIRECTION ( 'NONE',  ( -1.000000000000000000, 0.000000000000000000, 0.000000000000000000 ) ) ;
#1104 = ORIENTED_EDGE ( 'NONE', *, *, #1780, .F. ) ;
#1105 = EDGE_CURVE ( 'NONE', #281, #526, #1203, .T. ) ;
#1106 = ORIENTED_EDGE ( 'NONE', *, *, #917, .T. ) ;
#1107 = CARTESIAN_POINT ( 'NONE',  ( -27.82842712474619518, 42.24999999999999289, 1.500000000000000222 ) ) ;
#1108 = ORIENTED_EDGE ( 'NONE', *, *, #1860, .F. ) ;
#1109 = LINE ( 'NONE', #1447, #1714 ) ;
#1110 = VECTOR ( 'NONE', #1905, 1000.000000000000000 ) ;
#1111 = CARTESIAN_POINT ( 'NONE',  ( 0.000000000000000000, 44.25000000000000000, 1.500000000000000000 ) ) ;
#1112 = EDGE_CURVE ( 'NONE', #1554, #1438, #452, .T. ) ;
#1113 = ORIENTED_EDGE ( 'NONE', *, *, #463, .T. ) ;
#1114 = AXIS2_PLACEMENT_3D ( 'NONE', #117, #1003, #1903 ) ;
#1115 = PLANE ( 'NONE',  #679 ) ;
#1116 = PRODUCT_DEFINITION ( 'UNKNOWN', '', #183, #1950 ) ;
#1117 = ADVANCED_FACE ( 'NONE', ( #600 ), #1045, .F. ) ;
#1118 = EDGE_LOOP ( 'NONE', ( #477, #678, #1902, #1054 ) ) ;
#1119 = LINE ( 'NONE', #244, #1233 ) ;
#1120 = ORIENTED_EDGE ( 'NONE', *, *, #725, .F. ) ;
#1121 = CARTESIAN_POINT ( 'NONE',  ( -5.181040781584060153E-13, 154.2500000000000000, 22.00000000000000000 ) ) ;
#1122 = EDGE_CURVE ( 'NONE', #1449, #246, #1806, .T. ) ;
#1123 = ORIENTED_EDGE ( 'NONE', *, *, #686, .F. ) ;
#1124 = AXIS2_PLACEMENT_3D ( 'NONE', #1875, #1886, #701 ) ;
#1125 = AXIS2_PLACEMENT_3D ( 'NONE', #57, #1576, #1538 ) ;
#1126 = DIRECTION ( 'NONE',  ( 1.000000000000000000, -1.734723475976807587E-16, 0.000000000000000000 ) ) ;
#1127 = LINE ( 'NONE', #705, #222 ) ;
#1128 = VERTEX_POINT ( 'NONE', #459 ) ;
#1129 = EDGE_CURVE ( 'NONE', #842, #1850, #1168, .T. ) ;
#1130 = PLANE ( 'NONE',  #38 ) ;
#1131 = EDGE_CURVE ( 'NONE', #1598, #1151, #1055, .T. ) ;
#1132 = CARTESIAN_POINT ( 'NONE',  ( -25.00000000000052580, 118.2374999999999972, 16.89999999999999858 ) ) ;
#1133 = VERTEX_POINT ( 'NONE', #1777 ) ;
#1134 = LINE ( 'NONE', #848, #374 ) ;
#1135 = ORIENTED_EDGE ( 'NONE', *, *, #165, .F. ) ;
#1136 = VECTOR ( 'NONE', #1708, 1000.000000000000000 ) ;
#1137 = CARTESIAN_POINT ( 'NONE',  ( 7.131881890609651322E-15, 118.2374999999999972, 16.89999999999999858 ) ) ;
#1138 = ORIENTED_EDGE ( 'NONE', *, *, #750, .T. ) ;
#1139 = ORIENTED_EDGE ( 'NONE', *, *, #1059, .F. ) ;
#1140 = FACE_BOUND ( 'NONE', #846, .T. ) ;
#1141 = ORIENTED_EDGE ( 'NONE', *, *, #1263, .T. ) ;
#1142 = CARTESIAN_POINT ( 'NONE',  ( 6.247172917861478915E-15, 113.1375000000000028, 18.09999999999999787 ) ) ;
#1143 = VECTOR ( 'NONE', #1126, 1000.000000000000000 ) ;
#1144 = ORIENTED_EDGE ( 'NONE', *, *, #1218, .T. ) ;
#1145 = LINE ( 'NONE', #79, #173 ) ;
#1146 = ORIENTED_EDGE ( 'NONE', *, *, #299, .F. ) ;
#1147 = ORIENTED_EDGE ( 'NONE', *, *, #915, .F. ) ;
#1148 = FACE_OUTER_BOUND ( 'NONE', #1118, .T. ) ;
#1149 = EDGE_LOOP ( 'NONE', ( #1381, #1940, #264, #217 ) ) ;
#1150 = DIRECTION ( 'NONE',  ( -4.625929269271482167E-15, 1.000000000000000000, 0.000000000000000000 ) ) ;
#1151 = VERTEX_POINT ( 'NONE', #589 ) ;
#1152 = ADVANCED_FACE ( 'NONE', ( #881 ), #313, .F. ) ;
#1153 = LINE ( 'NONE', #1196, #76 ) ;
#1154 = VECTOR ( 'NONE', #392, 1000.000000000000000 ) ;
#1155 = ORIENTED_EDGE ( 'NONE', *, *, #725, .T. ) ;
#1156 = CARTESIAN_POINT ( 'NONE',  ( -25.00000000000000000, 4.336808689942019314E-15, 0.000000000000000000 ) ) ;
#1157 = LINE ( 'NONE', #1041, #416 ) ;
#1158 = ORIENTED_EDGE ( 'NONE', *, *, #1226, .T. ) ;
#1159 = CARTESIAN_POINT ( 'NONE',  ( -25.00000000000051870, 36.01249999999999574, 16.89999999999999858 ) ) ;
#1160 = FACE_OUTER_BOUND ( 'NONE', #53, .T. ) ;
#1161 = ORIENTED_EDGE ( 'NONE', *, *, #1630, .T. ) ;
#1162 = VECTOR ( 'NONE', #1178, 1000.000000000000000 ) ;
#1163 = LINE ( 'NONE', #1345, #933 ) ;
#1164 = ORIENTED_EDGE ( 'NONE', *, *, #312, .T. ) ;
#1165 = DIRECTION ( 'NONE',  ( 1.000000000000000000, -1.734723475976807341E-16, -0.000000000000000000 ) ) ;
#1166 = LINE ( 'NONE', #1642, #668 ) ;
#1167 = ORIENTED_EDGE ( 'NONE', *, *, #391, .T. ) ;
#1168 = LINE ( 'NONE', #869, #599 ) ;
#1169 = DIRECTION ( 'NONE',  ( 0.000000000000000000, -1.000000000000000000, 0.000000000000000000 ) ) ;
#1170 = VECTOR ( 'NONE', #1467, 1000.000000000000000 ) ;
#1171 = DIRECTION ( 'NONE',  ( 0.000000000000000000, -0.000000000000000000, 1.000000000000000000 ) ) ;
#1172 = VECTOR ( 'NONE', #337, 1000.000000000000000 ) ;
#1173 = ORIENTED_EDGE ( 'NONE', *, *, #1949, .F. ) ;
#1174 = FACE_OUTER_BOUND ( 'NONE', #584, .T. ) ;
#1175 = EDGE_CURVE ( 'NONE', #1185, #1750, #900, .T. ) ;
#1176 = VECTOR ( 'NONE', #1926, 1000.000000000000000 ) ;
#1177 = VECTOR ( 'NONE', #1230, 1000.000000000000000 ) ;
#1178 = DIRECTION ( 'NONE',  ( 0.000000000000000000, -1.000000000000000000, 0.000000000000000000 ) ) ;
#1179 = EDGE_CURVE ( 'NONE', #421, #659, #146, .T. ) ;
#1180 = DIRECTION ( 'NONE',  ( -1.000000000000000000, 0.000000000000000000, 0.000000000000000000 ) ) ;
#1181 = VECTOR ( 'NONE', #1888, 1000.000000000000000 ) ;
#1182 = VERTEX_POINT ( 'NONE', #1183 ) ;
#1183 = CARTESIAN_POINT ( 'NONE',  ( -18.37500000000000355, 5.500000000000000000, 1.500000000000000000 ) ) ;
#1184 = FACE_OUTER_BOUND ( 'NONE', #1614, .T. ) ;
#1185 = VERTEX_POINT ( 'NONE', #1212 ) ;
#1186 = APPLICATION_CONTEXT ( 'automotive_design' ) ;
#1187 = DIRECTION ( 'NONE',  ( 0.000000000000000000, 0.000000000000000000, -1.000000000000000000 ) ) ;
#1188 = LINE ( 'NONE', #749, #74 ) ;
#1189 = VECTOR ( 'NONE', #1303, 1000.000000000000000 ) ;
#1190 = CARTESIAN_POINT ( 'NONE',  ( -18.37500000000000355, 5.500000000000000000, 0.000000000000000000 ) ) ;
#1191 = EDGE_CURVE ( 'NONE', #807, #421, #468, .T. ) ;
#1192 = DIRECTION ( 'NONE',  ( 0.000000000000000000, -0.000000000000000000, -1.000000000000000000 ) ) ;
#1193 = EDGE_LOOP ( 'NONE', ( #98, #1574, #1282, #1760 ) ) ;
#1194 = CARTESIAN_POINT ( 'NONE',  ( -25.00000000000000000, 44.25000000000000000, 2.000000000000000000 ) ) ;
#1195 = PLANE ( 'NONE',  #1823 ) ;
#1196 = CARTESIAN_POINT ( 'NONE',  ( -15.04999999999997584, 154.2500000000000000, 18.09999999999999787 ) ) ;
#1197 = ADVANCED_FACE ( 'NONE', ( #1816 ), #1482, .F. ) ;
#1198 = DIRECTION ( 'NONE',  ( -1.000000000000000000, 1.774149009521734909E-16, -0.000000000000000000 ) ) ;
#1199 = PLANE ( 'NONE',  #1742 ) ;
#1200 = PLANE ( 'NONE',  #1863 ) ;
#1201 = LINE ( 'NONE', #1804, #1027 ) ;
#1202 = ORIENTED_EDGE ( 'NONE', *, *, #1713, .F. ) ;
#1203 = LINE ( 'NONE', #268, #245 ) ;
#1204 = PLANE ( 'NONE',  #1476 ) ;
#1205 = ORIENTED_EDGE ( 'NONE', *, *, #1630, .F. ) ;
#1206 = ADVANCED_FACE ( 'NONE', ( #124 ), #442, .F. ) ;
#1207 = CARTESIAN_POINT ( 'NONE',  ( -1.500000000000000000, 41.11249999999999716, 8.800000000000000711 ) ) ;
#1208 = FACE_OUTER_BOUND ( 'NONE', #853, .T. ) ;
#1209 = DIRECTION ( 'NONE',  ( 0.000000000000000000, 1.000000000000000000, -0.000000000000000000 ) ) ;
#1210 = LINE ( 'NONE', #1369, #731 ) ;
#1211 = ORIENTED_EDGE ( 'NONE', *, *, #1858, .T. ) ;
#1212 = CARTESIAN_POINT ( 'NONE',  ( -15.04999999999997407, 154.2500000000000000, 16.89999999999999858 ) ) ;
#1213 = CARTESIAN_POINT ( 'NONE',  ( -25.00000000000051870, 41.11249999999999716, 18.09999999999999787 ) ) ;
#1214 = ORIENTED_EDGE ( 'NONE', *, *, #1632, .T. ) ;
#1215 = EDGE_CURVE ( 'NONE', #578, #1133, #1644, .T. ) ;
#1216 = ORIENTED_EDGE ( 'NONE', *, *, #205, .T. ) ;
#1217 = CARTESIAN_POINT ( 'NONE',  ( -1.500000000000001332, 42.25000000000005684, 1.500000000000061284 ) ) ;
#1218 = EDGE_CURVE ( 'NONE', #1013, #1890, #137, .T. ) ;
#1219 = CARTESIAN_POINT ( 'NONE',  ( -1.500000000000009104, 44.25000000000000000, 3.500000000000000000 ) ) ;
#1220 = DIRECTION ( 'NONE',  ( 1.000000000000000000, -1.774149009521734909E-16, 0.000000000000000000 ) ) ;
#1221 = VECTOR ( 'NONE', #1353, 1000.000000000000000 ) ;
#1222 = ORIENTED_EDGE ( 'NONE', *, *, #27, .T. ) ;
#1223 = CARTESIAN_POINT ( 'NONE',  ( -9.400000000000009237, 144.8500000000000227, 12.26812408671319510 ) ) ;
#1224 = FACE_BOUND ( 'NONE', #570, .T. ) ;
#1225 = VECTOR ( 'NONE', #601, 1000.000000000000000 ) ;
#1226 = EDGE_CURVE ( 'NONE', #1884, #1360, #657, .T. ) ;
#1227 = ORIENTED_EDGE ( 'NONE', *, *, #611, .T. ) ;
#1228 = FACE_OUTER_BOUND ( 'NONE', #1094, .T. ) ;
#1229 = ORIENTED_EDGE ( 'NONE', *, *, #1269, .T. ) ;
#1230 = DIRECTION ( 'NONE',  ( 5.505238138637140269E-16, -1.000000000000000000, -0.000000000000000000 ) ) ;
#1231 = DIRECTION ( 'NONE',  ( 1.445602896647340100E-15, 7.816274124948201562E-31, -1.000000000000000000 ) ) ;
#1232 = CARTESIAN_POINT ( 'NONE',  ( -23.50000000000008171, 152.7500000000000000, 3.500000000000000000 ) ) ;
#1233 = VECTOR ( 'NONE', #708, 1000.000000000000000 ) ;
#1234 = CARTESIAN_POINT ( 'NONE',  ( 0.000000000000000000, 0.000000000000000000, 0.000000000000000000 ) ) ;
#1235 = EDGE_LOOP ( 'NONE', ( #709, #1623, #951, #220 ) ) ;
#1236 = PRODUCT_CONTEXT ( 'NONE', #1752, 'mechanical' ) ;
#1237 = DIRECTION ( 'NONE',  ( -1.000000000000000000, 1.734723475976807834E-16, -0.000000000000000000 ) ) ;
#1238 = CARTESIAN_POINT ( 'NONE',  ( -25.00000000000051870, 36.01250000000000284, 18.09999999999999787 ) ) ;
#1239 = VERTEX_POINT ( 'NONE', #623 ) ;
#1240 = VERTEX_POINT ( 'NONE', #795 ) ;
#1241 = LINE ( 'NONE', #18, #812 ) ;
#1242 = DIRECTION ( 'NONE',  ( -1.000000000000000000, 0.000000000000000000, 0.000000000000000000 ) ) ;
#1243 = VECTOR ( 'NONE', #1377, 1000.000000000000000 ) ;
#1244 = CARTESIAN_POINT ( 'NONE',  ( -23.50000000000000000, 1.500000000000004219, 22.00000000000000000 ) ) ;
#1245 = LINE ( 'NONE', #1853, #1724 ) ;
#1246 = ADVANCED_FACE ( 'NONE', ( #1257 ), #1683, .F. ) ;
#1247 = ORIENTED_EDGE ( 'NONE', *, *, #1215, .F. ) ;
#1248 = EDGE_CURVE ( 'NONE', #553, #1341, #324, .T. ) ;
#1249 = DIRECTION ( 'NONE',  ( -1.000000000000000000, 0.000000000000000000, 0.000000000000000000 ) ) ;
#1250 = DIRECTION ( 'NONE',  ( 0.000000000000000000, 0.000000000000000000, 1.000000000000000000 ) ) ;
#1251 = EDGE_LOOP ( 'NONE', ( #1211, #1091, #681, #1076 ) ) ;
#1252 = LINE ( 'NONE', #1849, #1946 ) ;
#1253 = ORIENTED_EDGE ( 'NONE', *, *, #1269, .F. ) ;
#1254 = PLANE ( 'NONE',  #827 ) ;
#1255 = ORIENTED_EDGE ( 'NONE', *, *, #1485, .T. ) ;
#1256 = ADVANCED_FACE ( 'NONE', ( #784 ), #949, .F. ) ;
#1257 = FACE_OUTER_BOUND ( 'NONE', #1370, .T. ) ;
#1258 = ORIENTED_EDGE ( 'NONE', *, *, #320, .F. ) ;
#1259 = VECTOR ( 'NONE', #1237, 1000.000000000000000 ) ;
#1260 = DIRECTION ( 'NONE',  ( -0.000000000000000000, -0.000000000000000000, -1.000000000000000000 ) ) ;
#1261 = EDGE_LOOP ( 'NONE', ( #768, #687, #833, #993 ) ) ;
#1262 = CARTESIAN_POINT ( 'NONE',  ( -23.50000000000000000, 118.2375000000000398, 8.800000000000675726 ) ) ;
#1263 = EDGE_CURVE ( 'NONE', #213, #1922, #25, .T. ) ;
#1264 = EDGE_LOOP ( 'NONE', ( #1643, #702, #794, #1253 ) ) ;
#1265 = DIRECTION ( 'NONE',  ( -0.000000000000000000, -0.000000000000000000, -1.000000000000000000 ) ) ;
#1266 = VECTOR ( 'NONE', #111, 1000.000000000000000 ) ;
#1267 = ORIENTED_EDGE ( 'NONE', *, *, #1361, .F. ) ;
#1268 = ORIENTED_EDGE ( 'NONE', *, *, #806, .T. ) ;
#1269 = EDGE_CURVE ( 'NONE', #1360, #1319, #808, .T. ) ;
#1270 = LINE ( 'NONE', #1870, #1433 ) ;
#1271 = FACE_OUTER_BOUND ( 'NONE', #789, .T. ) ;
#1272 = ORIENTED_EDGE ( 'NONE', *, *, #7, .T. ) ;
#1273 = AXIS2_PLACEMENT_3D ( 'NONE', #760, #793, #1551 ) ;
#1274 = DIRECTION ( 'NONE',  ( -1.000000000000000000, 0.000000000000000000, -0.000000000000000000 ) ) ;
#1275 = ORIENTED_EDGE ( 'NONE', *, *, #1549, .F. ) ;
#1276 = CARTESIAN_POINT ( 'NONE',  ( -9.400000000000009237, 138.6500000000000341, 2.000000000000000000 ) ) ;
#1277 = ORIENTED_EDGE ( 'NONE', *, *, #87, .T. ) ;
#1278 = VECTOR ( 'NONE', #604, 1000.000000000000000 ) ;
#1279 = LINE ( 'NONE', #1722, #1398 ) ;
#1280 = EDGE_CURVE ( 'NONE', #81, #361, #1555, .T. ) ;
#1281 = CARTESIAN_POINT ( 'NONE',  ( -15.59999999999999787, 81.15000000000004832, 12.26812408671319510 ) ) ;
#1282 = ORIENTED_EDGE ( 'NONE', *, *, #1769, .T. ) ;
#1283 = PLANE ( 'NONE',  #159 ) ;
#1284 = ORIENTED_EDGE ( 'NONE', *, *, #592, .T. ) ;
#1285 = FACE_OUTER_BOUND ( 'NONE', #425, .T. ) ;
#1286 = EDGE_LOOP ( 'NONE', ( #1795, #1559, #1141, #240 ) ) ;
#1287 = VECTOR ( 'NONE', #1930, 1000.000000000000000 ) ;
#1288 = VECTOR ( 'NONE', #1169, 1000.000000000000000 ) ;
#1289 = LINE ( 'NONE', #1107, #1181 ) ;
#1290 = ORIENTED_EDGE ( 'NONE', *, *, #1668, .F. ) ;
#1291 = FACE_BOUND ( 'NONE', #1088, .T. ) ;
#1292 = ORIENTED_EDGE ( 'NONE', *, *, #762, .F. ) ;
#1293 = CARTESIAN_POINT ( 'NONE',  ( -9.400000000000009237, 0.000000000000000000, 3.499999999999999556 ) ) ;
#1294 = VERTEX_POINT ( 'NONE', #1710 ) ;
#1295 = AXIS2_PLACEMENT_3D ( 'NONE', #597, #1043, #1192 ) ;
#1296 = CARTESIAN_POINT ( 'NONE',  ( -6.625000000000000888, 0.000000000000000000, 1.500000000000000000 ) ) ;
#1297 = ORIENTED_EDGE ( 'NONE', *, *, #227, .F. ) ;
#1298 = FACE_OUTER_BOUND ( 'NONE', #852, .T. ) ;
#1299 = DIRECTION ( 'NONE',  ( 1.000000000000000000, -0.000000000000000000, -0.000000000000000000 ) ) ;
#1300 = EDGE_CURVE ( 'NONE', #1884, #1436, #1092, .T. ) ;
#1301 = ORIENTED_EDGE ( 'NONE', *, *, #892, .T. ) ;
#1302 = ADVANCED_FACE ( 'NONE', ( #647 ), #1564, .F. ) ;
#1303 = DIRECTION ( 'NONE',  ( 0.000000000000000000, -1.000000000000000000, 0.000000000000000000 ) ) ;
#1304 = ORIENTED_EDGE ( 'NONE', *, *, #865, .T. ) ;
#1305 = FACE_OUTER_BOUND ( 'NONE', #838, .T. ) ;
#1306 = PLANE ( 'NONE',  #1678 ) ;
#1307 = ORIENTED_EDGE ( 'NONE', *, *, #1618, .F. ) ;
#1308 = PLANE ( 'NONE',  #1333 ) ;
#1309 = FACE_BOUND ( 'NONE', #1700, .T. ) ;
#1310 = ORIENTED_EDGE ( 'NONE', *, *, #1822, .T. ) ;
#1311 = PLANE ( 'NONE',  #408 ) ;
#1312 = EDGE_LOOP ( 'NONE', ( #981, #1409, #377, #109 ) ) ;
#1313 = CARTESIAN_POINT ( 'NONE',  ( -25.00000000000000000, 154.2500000000000000, 1.500000000000000000 ) ) ;
#1314 = AXIS2_PLACEMENT_3D ( 'NONE', #1372, #1684, #1250 ) ;
#1315 = DIRECTION ( 'NONE',  ( 0.000000000000000000, 1.000000000000000000, 0.000000000000000000 ) ) ;
#1316 = ORIENTED_EDGE ( 'NONE', *, *, #376, .F. ) ;
#1317 = CARTESIAN_POINT ( 'NONE',  ( 0.000000000000000000, 138.6500000000000341, 12.26812408671319510 ) ) ;
#1318 = CARTESIAN_POINT ( 'NONE',  ( -25.00000000000052580, 118.2374999999999972, 16.89999999999999858 ) ) ;
#1319 = VERTEX_POINT ( 'NONE', #1525 ) ;
#1320 = CARTESIAN_POINT ( 'NONE',  ( -9.949999999999976197, 154.2500000000000000, 18.09999999999999787 ) ) ;
#1321 = EDGE_LOOP ( 'NONE', ( #1024, #1767, #507, #1307 ) ) ;
#1322 = VECTOR ( 'NONE', #1072, 1000.000000000000000 ) ;
#1323 = ADVANCED_FACE ( 'NONE', ( #1401 ), #1062, .T. ) ;
#1324 = LINE ( 'NONE', #284, #432 ) ;
#1325 = EDGE_CURVE ( 'NONE', #744, #176, #1371, .T. ) ;
#1326 = CARTESIAN_POINT ( 'NONE',  ( -9.949999999999974420, 154.2500000000000000, 16.89999999999999858 ) ) ;
#1327 = ORIENTED_EDGE ( 'NONE', *, *, #1655, .T. ) ;
#1328 = CARTESIAN_POINT ( 'NONE',  ( -23.50000000000008171, 152.7500000000000000, 3.500000000000000000 ) ) ;
#1329 = CARTESIAN_POINT ( 'NONE',  ( -9.400000000000009237, 144.8500000000000227, 3.499999999999999556 ) ) ;
#1330 = VERTEX_POINT ( 'NONE', #1826 ) ;
#1331 = DIRECTION ( 'NONE',  ( 0.000000000000000000, 1.000000000000000000, 0.000000000000000000 ) ) ;
#1332 = DIRECTION ( 'NONE',  ( 0.000000000000000000, -0.000000000000000000, -1.000000000000000000 ) ) ;
#1333 = AXIS2_PLACEMENT_3D ( 'NONE', #563, #1761, #415 ) ;
#1334 = DIRECTION ( 'NONE',  ( -0.000000000000000000, -0.000000000000000000, -1.000000000000000000 ) ) ;
#1335 = EDGE_CURVE ( 'NONE', #1403, #213, #1692, .T. ) ;
#1336 = ORIENTED_EDGE ( 'NONE', *, *, #973, .F. ) ;
#1337 = EDGE_CURVE ( 'NONE', #1627, #729, #1847, .T. ) ;
#1338 = CARTESIAN_POINT ( 'NONE',  ( -15.04999999999997407, 152.7500000000000284, 16.89999999999999858 ) ) ;
#1339 = FACE_BOUND ( 'NONE', #1741, .T. ) ;
#1340 = FACE_OUTER_BOUND ( 'NONE', #574, .T. ) ;
#1341 = VERTEX_POINT ( 'NONE', #478 ) ;
#1342 = DIRECTION ( 'NONE',  ( -1.000000000000000000, 0.000000000000000000, 0.000000000000000000 ) ) ;
#1343 = SURFACE_SIDE_STYLE ('',( #1645 ) ) ;
#1344 = ADVANCED_FACE ( 'NONE', ( #1074 ), #189, .F. ) ;
#1345 = CARTESIAN_POINT ( 'NONE',  ( -23.50000000000000000, 113.1375000000000028, 8.800000000000000711 ) ) ;
#1346 = DIRECTION ( 'NONE',  ( 0.000000000000000000, 0.000000000000000000, 1.000000000000000000 ) ) ;
#1347 = LINE ( 'NONE', #132, #1176 ) ;
#1348 = AXIS2_PLACEMENT_3D ( 'NONE', #1584, #1516, #1953 ) ;
#1349 = DIRECTION ( 'NONE',  ( 0.000000000000000000, 0.000000000000000000, 1.000000000000000000 ) ) ;
#1350 = CARTESIAN_POINT ( 'NONE',  ( -9.400000000000002132, 59.85000000000002274, 2.000000000000000000 ) ) ;
#1351 = VECTOR ( 'NONE', #259, 1000.000000000000000 ) ;
#1352 = ORIENTED_EDGE ( 'NONE', *, *, #1603, .F. ) ;
#1353 = DIRECTION ( 'NONE',  ( 0.000000000000000000, -1.000000000000000000, 0.000000000000000000 ) ) ;
#1354 = ORIENTED_EDGE ( 'NONE', *, *, #1053, .T. ) ;
#1355 = CARTESIAN_POINT ( 'NONE',  ( -1.500000000000001332, 41.11249999999999716, 16.89999999999999858 ) ) ;
#1356 = VECTOR ( 'NONE', #980, 1000.000000000000000 ) ;
#1357 = CARTESIAN_POINT ( 'NONE',  ( -9.400000000000002132, 53.65000000000002700, 12.26812408671319510 ) ) ;
#1358 = DIRECTION ( 'NONE',  ( -0.000000000000000000, -0.000000000000000000, -1.000000000000000000 ) ) ;
#1359 = DIRECTION ( 'NONE',  ( -0.000000000000000000, -0.000000000000000000, -1.000000000000000000 ) ) ;
#1360 = VERTEX_POINT ( 'NONE', #802 ) ;
#1361 = EDGE_CURVE ( 'NONE', #972, #1651, #362, .T. ) ;
#1362 = DIRECTION ( 'NONE',  ( 0.000000000000000000, -1.000000000000000000, 0.000000000000000000 ) ) ;
#1363 = DIRECTION ( 'NONE',  ( -0.000000000000000000, -1.000000000000000000, -0.000000000000000000 ) ) ;
#1364 = VERTEX_POINT ( 'NONE', #1865 ) ;
#1365 = LINE ( 'NONE', #1217, #378 ) ;
#1366 = VECTOR ( 'NONE', #1845, 1000.000000000000000 ) ;
#1367 = DIRECTION ( 'NONE',  ( 0.000000000000000000, -1.000000000000000000, 0.000000000000000000 ) ) ;
#1368 = DIRECTION ( 'NONE',  ( 0.000000000000000000, 0.000000000000000000, -1.000000000000000000 ) ) ;
#1369 = CARTESIAN_POINT ( 'NONE',  ( -15.60000000000000142, 53.65000000000002700, 12.26812408671319510 ) ) ;
#1370 = EDGE_LOOP ( 'NONE', ( #243, #1704, #1227, #310 ) ) ;
#1371 = LINE ( 'NONE', #514, #995 ) ;
#1372 = CARTESIAN_POINT ( 'NONE',  ( -23.50000000000000000, 1.500000000000004219, 8.800000000000000711 ) ) ;
#1373 = VECTOR ( 'NONE', #404, 1000.000000000000000 ) ;
#1374 = DIRECTION ( 'NONE',  ( -1.000000000000000000, 1.734723475976807341E-16, 0.000000000000000000 ) ) ;
#1375 = EDGE_LOOP ( 'NONE', ( #1876, #106, #672, #772 ) ) ;
#1376 = DIRECTION ( 'NONE',  ( 0.000000000000000000, -1.000000000000000000, 0.000000000000000000 ) ) ;
#1377 = DIRECTION ( 'NONE',  ( 1.000000000000000000, -0.000000000000000000, -0.000000000000000000 ) ) ;
#1378 = AXIS2_PLACEMENT_3D ( 'NONE', #1234, #1515, #1662 ) ;
#1379 = PLANE ( 'NONE',  #1390 ) ;
#1380 = AXIS2_PLACEMENT_3D ( 'NONE', #735, #1035, #756 ) ;
#1381 = ORIENTED_EDGE ( 'NONE', *, *, #1335, .F. ) ;
#1382 = DIRECTION ( 'NONE',  ( 1.445602896647340100E-15, 0.000000000000000000, -1.000000000000000000 ) ) ;
#1383 = DIRECTION ( 'NONE',  ( 1.734723475976807834E-16, 1.000000000000000000, -0.000000000000000000 ) ) ;
#1384 = VECTOR ( 'NONE', #1383, 1000.000000000000000 ) ;
#1385 = VERTEX_POINT ( 'NONE', #1673 ) ;
#1386 = CARTESIAN_POINT ( 'NONE',  ( -25.00000000000051870, 36.01249999999999574, 16.89999999999999858 ) ) ;
#1387 = EDGE_CURVE ( 'NONE', #230, #777, #225, .T. ) ;
#1388 = LINE ( 'NONE', #912, #136 ) ;
#1389 = EDGE_CURVE ( 'NONE', #411, #35, #1437, .T. ) ;
#1390 = AXIS2_PLACEMENT_3D ( 'NONE', #465, #23, #956 ) ;
#1391 = ORIENTED_EDGE ( 'NONE', *, *, #312, .F. ) ;
#1392 = CARTESIAN_POINT ( 'NONE',  ( -15.04999999999997407, 154.2500000000000000, 16.89999999999999858 ) ) ;
#1393 = LINE ( 'NONE', #1238, #351 ) ;
#1394 = DIRECTION ( 'NONE',  ( 0.000000000000000000, 1.000000000000000000, 0.000000000000000000 ) ) ;
#1395 = ORIENTED_EDGE ( 'NONE', *, *, #1485, .F. ) ;
#1396 = CARTESIAN_POINT ( 'NONE',  ( 0.000000000000000000, 0.000000000000000000, 1.500000000000000000 ) ) ;
#1397 = EDGE_CURVE ( 'NONE', #1435, #164, #1891, .T. ) ;
#1398 = VECTOR ( 'NONE', #545, 1000.000000000000000 ) ;
#1399 = CARTESIAN_POINT ( 'NONE',  ( 0.000000000000000000, 154.2500000000000000, 2.000000000000000000 ) ) ;
#1400 = EDGE_LOOP ( 'NONE', ( #633, #64, #1685, #1301 ) ) ;
#1401 = FACE_OUTER_BOUND ( 'NONE', #270, .T. ) ;
#1402 = CARTESIAN_POINT ( 'NONE',  ( -1.500000000000000000, 1.500000000000000222, 22.00000000000000000 ) ) ;
#1403 = VERTEX_POINT ( 'NONE', #1718 ) ;
#1404 = EDGE_CURVE ( 'NONE', #188, #1466, #845, .T. ) ;
#1405 = CARTESIAN_POINT ( 'NONE',  ( -1.500000000000000000, 36.01250000000000284, 18.09999999999999787 ) ) ;
#1406 = ADVANCED_BREP_SHAPE_REPRESENTATION ( 'Buttons_Trotten', ( #712, #1378 ), #470 ) ;
#1407 = ORIENTED_EDGE ( 'NONE', *, *, #366, .F. ) ;
#1408 = DIRECTION ( 'NONE',  ( -0.000000000000000000, -1.000000000000000000, -0.000000000000000000 ) ) ;
#1409 = ORIENTED_EDGE ( 'NONE', *, *, #1571, .F. ) ;
#1410 = CARTESIAN_POINT ( 'NONE',  ( -15.59999999999999787, 81.15000000000004832, 2.000000000000000000 ) ) ;
#1411 = ADVANCED_FACE ( 'NONE', ( #380 ), #1607, .F. ) ;
#1412 = VECTOR ( 'NONE', #460, 1000.000000000000000 ) ;
#1413 = DIRECTION ( 'NONE',  ( -1.000000000000000000, 0.000000000000000000, 0.000000000000000000 ) ) ;
#1414 = ORIENTED_EDGE ( 'NONE', *, *, #80, .F. ) ;
#1415 = LINE ( 'NONE', #59, #369 ) ;
#1416 = DIRECTION ( 'NONE',  ( 0.000000000000000000, -0.7071067811865472397, 0.7071067811865479058 ) ) ;
#1417 = ORIENTED_EDGE ( 'NONE', *, *, #936, .T. ) ;
#1418 = FACE_BOUND ( 'NONE', #1897, .T. ) ;
#1419 = VECTOR ( 'NONE', #1358, 1000.000000000000000 ) ;
#1420 = ORIENTED_EDGE ( 'NONE', *, *, #973, .T. ) ;
#1421 = EDGE_CURVE ( 'NONE', #3, #390, #73, .T. ) ;
#1422 = PLANE ( 'NONE',  #1348 ) ;
#1423 = ADVANCED_FACE ( 'NONE', ( #1588, #1418, #699, #854, #1291 ), #83, .F. ) ;
#1424 = EDGE_LOOP ( 'NONE', ( #181, #78, #1297, #645 ) ) ;
#1425 = CARTESIAN_POINT ( 'NONE',  ( -15.60000000000000142, 53.65000000000002700, 12.26812408671319510 ) ) ;
#1426 = PLANE ( 'NONE',  #22 ) ;
#1427 = EDGE_LOOP ( 'NONE', ( #201, #734, #387, #1481 ) ) ;
#1428 = VECTOR ( 'NONE', #234, 1000.000000000000000 ) ;
#1429 = CARTESIAN_POINT ( 'NONE',  ( -25.00000000000051870, 41.11249999999999716, 18.09999999999999787 ) ) ;
#1430 = ORIENTED_EDGE ( 'NONE', *, *, #293, .F. ) ;
#1431 = DIRECTION ( 'NONE',  ( -0.000000000000000000, 0.000000000000000000, 1.000000000000000000 ) ) ;
#1432 = ORIENTED_EDGE ( 'NONE', *, *, #1938, .F. ) ;
#1433 = VECTOR ( 'NONE', #221, 1000.000000000000000 ) ;
#1434 = DIRECTION ( 'NONE',  ( 0.000000000000000000, 0.000000000000000000, 1.000000000000000000 ) ) ;
#1435 = VERTEX_POINT ( 'NONE', #835 ) ;
#1436 = VERTEX_POINT ( 'NONE', #556 ) ;
#1437 = LINE ( 'NONE', #100, #719 ) ;
#1438 = VERTEX_POINT ( 'NONE', #215 ) ;
#1439 = LINE ( 'NONE', #568, #508 ) ;
#1440 = ORIENTED_EDGE ( 'NONE', *, *, #196, .T. ) ;
#1441 = VECTOR ( 'NONE', #1299, 1000.000000000000000 ) ;
#1442 = VECTOR ( 'NONE', #677, 1000.000000000000000 ) ;
#1443 = PLANE ( 'NONE',  #338 ) ;
#1444 = ADVANCED_FACE ( 'NONE', ( #63, #824, #1309 ), #1283, .F. ) ;
#1445 = ORIENTED_EDGE ( 'NONE', *, *, #792, .T. ) ;
#1446 = ADVANCED_FACE ( 'NONE', ( #1148, #1140 ), #523, .T. ) ;
#1447 = CARTESIAN_POINT ( 'NONE',  ( -25.00000000000000000, 154.2500000000000000, 2.000000000000000000 ) ) ;
#1448 = CARTESIAN_POINT ( 'NONE',  ( 0.000000000000000000, 5.500000000000000000, 0.000000000000000000 ) ) ;
#1449 = VERTEX_POINT ( 'NONE', #1597 ) ;
#1450 = DIRECTION ( 'NONE',  ( 0.000000000000000000, 0.000000000000000000, -1.000000000000000000 ) ) ;
#1451 = EDGE_LOOP ( 'NONE', ( #471, #1247, #1275, #467 ) ) ;
#1452 = PLANE ( 'NONE',  #778 ) ;
#1453 = DIRECTION ( 'NONE',  ( 0.000000000000000000, -1.000000000000000000, 0.000000000000000000 ) ) ;
#1454 = ORIENTED_EDGE ( 'NONE', *, *, #1858, .F. ) ;
#1455 = EDGE_CURVE ( 'NONE', #1580, #1601, #680, .T. ) ;
#1456 = ORIENTED_EDGE ( 'NONE', *, *, #101, .F. ) ;
#1457 = CARTESIAN_POINT ( 'NONE',  ( 4.008175741568163808, 152.7500000000000284, 16.89999999999999858 ) ) ;
#1458 = ORIENTED_EDGE ( 'NONE', *, *, #1421, .F. ) ;
#1459 = VECTOR ( 'NONE', #1165, 1000.000000000000000 ) ;
#1460 = DIRECTION ( 'NONE',  ( 0.000000000000000000, 0.000000000000000000, 1.000000000000000000 ) ) ;
#1461 = CARTESIAN_POINT ( 'NONE',  ( -25.00000000000051870, 41.11249999999999716, 16.89999999999999858 ) ) ;
#1462 = ORIENTED_EDGE ( 'NONE', *, *, #235, .F. ) ;
#1463 = EDGE_CURVE ( 'NONE', #1651, #188, #1119, .T. ) ;
#1464 = DIRECTION ( 'NONE',  ( 0.000000000000000000, -5.782411586589358822E-15, -1.000000000000000000 ) ) ;
#1465 = VECTOR ( 'NONE', #954, 1000.000000000000000 ) ;
#1466 = VERTEX_POINT ( 'NONE', #816 ) ;
#1467 = DIRECTION ( 'NONE',  ( -0.000000000000000000, -0.000000000000000000, -1.000000000000000000 ) ) ;
#1468 = CARTESIAN_POINT ( 'NONE',  ( -15.59999999999999787, 87.35000000000003695, 3.499999999999999556 ) ) ;
#1469 = ORIENTED_EDGE ( 'NONE', *, *, #1592, .F. ) ;
#1470 = CARTESIAN_POINT ( 'NONE',  ( 0.000000000000000000, 35.75000000000000000, 1.500000000000000000 ) ) ;
#1471 = FACE_OUTER_BOUND ( 'NONE', #1375, .T. ) ;
#1472 = ORIENTED_EDGE ( 'NONE', *, *, #1404, .F. ) ;
#1473 = EDGE_CURVE ( 'NONE', #737, #1013, #1753, .T. ) ;
#1474 = VECTOR ( 'NONE', #1610, 1000.000000000000000 ) ;
#1475 = CARTESIAN_POINT ( 'NONE',  ( -15.05000000000000249, 2.610758831345095860E-15, 18.09999999999999787 ) ) ;
#1476 = AXIS2_PLACEMENT_3D ( 'NONE', #292, #1766, #711 ) ;
#1477 = DIRECTION ( 'NONE',  ( 0.000000000000000000, 1.000000000000000000, 0.000000000000000000 ) ) ;
#1478 = EDGE_LOOP ( 'NONE', ( #1756, #550, #1268, #656 ) ) ;
#1479 = DIRECTION ( 'NONE',  ( 0.000000000000000000, 0.000000000000000000, 1.000000000000000000 ) ) ;
#1480 = DIRECTION ( 'NONE',  ( -0.000000000000000000, -0.000000000000000000, -1.000000000000000000 ) ) ;
#1481 = ORIENTED_EDGE ( 'NONE', *, *, #1655, .F. ) ;
#1482 = PLANE ( 'NONE',  #1602 ) ;
#1483 = CARTESIAN_POINT ( 'NONE',  ( -9.400000000000009237, 144.8500000000000227, 2.000000000000000000 ) ) ;
#1484 = EDGE_LOOP ( 'NONE', ( #473, #638, #1066, #1779 ) ) ;
#1485 = EDGE_CURVE ( 'NONE', #1840, #963, #370, .T. ) ;
#1486 = EDGE_CURVE ( 'NONE', #1828, #1956, #964, .T. ) ;
#1487 = VECTOR ( 'NONE', #1924, 1000.000000000000000 ) ;
#1488 = CARTESIAN_POINT ( 'NONE',  ( -15.05000000000000071, 2.610758831345095466E-15, 16.89999999999999858 ) ) ;
#1489 = LINE ( 'NONE', #285, #820 ) ;
#1490 = ORIENTED_EDGE ( 'NONE', *, *, #1059, .T. ) ;
#1491 = DIRECTION ( 'NONE',  ( -1.445602896647339706E-15, 3.209883240645394110E-31, 1.000000000000000000 ) ) ;
#1492 = DIRECTION ( 'NONE',  ( -1.000000000000000000, -5.406930314732904935E-16, -0.000000000000000000 ) ) ;
#1493 = EDGE_LOOP ( 'NONE', ( #494, #13, #1691, #663 ) ) ;
#1494 = DIRECTION ( 'NONE',  ( 0.000000000000000000, -1.000000000000000000, 0.000000000000000000 ) ) ;
#1495 = PRESENTATION_STYLE_ASSIGNMENT (( #1931 ) ) ;
#1496 = ORIENTED_EDGE ( 'NONE', *, *, #1910, .T. ) ;
#1497 = PRODUCT_DEFINITION_SHAPE ( 'NONE', 'NONE',  #1116 ) ;
#1498 = VECTOR ( 'NONE', #813, 1000.000000000000000 ) ;
#1499 = CARTESIAN_POINT ( 'NONE',  ( -25.00000000000051870, 36.01249999999999574, 16.89999999999999858 ) ) ;
#1500 = LINE ( 'NONE', #99, #1170 ) ;
#1501 = DIRECTION ( 'NONE',  ( 1.000000000000000000, 0.000000000000000000, 0.000000000000000000 ) ) ;
#1502 = ORIENTED_EDGE ( 'NONE', *, *, #1280, .T. ) ;
#1503 = CARTESIAN_POINT ( 'NONE',  ( -6.625000000000000888, 0.000000000000000000, 1.500000000000000000 ) ) ;
#1504 = CARTESIAN_POINT ( 'NONE',  ( -15.60000000000000142, 53.65000000000002700, 3.499999999999999556 ) ) ;
#1505 = LINE ( 'NONE', #758, #1582 ) ;
#1506 = VERTEX_POINT ( 'NONE', #1882 ) ;
#1507 = PLANE ( 'NONE',  #237 ) ;
#1508 = LINE ( 'NONE', #1100, #1366 ) ;
#1509 = VECTOR ( 'NONE', #1908, 1000.000000000000000 ) ;
#1510 = ADVANCED_FACE ( 'NONE', ( #878 ), #1200, .T. ) ;
#1511 = DIRECTION ( 'NONE',  ( -1.000000000000000000, 0.000000000000000000, 0.000000000000000000 ) ) ;
#1512 = ADVANCED_FACE ( 'NONE', ( #596 ), #1917, .T. ) ;
#1513 = CARTESIAN_POINT ( 'NONE',  ( -9.399999999999998579, 117.3500000000000227, 12.26812408671319510 ) ) ;
#1514 = EDGE_LOOP ( 'NONE', ( #1462, #516, #226, #713 ) ) ;
#1515 = DIRECTION ( 'NONE',  ( 0.000000000000000000, 0.000000000000000000, 1.000000000000000000 ) ) ;
#1516 = DIRECTION ( 'NONE',  ( -1.000000000000000000, 0.000000000000000000, 0.000000000000000000 ) ) ;
#1517 = CARTESIAN_POINT ( 'NONE',  ( -9.400000000000002132, 59.85000000000002274, 3.499999999999999556 ) ) ;
#1518 = EDGE_LOOP ( 'NONE', ( #957, #261, #1006, #1730 ) ) ;
#1519 = LINE ( 'NONE', #1079, #186 ) ;
#1520 = VECTOR ( 'NONE', #781, 1000.000000000000000 ) ;
#1521 = CARTESIAN_POINT ( 'NONE',  ( -1.500000000000001332, 36.01249999999999574, 16.89999999999999858 ) ) ;
#1522 = LINE ( 'NONE', #1082, #1734 ) ;
#1523 = DIRECTION ( 'NONE',  ( 0.000000000000000000, 5.782411586589358822E-15, 1.000000000000000000 ) ) ;
#1524 = ORIENTED_EDGE ( 'NONE', *, *, #1632, .F. ) ;
#1525 = CARTESIAN_POINT ( 'NONE',  ( -15.59999999999999787, 81.15000000000004832, 2.000000000000000000 ) ) ;
#1526 = FACE_OUTER_BOUND ( 'NONE', #286, .T. ) ;
#1527 = ORIENTED_EDGE ( 'NONE', *, *, #910, .F. ) ;
#1528 = ORIENTED_EDGE ( 'NONE', *, *, #101, .T. ) ;
#1529 = CARTESIAN_POINT ( 'NONE',  ( -15.59999999999999787, 81.15000000000004832, 2.000000000000000000 ) ) ;
#1530 = AXIS2_PLACEMENT_3D ( 'NONE', #10, #1367, #621 ) ;
#1531 = CARTESIAN_POINT ( 'NONE',  ( -25.00000000000052580, 118.2374999999999972, 16.89999999999999858 ) ) ;
#1532 = LINE ( 'NONE', #1824, #1136 ) ;
#1533 = ORIENTED_EDGE ( 'NONE', *, *, #1175, .T. ) ;
#1534 = CARTESIAN_POINT ( 'NONE',  ( -9.949999999999976197, 154.2500000000000000, 18.09999999999999787 ) ) ;
#1535 = DIRECTION ( 'NONE',  ( 1.000000000000000000, 0.000000000000000000, 0.000000000000000000 ) ) ;
#1536 = VERTEX_POINT ( 'NONE', #276 ) ;
#1537 = ADVANCED_FACE ( 'NONE', ( #761, #1906, #1339 ), #577, .T. ) ;
#1538 = DIRECTION ( 'NONE',  ( 0.000000000000000000, 0.000000000000000000, 1.000000000000000000 ) ) ;
#1539 = EDGE_CURVE ( 'NONE', #1341, #777, #1157, .T. ) ;
#1540 = ORIENTED_EDGE ( 'NONE', *, *, #438, .F. ) ;
#1541 = PLANE ( 'NONE',  #653 ) ;
#1542 = DIRECTION ( 'NONE',  ( -1.734723475976807587E-16, -1.000000000000000000, 0.000000000000000000 ) ) ;
#1543 = AXIS2_PLACEMENT_3D ( 'NONE', #1392, #491, #14 ) ;
#1544 = ORIENTED_EDGE ( 'NONE', *, *, #1639, .T. ) ;
#1545 = CARTESIAN_POINT ( 'NONE',  ( 0.000000000000000000, 117.3500000000000227, 2.000000000000000000 ) ) ;
#1546 = PLANE ( 'NONE',  #443 ) ;
#1547 = VECTOR ( 'NONE', #469, 1000.000000000000000 ) ;
#1548 = ORIENTED_EDGE ( 'NONE', *, *, #955, .F. ) ;
#1549 = EDGE_CURVE ( 'NONE', #1783, #578, #1948, .T. ) ;
#1550 = VERTEX_POINT ( 'NONE', #297 ) ;
#1551 = DIRECTION ( 'NONE',  ( 0.000000000000000000, 5.782411586589358822E-15, -1.000000000000000000 ) ) ;
#1552 = VECTOR ( 'NONE', #742, 1000.000000000000000 ) ;
#1553 = CARTESIAN_POINT ( 'NONE',  ( 7.131881890609649745E-15, 118.2374999999999972, 18.09999999999999787 ) ) ;
#1554 = VERTEX_POINT ( 'NONE', #1937 ) ;
#1555 = LINE ( 'NONE', #918, #1259 ) ;
#1556 = LINE ( 'NONE', #503, #247 ) ;
#1557 = EDGE_CURVE ( 'NONE', #1013, #213, #1629, .T. ) ;
#1558 = CARTESIAN_POINT ( 'NONE',  ( -15.05000000000000249, 2.610758831345095860E-15, 18.09999999999999787 ) ) ;
#1559 = ORIENTED_EDGE ( 'NONE', *, *, #1335, .T. ) ;
#1560 = FACE_OUTER_BOUND ( 'NONE', #1400, .T. ) ;
#1561 = CARTESIAN_POINT ( 'NONE',  ( -6.625000000000000888, 5.500000000000000000, 1.500000000000000000 ) ) ;
#1562 = ORIENTED_EDGE ( 'NONE', *, *, #165, .T. ) ;
#1563 = EDGE_LOOP ( 'NONE', ( #249, #267, #1454, #899 ) ) ;
#1564 = PLANE ( 'NONE',  #1543 ) ;
#1565 = ORIENTED_EDGE ( 'NONE', *, *, #1112, .F. ) ;
#1566 = ORIENTED_EDGE ( 'NONE', *, *, #1047, .F. ) ;
#1567 = PLANE ( 'NONE',  #302 ) ;
#1568 =( NAMED_UNIT ( * ) PLANE_ANGLE_UNIT ( ) SI_UNIT ( $, .RADIAN. ) );
#1569 = EDGE_CURVE ( 'NONE', #1466, #1612, #606, .T. ) ;
#1570 = DIRECTION ( 'NONE',  ( 1.000000000000000000, 0.000000000000000000, 0.000000000000000000 ) ) ;
#1571 = EDGE_CURVE ( 'NONE', #659, #819, #720, .T. ) ;
#1572 = CARTESIAN_POINT ( 'NONE',  ( -25.00000000000052580, 118.2374999999999972, 18.09999999999999787 ) ) ;
#1573 = VECTOR ( 'NONE', #1362, 1000.000000000000000 ) ;
#1574 = ORIENTED_EDGE ( 'NONE', *, *, #1618, .T. ) ;
#1575 = VECTOR ( 'NONE', #431, 1000.000000000000000 ) ;
#1576 = DIRECTION ( 'NONE',  ( -1.000000000000000000, 0.000000000000000000, 0.000000000000000000 ) ) ;
#1577 = ORIENTED_EDGE ( 'NONE', *, *, #320, .T. ) ;
#1578 = DIRECTION ( 'NONE',  ( -1.000000000000000000, 0.000000000000000000, 0.000000000000000000 ) ) ;
#1579 = EDGE_LOOP ( 'NONE', ( #102, #1395, #811, #608 ) ) ;
#1580 = VERTEX_POINT ( 'NONE', #143 ) ;
#1581 = DIRECTION ( 'NONE',  ( 1.000000000000000000, -1.734723475976807341E-16, -0.000000000000000000 ) ) ;
#1582 = VECTOR ( 'NONE', #1955, 1000.000000000000000 ) ;
#1583 = ORIENTED_EDGE ( 'NONE', *, *, #254, .T. ) ;
#1584 = CARTESIAN_POINT ( 'NONE',  ( -15.60000000000000675, 0.000000000000000000, 12.26812408671319510 ) ) ;
#1585 = VERTEX_POINT ( 'NONE', #309 ) ;
#1586 = CARTESIAN_POINT ( 'NONE',  ( -25.00000000000000000, 4.336808689942019314E-15, 22.00000000000000000 ) ) ;
#1587 = CARTESIAN_POINT ( 'NONE',  ( -15.60000000000000675, 0.000000000000000000, 3.499999999999999556 ) ) ;
#1588 = FACE_BOUND ( 'NONE', #1451, .T. ) ;
#1589 = ORIENTED_EDGE ( 'NONE', *, *, #611, .F. ) ;
#1590 = PLANE ( 'NONE',  #1124 ) ;
#1591 = EDGE_LOOP ( 'NONE', ( #1533, #210, #1502, #683 ) ) ;
#1592 = EDGE_CURVE ( 'NONE', #1330, #526, #1166, .T. ) ;
#1593 = EDGE_CURVE ( 'NONE', #513, #1840, #1009, .T. ) ;
#1594 = LINE ( 'NONE', #528, #1465 ) ;
#1595 = VERTEX_POINT ( 'NONE', #1617 ) ;
#1596 = ORIENTED_EDGE ( 'NONE', *, *, #752, .T. ) ;
#1597 = CARTESIAN_POINT ( 'NONE',  ( -1.499999999999999556, 152.7500000000000284, 3.500000000000000000 ) ) ;
#1598 = VERTEX_POINT ( 'NONE', #456 ) ;
#1599 = VECTOR ( 'NONE', #1523, 1000.000000000000000 ) ;
#1600 = LINE ( 'NONE', #248, #472 ) ;
#1601 = VERTEX_POINT ( 'NONE', #1190 ) ;
#1602 = AXIS2_PLACEMENT_3D ( 'NONE', #723, #1633, #114 ) ;
#1603 = EDGE_CURVE ( 'NONE', #1595, #972, #1051, .T. ) ;
#1604 = CARTESIAN_POINT ( 'NONE',  ( 0.000000000000000000, 36.01249999999999574, 16.89999999999999858 ) ) ;
#1605 = ORIENTED_EDGE ( 'NONE', *, *, #572, .T. ) ;
#1606 = LINE ( 'NONE', #522, #860 ) ;
#1607 = PLANE ( 'NONE',  #1699 ) ;
#1608 = VERTEX_POINT ( 'NONE', #417 ) ;
#1609 = VECTOR ( 'NONE', #1492, 1000.000000000000000 ) ;
#1610 = DIRECTION ( 'NONE',  ( 1.000000000000000000, -1.734723475976807341E-16, -0.000000000000000000 ) ) ;
#1611 = CARTESIAN_POINT ( 'NONE',  ( -15.05000000000000071, 2.610758831345095466E-15, 16.89999999999999858 ) ) ;
#1612 = VERTEX_POINT ( 'NONE', #121 ) ;
#1613 = CARTESIAN_POINT ( 'NONE',  ( -9.400000000000009237, 0.000000000000000000, 12.26812408671319510 ) ) ;
#1614 = EDGE_LOOP ( 'NONE', ( #798, #1873, #1861, #658 ) ) ;
#1615 = DIRECTION ( 'NONE',  ( -1.000000000000000000, 0.000000000000000000, 0.000000000000000000 ) ) ;
#1616 = PRODUCT_RELATED_PRODUCT_CATEGORY ( 'part', '', ( #375 ) ) ;
#1617 = CARTESIAN_POINT ( 'NONE',  ( 0.000000000000000000, 0.000000000000000000, 22.00000000000000000 ) ) ;
#1618 = EDGE_CURVE ( 'NONE', #179, #747, #732, .T. ) ;
#1619 = EDGE_LOOP ( 'NONE', ( #358, #591, #405, #192 ) ) ;
#1620 = VECTOR ( 'NONE', #1707, 1000.000000000000000 ) ;
#1621 = CARTESIAN_POINT ( 'NONE',  ( -25.00000000000051870, 41.11249999999999716, 16.89999999999999858 ) ) ;
#1622 = DIRECTION ( 'NONE',  ( 1.000000000000000000, 5.406930314732904935E-16, 0.000000000000000000 ) ) ;
#1623 = ORIENTED_EDGE ( 'NONE', *, *, #1657, .T. ) ;
#1624 = DIRECTION ( 'NONE',  ( 0.000000000000000000, -1.000000000000000000, 0.000000000000000000 ) ) ;
#1625 = AXIS2_PLACEMENT_3D ( 'NONE', #1923, #581, #1171 ) ;
#1626 = CARTESIAN_POINT ( 'NONE',  ( -1.500000000000000000, 1.500000000000000222, 18.09999999999999787 ) ) ;
#1627 = VERTEX_POINT ( 'NONE', #1329 ) ;
#1628 = LINE ( 'NONE', #1772, #168 ) ;
#1629 = LINE ( 'NONE', #565, #60 ) ;
#1630 = EDGE_CURVE ( 'NONE', #1240, #1239, #587, .T. ) ;
#1631 = ORIENTED_EDGE ( 'NONE', *, *, #1889, .F. ) ;
#1632 = EDGE_CURVE ( 'NONE', #1449, #1744, #1785, .T. ) ;
#1633 = DIRECTION ( 'NONE',  ( -1.000000000000000000, 1.734723475976807834E-16, -1.445602896647340100E-15 ) ) ;
#1634 = LINE ( 'NONE', #1461, #879 ) ;
#1635 = ORIENTED_EDGE ( 'NONE', *, *, #800, .F. ) ;
#1636 = VECTOR ( 'NONE', #610, 1000.000000000000000 ) ;
#1637 = CARTESIAN_POINT ( 'NONE',  ( -15.60000000000000142, 53.65000000000002700, 2.000000000000000000 ) ) ;
#1638 = VECTOR ( 'NONE', #1695, 1000.000000000000000 ) ;
#1639 = EDGE_CURVE ( 'NONE', #1842, #246, #133, .T. ) ;
#1640 = VERTEX_POINT ( 'NONE', #1101 ) ;
#1641 = DIRECTION ( 'NONE',  ( 0.000000000000000000, 1.000000000000000000, 0.000000000000000000 ) ) ;
#1642 = CARTESIAN_POINT ( 'NONE',  ( 0.000000000000000000, 36.01249999999999574, 16.89999999999999858 ) ) ;
#1643 = ORIENTED_EDGE ( 'NONE', *, *, #1226, .F. ) ;
#1644 = LINE ( 'NONE', #890, #1883 ) ;
#1645 = SURFACE_STYLE_FILL_AREA ( #1012 ) ;
#1646 = VECTOR ( 'NONE', #696, 1000.000000000000000 ) ;
#1647 = CARTESIAN_POINT ( 'NONE',  ( -1.500000000000000000, 1.500000000000000222, 8.800000000000000711 ) ) ;
#1648 = LINE ( 'NONE', #1029, #493 ) ;
#1649 = DIRECTION ( 'NONE',  ( 0.000000000000000000, 0.000000000000000000, 1.000000000000000000 ) ) ;
#1650 = CARTESIAN_POINT ( 'NONE',  ( -1.500000000000001332, 118.2374999999999972, 18.09999999999999787 ) ) ;
#1651 = VERTEX_POINT ( 'NONE', #1399 ) ;
#1652 = DIRECTION ( 'NONE',  ( 0.000000000000000000, 1.000000000000000000, -0.000000000000000000 ) ) ;
#1653 = FACE_OUTER_BOUND ( 'NONE', #1857, .T. ) ;
#1654 = EDGE_LOOP ( 'NONE', ( #1161, #533, #1932, #1420 ) ) ;
#1655 = EDGE_CURVE ( 'NONE', #737, #1010, #937, .T. ) ;
#1656 = FACE_BOUND ( 'NONE', #1286, .T. ) ;
#1657 = EDGE_CURVE ( 'NONE', #1585, #1598, #1522, .T. ) ;
#1658 = CARTESIAN_POINT ( 'NONE',  ( -9.949999999999976197, 154.2500000000000000, 18.09999999999999787 ) ) ;
#1659 = CARTESIAN_POINT ( 'NONE',  ( 0.000000000000000000, 0.000000000000000000, 22.00000000000000000 ) ) ;
#1660 = LINE ( 'NONE', #2, #49 ) ;
#1661 = ORIENTED_EDGE ( 'NONE', *, *, #1814, .F. ) ;
#1662 = DIRECTION ( 'NONE',  ( 1.000000000000000000, 0.000000000000000000, 0.000000000000000000 ) ) ;
#1663 = CARTESIAN_POINT ( 'NONE',  ( -15.60000000000000142, 53.65000000000002700, 2.000000000000000000 ) ) ;
#1664 = DIRECTION ( 'NONE',  ( 0.000000000000000000, 0.000000000000000000, -1.000000000000000000 ) ) ;
#1665 = VECTOR ( 'NONE', #1667, 1000.000000000000000 ) ;
#1666 = VERTEX_POINT ( 'NONE', #1244 ) ;
#1667 = DIRECTION ( 'NONE',  ( -1.734723475976808080E-16, -1.000000000000000000, -0.000000000000000000 ) ) ;
#1668 = EDGE_CURVE ( 'NONE', #943, #1466, #1812, .T. ) ;
#1669 = FACE_BOUND ( 'NONE', #1719, .T. ) ;
#1670 = AXIS2_PLACEMENT_3D ( 'NONE', #1281, #1063, #167 ) ;
#1671 = LINE ( 'NONE', #914, #1599 ) ;
#1672 = ORIENTED_EDGE ( 'NONE', *, *, #1569, .F. ) ;
#1673 = CARTESIAN_POINT ( 'NONE',  ( -23.50000000000000000, 113.1375000000000028, 16.89999999999999858 ) ) ;
#1674 = FACE_OUTER_BOUND ( 'NONE', #938, .T. ) ;
#1675 = ORIENTED_EDGE ( 'NONE', *, *, #1389, .T. ) ;
#1676 = VERTEX_POINT ( 'NONE', #655 ) ;
#1677 = CARTESIAN_POINT ( 'NONE',  ( -25.00000000000052580, 113.1375000000000028, 16.89999999999999858 ) ) ;
#1678 = AXIS2_PLACEMENT_3D ( 'NONE', #594, #434, #1005 ) ;
#1679 = LINE ( 'NONE', #1089, #1014 ) ;
#1680 = CARTESIAN_POINT ( 'NONE',  ( -23.50000000000000711, 44.25000000000000000, 3.500000000000000000 ) ) ;
#1681 = ORIENTED_EDGE ( 'NONE', *, *, #235, .T. ) ;
#1682 = EDGE_CURVE ( 'NONE', #203, #804, #946, .T. ) ;
#1683 = PLANE ( 'NONE',  #184 ) ;
#1684 = DIRECTION ( 'NONE',  ( -1.000000000000000000, 0.000000000000000000, 0.000000000000000000 ) ) ;
#1685 = ORIENTED_EDGE ( 'NONE', *, *, #1191, .T. ) ;
#1686 = ORIENTED_EDGE ( 'NONE', *, *, #254, .F. ) ;
#1687 = FACE_BOUND ( 'NONE', #1709, .T. ) ;
#1688 = VECTOR ( 'NONE', #1242, 1000.000000000000000 ) ;
#1689 = LINE ( 'NONE', #195, #424 ) ;
#1690 = CARTESIAN_POINT ( 'NONE',  ( -1.500000000000000000, 1.500000000000000222, 16.89999999999999858 ) ) ;
#1691 = ORIENTED_EDGE ( 'NONE', *, *, #1698, .F. ) ;
#1692 = LINE ( 'NONE', #1545, #1789 ) ;
#1693 = DIRECTION ( 'NONE',  ( -0.000000000000000000, 0.000000000000000000, -1.000000000000000000 ) ) ;
#1694 = EDGE_CURVE ( 'NONE', #1899, #179, #12, .T. ) ;
#1695 = DIRECTION ( 'NONE',  ( -1.000000000000000000, 0.000000000000000000, 0.000000000000000000 ) ) ;
#1696 = EDGE_LOOP ( 'NONE', ( #921, #1909, #1144, #1732 ) ) ;
#1697 = LINE ( 'NONE', #613, #525 ) ;
#1698 = EDGE_CURVE ( 'NONE', #406, #1330, #1090, .T. ) ;
#1699 = AXIS2_PLACEMENT_3D ( 'NONE', #257, #236, #990 ) ;
#1700 = EDGE_LOOP ( 'NONE', ( #1028, #1304, #1583, #698 ) ) ;
#1701 = DIRECTION ( 'NONE',  ( -0.000000000000000000, -0.000000000000000000, -1.000000000000000000 ) ) ;
#1702 = PLANE ( 'NONE',  #1314 ) ;
#1703 = AXIS2_PLACEMENT_3D ( 'NONE', #775, #1829, #1374 ) ;
#1704 = ORIENTED_EDGE ( 'NONE', *, *, #490, .F. ) ;
#1705 = CARTESIAN_POINT ( 'NONE',  ( -9.400000000000002132, 53.65000000000002700, 12.26812408671319510 ) ) ;
#1706 = ORIENTED_EDGE ( 'NONE', *, *, #1389, .F. ) ;
#1707 = DIRECTION ( 'NONE',  ( -1.000000000000000000, 0.000000000000000000, 0.000000000000000000 ) ) ;
#1708 = DIRECTION ( 'NONE',  ( 0.000000000000000000, -1.000000000000000000, 0.000000000000000000 ) ) ;
#1709 = EDGE_LOOP ( 'NONE', ( #58, #1216, #1113, #238 ) ) ;
#1710 = CARTESIAN_POINT ( 'NONE',  ( -15.60000000000000142, 53.65000000000002700, 2.000000000000000000 ) ) ;
#1711 = EDGE_LOOP ( 'NONE', ( #1061, #1661, #991, #48 ) ) ;
#1712 = ORIENTED_EDGE ( 'NONE', *, *, #307, .F. ) ;
#1713 = EDGE_CURVE ( 'NONE', #842, #3, #1532, .T. ) ;
#1714 = VECTOR ( 'NONE', #1881, 1000.000000000000000 ) ;
#1715 = LINE ( 'NONE', #1586, #1143 ) ;
#1716 = EDGE_CURVE ( 'NONE', #843, #1133, #360, .T. ) ;
#1717 = DIRECTION ( 'NONE',  ( -1.000000000000000000, 1.734723475976807587E-16, 0.000000000000000000 ) ) ;
#1718 = CARTESIAN_POINT ( 'NONE',  ( -9.399999999999998579, 117.3500000000000227, 2.000000000000000000 ) ) ;
#1719 = EDGE_LOOP ( 'NONE', ( #388, #233, #978, #348 ) ) ;
#1720 = VECTOR ( 'NONE', #433, 1000.000000000000000 ) ;
#1721 = ORIENTED_EDGE ( 'NONE', *, *, #1175, .F. ) ;
#1722 = CARTESIAN_POINT ( 'NONE',  ( -15.59999999999999787, 81.15000000000004832, 12.26812408671319510 ) ) ;
#1723 = CARTESIAN_POINT ( 'NONE',  ( 0.000000000000000000, 0.000000000000000000, 1.500000000000000000 ) ) ;
#1724 = VECTOR ( 'NONE', #1408, 1000.000000000000000 ) ;
#1725 = CARTESIAN_POINT ( 'NONE',  ( 0.000000000000000000, 117.3500000000000227, 3.499999999999999556 ) ) ;
#1726 = VECTOR ( 'NONE', #1331, 1000.000000000000000 ) ;
#1727 = ORIENTED_EDGE ( 'NONE', *, *, #169, .F. ) ;
#1728 = VECTOR ( 'NONE', #515, 1000.000000000000000 ) ;
#1729 = LINE ( 'NONE', #419, #841 ) ;
#1730 = ORIENTED_EDGE ( 'NONE', *, *, #1912, .F. ) ;
#1731 = LINE ( 'NONE', #1262, #1498 ) ;
#1732 = ORIENTED_EDGE ( 'NONE', *, *, #926, .T. ) ;
#1733 = CARTESIAN_POINT ( 'NONE',  ( 0.000000000000000000, 0.000000000000000000, 1.500000000000000000 ) ) ;
#1734 = VECTOR ( 'NONE', #1368, 1000.000000000000000 ) ;
#1735 = ADVANCED_FACE ( 'NONE', ( #175 ), #1379, .F. ) ;
#1736 = EDGE_LOOP ( 'NONE', ( #1033, #154, #1021, #814 ) ) ;
#1737 = EDGE_CURVE ( 'NONE', #807, #1580, #632, .T. ) ;
#1738 = CARTESIAN_POINT ( 'NONE',  ( -25.00000000000052580, 118.2374999999999972, 18.09999999999999787 ) ) ;
#1739 = ORIENTED_EDGE ( 'NONE', *, *, #511, .F. ) ;
#1740 = DIRECTION ( 'NONE',  ( -1.734723475976807587E-16, -1.000000000000000000, 0.000000000000000000 ) ) ;
#1741 = EDGE_LOOP ( 'NONE', ( #126, #56, #224, #929 ) ) ;
#1742 = AXIS2_PLACEMENT_3D ( 'NONE', #275, #1479, #876 ) ;
#1743 = CARTESIAN_POINT ( 'NONE',  ( 0.000000000000000000, 0.000000000000000000, 22.00000000000000000 ) ) ;
#1744 = VERTEX_POINT ( 'NONE', #1232 ) ;
#1745 = ADVANCED_FACE ( 'NONE', ( #486 ), #1306, .F. ) ;
#1746 = VECTOR ( 'NONE', #1800, 1000.000000000000000 ) ;
#1747 = LINE ( 'NONE', #693, #1509 ) ;
#1748 = EDGE_LOOP ( 'NONE', ( #1635, #667, #783, #1524 ) ) ;
#1749 = LINE ( 'NONE', #519, #340 ) ;
#1750 = VERTEX_POINT ( 'NONE', #1326 ) ;
#1751 = DIRECTION ( 'NONE',  ( -0.000000000000000000, 0.000000000000000000, 1.000000000000000000 ) ) ;
#1752 = APPLICATION_CONTEXT ( 'automotive_design' ) ;
#1753 = LINE ( 'NONE', #1725, #913 ) ;
#1754 = ORIENTED_EDGE ( 'NONE', *, *, #19, .T. ) ;
#1755 = CARTESIAN_POINT ( 'NONE',  ( -9.399999999999998579, 111.1500000000000199, 3.500000000000000000 ) ) ;
#1756 = ORIENTED_EDGE ( 'NONE', *, *, #686, .T. ) ;
#1757 = AXIS2_PLACEMENT_3D ( 'NONE', #400, #1450, #552 ) ;
#1758 = PLANE ( 'NONE',  #619 ) ;
#1759 = EDGE_CURVE ( 'NONE', #1805, #1017, #1489, .T. ) ;
#1760 = ORIENTED_EDGE ( 'NONE', *, *, #367, .T. ) ;
#1761 = DIRECTION ( 'NONE',  ( 0.000000000000000000, 0.000000000000000000, 1.000000000000000000 ) ) ;
#1762 = DIRECTION ( 'NONE',  ( -3.358859501837317007E-15, 1.000000000000000000, 0.000000000000000000 ) ) ;
#1763 = VERTEX_POINT ( 'NONE', #454 ) ;
#1764 = AXIS2_PLACEMENT_3D ( 'NONE', #153, #427, #864 ) ;
#1765 = LINE ( 'NONE', #228, #510 ) ;
#1766 = DIRECTION ( 'NONE',  ( -1.774149009521734663E-16, -1.000000000000000000, 0.000000000000000000 ) ) ;
#1767 = ORIENTED_EDGE ( 'NONE', *, *, #1325, .T. ) ;
#1768 = CARTESIAN_POINT ( 'NONE',  ( -15.60000000000000675, 144.8500000000000227, 2.000000000000000000 ) ) ;
#1769 = EDGE_CURVE ( 'NONE', #747, #300, #108, .T. ) ;
#1770 = VERTEX_POINT ( 'NONE', #446 ) ;
#1771 = EDGE_CURVE ( 'NONE', #176, #414, #573, .T. ) ;
#1772 = CARTESIAN_POINT ( 'NONE',  ( -15.04999999999997407, 154.2500000000000000, 16.89999999999999858 ) ) ;
#1773 = DIRECTION ( 'NONE',  ( -1.000000000000000000, 0.000000000000000000, 0.000000000000000000 ) ) ;
#1774 = ADVANCED_FACE ( 'NONE', ( #252 ), #1049, .T. ) ;
#1775 = CARTESIAN_POINT ( 'NONE',  ( -25.00000000000051870, 41.11249999999999716, 16.89999999999999858 ) ) ;
#1776 = ORIENTED_EDGE ( 'NONE', *, *, #1463, .F. ) ;
#1777 = CARTESIAN_POINT ( 'NONE',  ( -15.59999999999999787, 81.15000000000004832, 3.499999999999999556 ) ) ;
#1778 = LINE ( 'NONE', #269, #1575 ) ;
#1779 = ORIENTED_EDGE ( 'NONE', *, *, #196, .F. ) ;
#1780 = EDGE_CURVE ( 'NONE', #1907, #411, #273, .T. ) ;
#1781 = FACE_OUTER_BOUND ( 'NONE', #170, .T. ) ;
#1782 = VECTOR ( 'NONE', #561, 1000.000000000000000 ) ;
#1783 = VERTEX_POINT ( 'NONE', #97 ) ;
#1784 = DIRECTION ( 'NONE',  ( -1.000000000000000000, 0.000000000000000000, 0.000000000000000000 ) ) ;
#1785 = LINE ( 'NONE', #437, #1609 ) ;
#1786 = EDGE_LOOP ( 'NONE', ( #1073, #1120, #1316, #95 ) ) ;
#1787 = CARTESIAN_POINT ( 'NONE',  ( -9.400000000000002132, 53.65000000000002700, 2.000000000000000000 ) ) ;
#1788 =( NAMED_UNIT ( * ) SI_UNIT ( $, .STERADIAN. ) SOLID_ANGLE_UNIT ( ) );
#1789 = VECTOR ( 'NONE', #1103, 1000.000000000000000 ) ;
#1790 = LINE ( 'NONE', #294, #1720 ) ;
#1791 = COLOUR_RGB ( '',0.7921568627450980005, 0.8196078431372548767, 0.9333333333333333481 ) ;
#1792 = DIRECTION ( 'NONE',  ( 1.000000000000000000, -1.734723475976807341E-16, -0.000000000000000000 ) ) ;
#1793 = DIRECTION ( 'NONE',  ( -1.445602896647340100E-15, 2.564714947248628843E-31, 1.000000000000000000 ) ) ;
#1794 = UNCERTAINTY_MEASURE_WITH_UNIT (LENGTH_MEASURE( 1.000000000000000082E-05 ), #105, 'distance_accuracy_value', 'NONE');
#1795 = ORIENTED_EDGE ( 'NONE', *, *, #488, .F. ) ;
#1796 = ADVANCED_FACE ( 'NONE', ( #1914 ), #130, .F. ) ;
#1797 = DIRECTION ( 'NONE',  ( 1.000000000000000000, -0.000000000000000000, -0.000000000000000000 ) ) ;
#1798 = CARTESIAN_POINT ( 'NONE',  ( 0.000000000000000000, 35.75000000000000000, 1.500000000000000000 ) ) ;
#1799 = EDGE_CURVE ( 'NONE', #300, #414, #728, .T. ) ;
#1800 = DIRECTION ( 'NONE',  ( 0.000000000000000000, -1.000000000000000000, 0.000000000000000000 ) ) ;
#1801 = DIRECTION ( 'NONE',  ( 0.000000000000000000, -0.000000000000000000, 1.000000000000000000 ) ) ;
#1802 = CARTESIAN_POINT ( 'NONE',  ( -9.949999999999976197, 154.2500000000000000, 18.09999999999999787 ) ) ;
#1803 = CARTESIAN_POINT ( 'NONE',  ( 0.000000000000000000, 44.25000000000000000, 0.000000000000000000 ) ) ;
#1804 = CARTESIAN_POINT ( 'NONE',  ( -18.37500000000000355, 0.000000000000000000, 0.000000000000000000 ) ) ;
#1805 = VERTEX_POINT ( 'NONE', #583 ) ;
#1806 = LINE ( 'NONE', #766, #1287 ) ;
#1807 = FACE_BOUND ( 'NONE', #1193, .T. ) ;
#1808 = DIRECTION ( 'NONE',  ( 0.000000000000000000, -1.000000000000000000, 0.000000000000000000 ) ) ;
#1809 = EDGE_CURVE ( 'NONE', #281, #553, #1026, .T. ) ;
#1810 = DIRECTION ( 'NONE',  ( 0.000000000000000000, 0.000000000000000000, 1.000000000000000000 ) ) ;
#1811 = DIRECTION ( 'NONE',  ( 1.003088512701685982E-30, 5.782411586589358822E-15, -1.000000000000000000 ) ) ;
#1812 = LINE ( 'NONE', #41, #886 ) ;
#1813 = CARTESIAN_POINT ( 'NONE',  ( -25.00000000000000000, 118.2374999999999972, 16.89999999999999858 ) ) ;
#1814 = EDGE_CURVE ( 'NONE', #1770, #1536, #1127, .T. ) ;
#1815 = ORIENTED_EDGE ( 'NONE', *, *, #129, .T. ) ;
#1816 = FACE_OUTER_BOUND ( 'NONE', #1563, .T. ) ;
#1817 = FACE_OUTER_BOUND ( 'NONE', #651, .T. ) ;
#1818 = ORIENTED_EDGE ( 'NONE', *, *, #1129, .T. ) ;
#1819 = LINE ( 'NONE', #1843, #86 ) ;
#1820 = VECTOR ( 'NONE', #389, 1000.000000000000000 ) ;
#1821 = CARTESIAN_POINT ( 'NONE',  ( -1.500000000000000000, 1.500000000000000222, 22.00000000000000000 ) ) ;
#1822 = EDGE_CURVE ( 'NONE', #230, #406, #1505, .T. ) ;
#1823 = AXIS2_PLACEMENT_3D ( 'NONE', #1798, #724, #1332 ) ;
#1824 = CARTESIAN_POINT ( 'NONE',  ( -9.400000000000002132, 53.65000000000002700, 3.499999999999999556 ) ) ;
#1825 = VERTEX_POINT ( 'NONE', #1775 ) ;
#1826 = CARTESIAN_POINT ( 'NONE',  ( 0.000000000000000000, 36.01250000000000284, 18.09999999999999787 ) ) ;
#1827 = FACE_OUTER_BOUND ( 'NONE', #93, .T. ) ;
#1828 = VERTEX_POINT ( 'NONE', #1650 ) ;
#1829 = DIRECTION ( 'NONE',  ( 1.734723475976807341E-16, 1.000000000000000000, -0.000000000000000000 ) ) ;
#1830 = ORIENTED_EDGE ( 'NONE', *, *, #1218, .F. ) ;
#1831 = FACE_BOUND ( 'NONE', #1264, .T. ) ;
#1832 = VECTOR ( 'NONE', #1581, 1000.000000000000000 ) ;
#1833 = CARTESIAN_POINT ( 'NONE',  ( -9.949999999999974420, 154.2500000000000000, 16.89999999999999858 ) ) ;
#1834 = EDGE_CURVE ( 'NONE', #737, #1403, #733, .T. ) ;
#1835 = CARTESIAN_POINT ( 'NONE',  ( -9.399999999999998579, 0.000000000000000000, 3.499999999999999556 ) ) ;
#1836 = EDGE_CURVE ( 'NONE', #390, #1294, #1210, .T. ) ;
#1837 = ORIENTED_EDGE ( 'NONE', *, *, #357, .T. ) ;
#1838 = DIRECTION ( 'NONE',  ( 1.000000000000000000, -0.000000000000000000, -0.000000000000000000 ) ) ;
#1839 = CARTESIAN_POINT ( 'NONE',  ( -15.60000000000000675, 0.000000000000000000, 2.000000000000000000 ) ) ;
#1840 = VERTEX_POINT ( 'NONE', #1813 ) ;
#1841 = LINE ( 'NONE', #495, #1638 ) ;
#1842 = VERTEX_POINT ( 'NONE', #1680 ) ;
#1843 = CARTESIAN_POINT ( 'NONE',  ( 0.000000000000000000, 35.75000000000000000, 0.000000000000000000 ) ) ;
#1844 = VECTOR ( 'NONE', #1784, 1000.000000000000000 ) ;
#1845 = DIRECTION ( 'NONE',  ( -1.000000000000000000, 0.000000000000000000, 0.000000000000000000 ) ) ;
#1846 = VERTEX_POINT ( 'NONE', #134 ) ;
#1847 = LINE ( 'NONE', #1223, #1095 ) ;
#1848 = CARTESIAN_POINT ( 'NONE',  ( -25.00000000000052580, 113.1375000000000028, 18.09999999999999787 ) ) ;
#1849 = CARTESIAN_POINT ( 'NONE',  ( -15.59999999999999787, 111.1500000000000199, 12.26812408671319510 ) ) ;
#1850 = VERTEX_POINT ( 'NONE', #1350 ) ;
#1851 = LINE ( 'NONE', #1531, #1869 ) ;
#1852 = CARTESIAN_POINT ( 'NONE',  ( -25.00000000000051870, 36.01250000000000284, 18.09999999999999787 ) ) ;
#1853 = CARTESIAN_POINT ( 'NONE',  ( 0.000000000000000000, 36.01250000000000284, 18.09999999999999787 ) ) ;
#1854 = VECTOR ( 'NONE', #857, 1000.000000000000000 ) ;
#1855 = ORIENTED_EDGE ( 'NONE', *, *, #194, .F. ) ;
#1856 = DIRECTION ( 'NONE',  ( -1.000000000000000000, 0.000000000000000000, 0.000000000000000000 ) ) ;
#1857 = EDGE_LOOP ( 'NONE', ( #1430, #801, #1596, #207 ) ) ;
#1858 = EDGE_CURVE ( 'NONE', #1899, #700, #330, .T. ) ;
#1859 = CARTESIAN_POINT ( 'NONE',  ( -1.500000000000000000, 42.24999999999999289, 18.09999999999999787 ) ) ;
#1860 = EDGE_CURVE ( 'NONE', #729, #429, #743, .T. ) ;
#1861 = ORIENTED_EDGE ( 'NONE', *, *, #1179, .T. ) ;
#1862 = DIRECTION ( 'NONE',  ( 1.445602896647340100E-15, -2.564714947248628843E-31, -1.000000000000000000 ) ) ;
#1863 = AXIS2_PLACEMENT_3D ( 'NONE', #266, #751, #1349 ) ;
#1864 = LINE ( 'NONE', #1587, #649 ) ;
#1865 = CARTESIAN_POINT ( 'NONE',  ( -1.500000000000000000, 152.7500000000000000, 22.00000000000000000 ) ) ;
#1866 = ORIENTED_EDGE ( 'NONE', *, *, #211, .T. ) ;
#1867 = PLANE ( 'NONE',  #1125 ) ;
#1868 = ORIENTED_EDGE ( 'NONE', *, *, #1780, .T. ) ;
#1869 = VECTOR ( 'NONE', #1542, 1000.000000000000000 ) ;
#1870 = CARTESIAN_POINT ( 'NONE',  ( -1.500000000000000000, 36.01249999999994600, 8.800000000000036238 ) ) ;
#1871 = ORIENTED_EDGE ( 'NONE', *, *, #1034, .T. ) ;
#1872 = DIRECTION ( 'NONE',  ( 1.000000000000000000, -1.734723475976807341E-16, -0.000000000000000000 ) ) ;
#1873 = ORIENTED_EDGE ( 'NONE', *, *, #892, .F. ) ;
#1874 = VECTOR ( 'NONE', #850, 1000.000000000000000 ) ;
#1875 = CARTESIAN_POINT ( 'NONE',  ( 4.008175741568163808, 152.7500000000000284, 3.500000000000000000 ) ) ;
#1876 = ORIENTED_EDGE ( 'NONE', *, *, #549, .T. ) ;
#1877 = PLANE ( 'NONE',  #1929 ) ;
#1878 = EDGE_CURVE ( 'NONE', #747, #176, #753, .T. ) ;
#1879 = FACE_BOUND ( 'NONE', #1711, .T. ) ;
#1880 = ADVANCED_FACE ( 'NONE', ( #1340 ), #1939, .F. ) ;
#1881 = DIRECTION ( 'NONE',  ( 1.000000000000000000, 0.000000000000000000, 0.000000000000000000 ) ) ;
#1882 = CARTESIAN_POINT ( 'NONE',  ( -15.04999999999997584, 152.7500000000000284, 18.09999999999999787 ) ) ;
#1883 = VECTOR ( 'NONE', #1494, 1000.000000000000000 ) ;
#1884 = VERTEX_POINT ( 'NONE', #449 ) ;
#1885 = PRESENTATION_LAYER_ASSIGNMENT (  '', '', ( #566 ) ) ;
#1886 = DIRECTION ( 'NONE',  ( -5.406930314732904935E-16, 1.000000000000000000, 0.000000000000000000 ) ) ;
#1887 = ORIENTED_EDGE ( 'NONE', *, *, #800, .T. ) ;
#1888 = DIRECTION ( 'NONE',  ( 1.000000000000000000, 0.000000000000000000, 0.000000000000000000 ) ) ;
#1889 = EDGE_CURVE ( 'NONE', #8, #43, #466, .T. ) ;
#1890 = VERTEX_POINT ( 'NONE', #1951 ) ;
#1891 = LINE ( 'NONE', #1457, #1820 ) ;
#1892 = VECTOR ( 'NONE', #898, 1000.000000000000000 ) ;
#1893 = ORIENTED_EDGE ( 'NONE', *, *, #592, .F. ) ;
#1894 = CARTESIAN_POINT ( 'NONE',  ( -23.50000000000000000, 118.2374999999999972, 16.89999999999999858 ) ) ;
#1895 = ORIENTED_EDGE ( 'NONE', *, *, #1070, .F. ) ;
#1896 = CARTESIAN_POINT ( 'NONE',  ( -9.399999999999998579, 81.15000000000004832, 3.499999999999999556 ) ) ;
#1897 = EDGE_LOOP ( 'NONE', ( #72, #1830, #1087, #1327 ) ) ;
#1898 = DIRECTION ( 'NONE',  ( 0.000000000000000000, 0.000000000000000000, -1.000000000000000000 ) ) ;
#1899 = VERTEX_POINT ( 'NONE', #607 ) ;
#1900 = EDGE_CURVE ( 'NONE', #1601, #819, #1201, .T. ) ;
#1901 = LINE ( 'NONE', #682, #1351 ) ;
#1902 = ORIENTED_EDGE ( 'NONE', *, *, #1603, .T. ) ;
#1903 = DIRECTION ( 'NONE',  ( 0.000000000000000000, 5.782411586589358822E-15, -1.000000000000000000 ) ) ;
#1904 = ORIENTED_EDGE ( 'NONE', *, *, #376, .T. ) ;
#1905 = DIRECTION ( 'NONE',  ( -0.000000000000000000, 1.000000000000000000, -0.000000000000000000 ) ) ;
#1906 = FACE_OUTER_BOUND ( 'NONE', #316, .T. ) ;
#1907 = VERTEX_POINT ( 'NONE', #1052 ) ;
#1908 = DIRECTION ( 'NONE',  ( -1.000000000000000000, 0.000000000000000000, 0.000000000000000000 ) ) ;
#1909 = ORIENTED_EDGE ( 'NONE', *, *, #1557, .F. ) ;
#1910 = EDGE_CURVE ( 'NONE', #1842, #1608, #1660, .T. ) ;
#1911 = MECHANICAL_DESIGN_GEOMETRIC_PRESENTATION_REPRESENTATION (  '', ( #566 ), #844 ) ;
#1912 = EDGE_CURVE ( 'NONE', #1151, #24, #1671, .T. ) ;
#1913 = DIRECTION ( 'NONE',  ( 0.000000000000000000, 0.000000000000000000, 1.000000000000000000 ) ) ;
#1914 = FACE_OUTER_BOUND ( 'NONE', #1149, .T. ) ;
#1915 = ORIENTED_EDGE ( 'NONE', *, *, #501, .T. ) ;
#1916 = PLANE ( 'NONE',  #263 ) ;
#1917 = PLANE ( 'NONE',  #1764 ) ;
#1918 = ORIENTED_EDGE ( 'NONE', *, *, #1938, .T. ) ;
#1919 = VECTOR ( 'NONE', #1198, 1000.000000000000000 ) ;
#1920 = LINE ( 'NONE', #1663, #625 ) ;
#1921 = DIRECTION ( 'NONE',  ( 0.000000000000000000, 0.000000000000000000, 1.000000000000000000 ) ) ;
#1922 = VERTEX_POINT ( 'NONE', #163 ) ;
#1923 = CARTESIAN_POINT ( 'NONE',  ( -15.59999999999999787, 87.35000000000003695, 12.26812408671319510 ) ) ;
#1924 = DIRECTION ( 'NONE',  ( -1.734723475976808080E-16, -1.000000000000000000, -0.000000000000000000 ) ) ;
#1925 = ORIENTED_EDGE ( 'NONE', *, *, #1771, .T. ) ;
#1926 = DIRECTION ( 'NONE',  ( -0.000000000000000000, -0.000000000000000000, -1.000000000000000000 ) ) ;
#1927 = CARTESIAN_POINT ( 'NONE',  ( -23.50000000000000000, 1.500000000000004219, 18.09999999999999787 ) ) ;
#1928 = ORIENTED_EDGE ( 'NONE', *, *, #792, .F. ) ;
#1929 = AXIS2_PLACEMENT_3D ( 'NONE', #365, #232, #395 ) ;
#1930 = DIRECTION ( 'NONE',  ( 4.625929269271482167E-15, -1.000000000000000000, 0.000000000000000000 ) ) ;
#1931 = SURFACE_STYLE_USAGE ( .BOTH. , #1343 ) ;
#1932 = ORIENTED_EDGE ( 'NONE', *, *, #229, .T. ) ;
#1933 = CARTESIAN_POINT ( 'NONE',  ( -25.00000000000051870, 36.01249999999999574, 16.89999999999999858 ) ) ;
#1934 = CARTESIAN_POINT ( 'NONE',  ( -1.500000000000000000, 42.24999999999999289, 16.89999999999999858 ) ) ;
#1935 = LINE ( 'NONE', #120, #1459 ) ;
#1936 = ADVANCED_FACE ( 'NONE', ( #1271 ), #487, .T. ) ;
#1937 = CARTESIAN_POINT ( 'NONE',  ( -25.00000000000000000, 44.25000000000000000, 2.000000000000000000 ) ) ;
#1938 = EDGE_CURVE ( 'NONE', #526, #1341, #644, .T. ) ;
#1939 = PLANE ( 'NONE',  #1295 ) ;
#1940 = ORIENTED_EDGE ( 'NONE', *, *, #1834, .F. ) ;
#1941 = CARTESIAN_POINT ( 'NONE',  ( -15.59999999999999787, 0.000000000000000000, 3.499999999999999556 ) ) ;
#1942 = LINE ( 'NONE', #590, #1412 ) ;
#1943 = ORIENTED_EDGE ( 'NONE', *, *, #652, .F. ) ;
#1944 = VECTOR ( 'NONE', #745, 1000.000000000000000 ) ;
#1945 = FACE_OUTER_BOUND ( 'NONE', #1518, .T. ) ;
#1946 = VECTOR ( 'NONE', #505, 1000.000000000000000 ) ;
#1947 = CARTESIAN_POINT ( 'NONE',  ( -25.00000000000052580, 113.1375000000000028, 16.89999999999999858 ) ) ;
#1948 = LINE ( 'NONE', #1468, #517 ) ;
#1949 = EDGE_CURVE ( 'NONE', #777, #1330, #1245, .T. ) ;
#1950 = PRODUCT_DEFINITION_CONTEXT ( 'detailed design', #1186, 'design' ) ;
#1951 = CARTESIAN_POINT ( 'NONE',  ( -15.59999999999999787, 111.1500000000000199, 3.499999999999999556 ) ) ;
#1952 = ORIENTED_EDGE ( 'NONE', *, *, #855, .T. ) ;
#1953 = DIRECTION ( 'NONE',  ( 0.000000000000000000, 0.000000000000000000, 1.000000000000000000 ) ) ;
#1954 =( NAMED_UNIT ( * ) PLANE_ANGLE_UNIT ( ) SI_UNIT ( $, .RADIAN. ) );
#1955 = DIRECTION ( 'NONE',  ( 0.000000000000000000, -1.000000000000000000, 0.000000000000000000 ) ) ;
#1956 = VERTEX_POINT ( 'NONE', #1553 ) ;
#1957 = DIRECTION ( 'NONE',  ( 0.000000000000000000, 0.000000000000000000, 1.000000000000000000 ) ) ;
ENDSEC;
END-ISO-10303-21;
