ISO-10303-21;
HEADER;
FILE_DESCRIPTION(('KiCad electronic assembly'),'2;1');
FILE_NAME('trotten pcb.step','2025-07-21T17:28:42',('Pcbnew'),('Kicad'),
  'Open CASCADE STEP processor 7.8','KiCad to STEP converter','Unknown'
  );
FILE_SCHEMA(('AUTOMOTIVE_DESIGN { 1 0 10303 214 1 1 1 1 }'));
ENDSEC;
DATA;
#1 = APPLICATION_PROTOCOL_DEFINITION('international standard',
  'automotive_design',2000,#2);
#2 = APPLICATION_CONTEXT(
  'core data for automotive mechanical design processes');
#3 = SHAPE_DEFINITION_REPRESENTATION(#4,#10);
#4 = PRODUCT_DEFINITION_SHAPE('','',#5);
#5 = PRODUCT_DEFINITION('design','',#6,#9);
#6 = PRODUCT_DEFINITION_FORMATION('','',#7);
#7 = PRODUCT('trotten pcb 1','trotten pcb 1','',(#8));
#8 = PRODUCT_CONTEXT('',#2,'mechanical');
#9 = PRODUCT_DEFINITION_CONTEXT('part definition',#2,'design');
#10 = SHAPE_REPRESENTATION('',(#11,#15,#19,#23),#27);
#11 = AXIS2_PLACEMENT_3D('',#12,#13,#14);
#12 = CARTESIAN_POINT('',(0.,0.,0.));
#13 = DIRECTION('',(0.,0.,1.));
#14 = DIRECTION('',(1.,0.,-0.));
#15 = AXIS2_PLACEMENT_3D('',#16,#17,#18);
#16 = CARTESIAN_POINT('',(0.,0.,0.));
#17 = DIRECTION('',(0.,0.,1.));
#18 = DIRECTION('',(1.,0.,-0.));
#19 = AXIS2_PLACEMENT_3D('',#20,#21,#22);
#20 = CARTESIAN_POINT('',(0.,0.,0.));
#21 = DIRECTION('',(0.,0.,1.));
#22 = DIRECTION('',(1.,0.,-0.));
#23 = AXIS2_PLACEMENT_3D('',#24,#25,#26);
#24 = CARTESIAN_POINT('',(0.,0.,0.));
#25 = DIRECTION('',(0.,0.,1.));
#26 = DIRECTION('',(1.,0.,-0.));
#27 = ( GEOMETRIC_REPRESENTATION_CONTEXT(3) 
GLOBAL_UNCERTAINTY_ASSIGNED_CONTEXT((#31)) GLOBAL_UNIT_ASSIGNED_CONTEXT(
(#28,#29,#30)) REPRESENTATION_CONTEXT('Context #1',
  '3D Context with UNIT and UNCERTAINTY') );
#28 = ( LENGTH_UNIT() NAMED_UNIT(*) SI_UNIT(.MILLI.,.METRE.) );
#29 = ( NAMED_UNIT(*) PLANE_ANGLE_UNIT() SI_UNIT($,.RADIAN.) );
#30 = ( NAMED_UNIT(*) SI_UNIT($,.STERADIAN.) SOLID_ANGLE_UNIT() );
#31 = UNCERTAINTY_MEASURE_WITH_UNIT(LENGTH_MEASURE(1.E-07),#28,
  'distance_accuracy_value','confusion accuracy');
#32 = PRODUCT_RELATED_PRODUCT_CATEGORY('part',$,(#7));
#33 = SHAPE_DEFINITION_REPRESENTATION(#34,#40);
#34 = PRODUCT_DEFINITION_SHAPE('','',#35);
#35 = PRODUCT_DEFINITION('design','',#36,#39);
#36 = PRODUCT_DEFINITION_FORMATION('','',#37);
#37 = PRODUCT('trotten pcb_silkscreen','trotten pcb_silkscreen','',(#38)
  );
#38 = PRODUCT_CONTEXT('',#2,'mechanical');
#39 = PRODUCT_DEFINITION_CONTEXT('part definition',#2,'design');
#40 = SHAPE_REPRESENTATION('',(#11,#41,#293,#442,#643,#745,#857,#969,
    #1088,#1390,#1598,#1710,#1859,#1978,#2280,#2392,#2582,#2701,#3003,
    #3115,#3234,#3536,#3671,#3783,#3895,#4007,#4084,#4286,#4650,#4728,
    #4870,#4947,#5097,#5174,#5538,#5616,#5718,#5901,#5995,#6481,#6575,
    #6687,#6858,#7052,#7332,#7555,#7673,#7815,#7943,#8215,#8405,#8482,
    #8559,#8636,#8696,#8814,#8926,#8945,#9112,#9240,#9341),#9558);
#41 = SHELL_BASED_SURFACE_MODEL('',(#42));
#42 = OPEN_SHELL('',(#43));
#43 = ADVANCED_FACE('',(#44,#169,#236),#288,.T.);
#44 = FACE_BOUND('',#45,.F.);
#45 = EDGE_LOOP('',(#46,#57,#65,#73,#81,#89,#97,#105,#113,#121,#129,#137
    ,#146,#154,#163));
#46 = ORIENTED_EDGE('',*,*,#47,.T.);
#47 = EDGE_CURVE('',#48,#50,#52,.T.);
#48 = VERTEX_POINT('',#49);
#49 = CARTESIAN_POINT('',(129.575,14.542581,1.585));
#50 = VERTEX_POINT('',#51);
#51 = CARTESIAN_POINT('',(129.625,14.592581,1.585));
#52 = CIRCLE('',#53,5.000014378934E-02);
#53 = AXIS2_PLACEMENT_3D('',#54,#55,#56);
#54 = CARTESIAN_POINT('',(129.62500014378,14.542580856211,1.585));
#55 = DIRECTION('',(0.,0.,-1.));
#56 = DIRECTION('',(-0.999999999996,2.875774470716E-06,0.));
#57 = ORIENTED_EDGE('',*,*,#58,.T.);
#58 = EDGE_CURVE('',#50,#59,#61,.T.);
#59 = VERTEX_POINT('',#60);
#60 = CARTESIAN_POINT('',(129.960789,14.592093,1.585));
#61 = LINE('',#62,#63);
#62 = CARTESIAN_POINT('',(129.625,14.592581,1.585));
#63 = VECTOR('',#64,1.);
#64 = DIRECTION('',(0.999998943971,-1.453292051427E-03,0.));
#65 = ORIENTED_EDGE('',*,*,#66,.T.);
#66 = EDGE_CURVE('',#59,#67,#69,.T.);
#67 = VERTEX_POINT('',#68);
#68 = CARTESIAN_POINT('',(129.980694,14.587302,1.585));
#69 = LINE('',#70,#71);
#70 = CARTESIAN_POINT('',(129.960789,14.592093,1.585));
#71 = VECTOR('',#72,1.);
#72 = DIRECTION('',(0.972234133225,-0.234010235231,0.));
#73 = ORIENTED_EDGE('',*,*,#74,.T.);
#74 = EDGE_CURVE('',#67,#75,#77,.T.);
#75 = VERTEX_POINT('',#76);
#76 = CARTESIAN_POINT('',(130.088926,14.530317,1.585));
#77 = LINE('',#78,#79);
#78 = CARTESIAN_POINT('',(129.980694,14.587302,1.585));
#79 = VECTOR('',#80,1.);
#80 = DIRECTION('',(0.884848162195,-0.465879522902,0.));
#81 = ORIENTED_EDGE('',*,*,#82,.T.);
#82 = EDGE_CURVE('',#75,#83,#85,.T.);
#83 = VERTEX_POINT('',#84);
#84 = CARTESIAN_POINT('',(130.145911,14.469704,1.585));
#85 = LINE('',#86,#87);
#86 = CARTESIAN_POINT('',(130.088926,14.530317,1.585));
#87 = VECTOR('',#88,1.);
#88 = DIRECTION('',(0.68496603593,-0.728574999312,0.));
#89 = ORIENTED_EDGE('',*,*,#90,.T.);
#90 = EDGE_CURVE('',#83,#91,#93,.T.);
#91 = VERTEX_POINT('',#92);
#92 = CARTESIAN_POINT('',(130.196566,14.363378,1.585));
#93 = LINE('',#94,#95);
#94 = CARTESIAN_POINT('',(130.145911,14.469704,1.585));
#95 = VECTOR('',#96,1.);
#96 = DIRECTION('',(0.430096717347,-0.902782816478,0.));
#97 = ORIENTED_EDGE('',*,*,#98,.T.);
#98 = EDGE_CURVE('',#91,#99,#101,.T.);
#99 = VERTEX_POINT('',#100);
#100 = CARTESIAN_POINT('',(130.196566,14.245595,1.585));
#101 = LINE('',#102,#103);
#102 = CARTESIAN_POINT('',(130.196566,14.363378,1.585));
#103 = VECTOR('',#104,1.);
#104 = DIRECTION('',(0.,-1.,0.));
#105 = ORIENTED_EDGE('',*,*,#106,.T.);
#106 = EDGE_CURVE('',#99,#107,#109,.T.);
#107 = VERTEX_POINT('',#108);
#108 = CARTESIAN_POINT('',(130.136545,14.126273,1.585));
#109 = LINE('',#110,#111);
#110 = CARTESIAN_POINT('',(130.196566,14.245595,1.585));
#111 = VECTOR('',#112,1.);
#112 = DIRECTION('',(-0.449368510164,-0.893346484894,0.));
#113 = ORIENTED_EDGE('',*,*,#114,.T.);
#114 = EDGE_CURVE('',#107,#115,#117,.T.);
#115 = VERTEX_POINT('',#116);
#116 = CARTESIAN_POINT('',(130.08584,14.076593,1.585));
#117 = LINE('',#118,#119);
#118 = CARTESIAN_POINT('',(130.136545,14.126273,1.585));
#119 = VECTOR('',#120,1.);
#120 = DIRECTION('',(-0.71428959422,-0.69985025226,0.));
#121 = ORIENTED_EDGE('',*,*,#122,.T.);
#122 = EDGE_CURVE('',#115,#123,#125,.T.);
#123 = VERTEX_POINT('',#124);
#124 = CARTESIAN_POINT('',(130.133949,14.056545,1.585));
#125 = LINE('',#126,#127);
#126 = CARTESIAN_POINT('',(130.08584,14.076593,1.585));
#127 = VECTOR('',#128,1.);
#128 = DIRECTION('',(0.92305932472,-0.384657617951,0.));
#129 = ORIENTED_EDGE('',*,*,#130,.T.);
#130 = EDGE_CURVE('',#123,#131,#133,.T.);
#131 = VERTEX_POINT('',#132);
#132 = CARTESIAN_POINT('',(130.19353,13.993514,1.585));
#133 = LINE('',#134,#135);
#134 = CARTESIAN_POINT('',(130.133949,14.056545,1.585));
#135 = VECTOR('',#136,1.);
#136 = DIRECTION('',(0.686938658037,-0.726715405158,0.));
#137 = ORIENTED_EDGE('',*,*,#138,.T.);
#138 = EDGE_CURVE('',#131,#139,#141,.T.);
#139 = VERTEX_POINT('',#140);
#140 = CARTESIAN_POINT('',(130.017224,13.494824,1.585));
#141 = CIRCLE('',#142,0.320679240416);
#142 = AXIS2_PLACEMENT_3D('',#143,#144,#145);
#143 = CARTESIAN_POINT('',(129.93438874209,13.804619892937,1.585));
#144 = DIRECTION('',(0.,0.,-1.));
#145 = DIRECTION('',(0.808101134246,0.589043764783,0.));
#146 = ORIENTED_EDGE('',*,*,#147,.T.);
#147 = EDGE_CURVE('',#139,#148,#150,.T.);
#148 = VERTEX_POINT('',#149);
#149 = CARTESIAN_POINT('',(129.625,13.492581,1.585));
#150 = LINE('',#151,#152);
#151 = CARTESIAN_POINT('',(130.017224,13.494824,1.585));
#152 = VECTOR('',#153,1.);
#153 = DIRECTION('',(-0.999983648802,-5.718577456411E-03,0.));
#154 = ORIENTED_EDGE('',*,*,#155,.T.);
#155 = EDGE_CURVE('',#148,#156,#158,.T.);
#156 = VERTEX_POINT('',#157);
#157 = CARTESIAN_POINT('',(129.575,13.542581,1.585));
#158 = CIRCLE('',#159,5.000014378936E-02);
#159 = AXIS2_PLACEMENT_3D('',#160,#161,#162);
#160 = CARTESIAN_POINT('',(129.62500014378,13.542581143789,1.585));
#161 = DIRECTION('',(0.,0.,-1.));
#162 = DIRECTION('',(-2.875774754931E-06,-0.999999999996,-0.));
#163 = ORIENTED_EDGE('',*,*,#164,.T.);
#164 = EDGE_CURVE('',#156,#48,#165,.T.);
#165 = LINE('',#166,#167);
#166 = CARTESIAN_POINT('',(129.575,13.542581,1.585));
#167 = VECTOR('',#168,1.);
#168 = DIRECTION('',(0.,1.,0.));
#169 = FACE_BOUND('',#170,.F.);
#170 = EDGE_LOOP('',(#171,#181,#189,#197,#205,#214,#222,#230));
#171 = ORIENTED_EDGE('',*,*,#172,.T.);
#172 = EDGE_CURVE('',#173,#175,#177,.T.);
#173 = VERTEX_POINT('',#174);
#174 = CARTESIAN_POINT('',(130.074181,13.975071,1.585));
#175 = VERTEX_POINT('',#176);
#176 = CARTESIAN_POINT('',(129.95022,14.016391,1.585));
#177 = LINE('',#178,#179);
#178 = CARTESIAN_POINT('',(130.074181,13.975071,1.585));
#179 = VECTOR('',#180,1.);
#180 = DIRECTION('',(-0.948684063356,0.31622547009,0.));
#181 = ORIENTED_EDGE('',*,*,#182,.T.);
#182 = EDGE_CURVE('',#175,#183,#185,.T.);
#183 = VERTEX_POINT('',#184);
#184 = CARTESIAN_POINT('',(129.675,14.016391,1.585));
#185 = LINE('',#186,#187);
#186 = CARTESIAN_POINT('',(129.95022,14.016391,1.585));
#187 = VECTOR('',#188,1.);
#188 = DIRECTION('',(-1.,0.,0.));
#189 = ORIENTED_EDGE('',*,*,#190,.T.);
#190 = EDGE_CURVE('',#183,#191,#193,.T.);
#191 = VERTEX_POINT('',#192);
#192 = CARTESIAN_POINT('',(129.675,13.592581,1.585));
#193 = LINE('',#194,#195);
#194 = CARTESIAN_POINT('',(129.675,14.016391,1.585));
#195 = VECTOR('',#196,1.);
#196 = DIRECTION('',(0.,-1.,0.));
#197 = ORIENTED_EDGE('',*,*,#198,.T.);
#198 = EDGE_CURVE('',#191,#199,#201,.T.);
#199 = VERTEX_POINT('',#200);
#200 = CARTESIAN_POINT('',(129.994149,13.592581,1.585));
#201 = LINE('',#202,#203);
#202 = CARTESIAN_POINT('',(129.675,13.592581,1.585));
#203 = VECTOR('',#204,1.);
#204 = DIRECTION('',(1.,0.,0.));
#205 = ORIENTED_EDGE('',*,*,#206,.T.);
#206 = EDGE_CURVE('',#199,#207,#209,.T.);
#207 = VERTEX_POINT('',#208);
#208 = CARTESIAN_POINT('',(130.146428,13.744862,1.585));
#209 = CIRCLE('',#210,0.215068068383);
#210 = AXIS2_PLACEMENT_3D('',#211,#212,#213);
#211 = CARTESIAN_POINT('',(129.93864479516,13.800363475881,1.585));
#212 = DIRECTION('',(0.,0.,1.));
#213 = DIRECTION('',(0.258077385714,-0.966124248212,0.));
#214 = ORIENTED_EDGE('',*,*,#215,.T.);
#215 = EDGE_CURVE('',#207,#216,#218,.T.);
#216 = VERTEX_POINT('',#217);
#217 = CARTESIAN_POINT('',(130.146428,13.864112,1.585));
#218 = LINE('',#219,#220);
#219 = CARTESIAN_POINT('',(130.146428,13.744862,1.585));
#220 = VECTOR('',#221,1.);
#221 = DIRECTION('',(0.,1.,0.));
#222 = ORIENTED_EDGE('',*,*,#223,.T.);
#223 = EDGE_CURVE('',#216,#224,#226,.T.);
#224 = VERTEX_POINT('',#225);
#225 = CARTESIAN_POINT('',(130.107716,13.941535,1.585));
#226 = LINE('',#227,#228);
#227 = CARTESIAN_POINT('',(130.146428,13.864112,1.585));
#228 = VECTOR('',#229,1.);
#229 = DIRECTION('',(-0.447218216471,0.894424880499,0.));
#230 = ORIENTED_EDGE('',*,*,#231,.T.);
#231 = EDGE_CURVE('',#224,#173,#232,.T.);
#232 = LINE('',#233,#234);
#233 = CARTESIAN_POINT('',(130.107716,13.941535,1.585));
#234 = VECTOR('',#235,1.);
#235 = DIRECTION('',(-0.707096238447,0.707117323768,0.));
#236 = FACE_BOUND('',#237,.F.);
#237 = EDGE_LOOP('',(#238,#249,#257,#265,#273,#282));
#238 = ORIENTED_EDGE('',*,*,#239,.T.);
#239 = EDGE_CURVE('',#240,#242,#244,.T.);
#240 = VERTEX_POINT('',#241);
#241 = CARTESIAN_POINT('',(130.098809,14.340302,1.585));
#242 = VERTEX_POINT('',#243);
#243 = CARTESIAN_POINT('',(129.94653,14.492581,1.585));
#244 = CIRCLE('',#245,0.215066604438);
#245 = AXIS2_PLACEMENT_3D('',#246,#247,#248);
#246 = CARTESIAN_POINT('',(129.89102756628,14.284799566286,1.585));
#247 = DIRECTION('',(0.,0.,1.));
#248 = DIRECTION('',(0.966125978774,0.258070907192,-0.));
#249 = ORIENTED_EDGE('',*,*,#250,.T.);
#250 = EDGE_CURVE('',#242,#251,#253,.T.);
#251 = VERTEX_POINT('',#252);
#252 = CARTESIAN_POINT('',(129.675,14.492581,1.585));
#253 = LINE('',#254,#255);
#254 = CARTESIAN_POINT('',(129.94653,14.492581,1.585));
#255 = VECTOR('',#256,1.);
#256 = DIRECTION('',(-1.,0.,0.));
#257 = ORIENTED_EDGE('',*,*,#258,.T.);
#258 = EDGE_CURVE('',#251,#259,#261,.T.);
#259 = VERTEX_POINT('',#260);
#260 = CARTESIAN_POINT('',(129.675,14.116391,1.585));
#261 = LINE('',#262,#263);
#262 = CARTESIAN_POINT('',(129.675,14.492581,1.585));
#263 = VECTOR('',#264,1.);
#264 = DIRECTION('',(0.,-1.,0.));
#265 = ORIENTED_EDGE('',*,*,#266,.T.);
#266 = EDGE_CURVE('',#259,#267,#269,.T.);
#267 = VERTEX_POINT('',#268);
#268 = CARTESIAN_POINT('',(129.94653,14.116391,1.585));
#269 = LINE('',#270,#271);
#270 = CARTESIAN_POINT('',(129.675,14.116391,1.585));
#271 = VECTOR('',#272,1.);
#272 = DIRECTION('',(1.,0.,0.));
#273 = ORIENTED_EDGE('',*,*,#274,.T.);
#274 = EDGE_CURVE('',#267,#275,#277,.T.);
#275 = VERTEX_POINT('',#276);
#276 = CARTESIAN_POINT('',(130.098809,14.268671,1.585));
#277 = CIRCLE('',#278,0.215065806118);
#278 = AXIS2_PLACEMENT_3D('',#279,#280,#281);
#279 = CARTESIAN_POINT('',(129.89102793076,14.324171704763,1.585));
#280 = DIRECTION('',(0.,0.,1.));
#281 = DIRECTION('',(0.258070170409,-0.966126175582,0.));
#282 = ORIENTED_EDGE('',*,*,#283,.T.);
#283 = EDGE_CURVE('',#275,#240,#284,.T.);
#284 = LINE('',#285,#286);
#285 = CARTESIAN_POINT('',(130.098809,14.268671,1.585));
#286 = VECTOR('',#287,1.);
#287 = DIRECTION('',(0.,1.,0.));
#288 = PLANE('',#289);
#289 = AXIS2_PLACEMENT_3D('',#290,#291,#292);
#290 = CARTESIAN_POINT('',(0.,0.,1.585));
#291 = DIRECTION('',(0.,0.,1.));
#292 = DIRECTION('',(1.,0.,-0.));
#293 = SHELL_BASED_SURFACE_MODEL('',(#294));
#294 = OPEN_SHELL('',(#295));
#295 = ADVANCED_FACE('',(#296),#437,.T.);
#296 = FACE_BOUND('',#297,.F.);
#297 = EDGE_LOOP('',(#298,#308,#316,#324,#332,#340,#348,#357,#365,#374,
    #382,#390,#398,#406,#415,#423,#431));
#298 = ORIENTED_EDGE('',*,*,#299,.T.);
#299 = EDGE_CURVE('',#300,#302,#304,.T.);
#300 = VERTEX_POINT('',#301);
#301 = CARTESIAN_POINT('',(132.345303,14.570316,1.585));
#302 = VERTEX_POINT('',#303);
#303 = CARTESIAN_POINT('',(132.367771,14.588775,1.585));
#304 = LINE('',#305,#306);
#305 = CARTESIAN_POINT('',(132.345303,14.570316,1.585));
#306 = VECTOR('',#307,1.);
#307 = DIRECTION('',(0.772673239458,0.634803957947,0.));
#308 = ORIENTED_EDGE('',*,*,#309,.T.);
#309 = EDGE_CURVE('',#302,#310,#312,.T.);
#310 = VERTEX_POINT('',#311);
#311 = CARTESIAN_POINT('',(132.400893,14.588775,1.585));
#312 = LINE('',#313,#314);
#313 = CARTESIAN_POINT('',(132.367771,14.588775,1.585));
#314 = VECTOR('',#315,1.);
#315 = DIRECTION('',(1.,0.,0.));
#316 = ORIENTED_EDGE('',*,*,#317,.T.);
#317 = EDGE_CURVE('',#310,#318,#320,.T.);
#318 = VERTEX_POINT('',#319);
#319 = CARTESIAN_POINT('',(132.428449,14.570403,1.585));
#320 = LINE('',#321,#322);
#321 = CARTESIAN_POINT('',(132.400893,14.588775,1.585));
#322 = VECTOR('',#323,1.);
#323 = DIRECTION('',(0.832031712817,-0.554728067494,0.));
#324 = ORIENTED_EDGE('',*,*,#325,.T.);
#325 = EDGE_CURVE('',#318,#326,#328,.T.);
#326 = VERTEX_POINT('',#327);
#327 = CARTESIAN_POINT('',(132.436905,14.542581,1.585));
#328 = LINE('',#329,#330);
#329 = CARTESIAN_POINT('',(132.428449,14.570403,1.585));
#330 = VECTOR('',#331,1.);
#331 = DIRECTION('',(0.290797589612,-0.956784595338,0.));
#332 = ORIENTED_EDGE('',*,*,#333,.T.);
#333 = EDGE_CURVE('',#326,#334,#336,.T.);
#334 = VERTEX_POINT('',#335);
#335 = CARTESIAN_POINT('',(132.436905,13.592581,1.585));
#336 = LINE('',#337,#338);
#337 = CARTESIAN_POINT('',(132.436905,14.542581,1.585));
#338 = VECTOR('',#339,1.);
#339 = DIRECTION('',(0.,-1.,0.));
#340 = ORIENTED_EDGE('',*,*,#341,.T.);
#341 = EDGE_CURVE('',#334,#342,#344,.T.);
#342 = VERTEX_POINT('',#343);
#343 = CARTESIAN_POINT('',(132.672619,13.592581,1.585));
#344 = LINE('',#345,#346);
#345 = CARTESIAN_POINT('',(132.436905,13.592581,1.585));
#346 = VECTOR('',#347,1.);
#347 = DIRECTION('',(1.,0.,0.));
#348 = ORIENTED_EDGE('',*,*,#349,.T.);
#349 = EDGE_CURVE('',#342,#350,#352,.T.);
#350 = VERTEX_POINT('',#351);
#351 = CARTESIAN_POINT('',(132.672619,13.492581,1.585));
#352 = CIRCLE('',#353,5.000000000002E-02);
#353 = AXIS2_PLACEMENT_3D('',#354,#355,#356);
#354 = CARTESIAN_POINT('',(132.67261895228,13.542581,1.585));
#355 = DIRECTION('',(0.,0.,-1.));
#356 = DIRECTION('',(9.542361567579E-07,1.,0.));
#357 = ORIENTED_EDGE('',*,*,#358,.T.);
#358 = EDGE_CURVE('',#350,#359,#361,.T.);
#359 = VERTEX_POINT('',#360);
#360 = CARTESIAN_POINT('',(132.101191,13.492581,1.585));
#361 = LINE('',#362,#363);
#362 = CARTESIAN_POINT('',(132.672619,13.492581,1.585));
#363 = VECTOR('',#364,1.);
#364 = DIRECTION('',(-1.,0.,0.));
#365 = ORIENTED_EDGE('',*,*,#366,.T.);
#366 = EDGE_CURVE('',#359,#367,#369,.T.);
#367 = VERTEX_POINT('',#368);
#368 = CARTESIAN_POINT('',(132.101191,13.592581,1.585));
#369 = CIRCLE('',#370,5.000000000002E-02);
#370 = AXIS2_PLACEMENT_3D('',#371,#372,#373);
#371 = CARTESIAN_POINT('',(132.10119104771,13.542581,1.585));
#372 = DIRECTION('',(0.,0.,-1.));
#373 = DIRECTION('',(-9.542361567579E-07,-1.,-0.));
#374 = ORIENTED_EDGE('',*,*,#375,.T.);
#375 = EDGE_CURVE('',#367,#376,#378,.T.);
#376 = VERTEX_POINT('',#377);
#377 = CARTESIAN_POINT('',(132.336905,13.592581,1.585));
#378 = LINE('',#379,#380);
#379 = CARTESIAN_POINT('',(132.101191,13.592581,1.585));
#380 = VECTOR('',#381,1.);
#381 = DIRECTION('',(1.,0.,0.));
#382 = ORIENTED_EDGE('',*,*,#383,.T.);
#383 = EDGE_CURVE('',#376,#384,#386,.T.);
#384 = VERTEX_POINT('',#385);
#385 = CARTESIAN_POINT('',(132.336905,14.377442,1.585));
#386 = LINE('',#387,#388);
#387 = CARTESIAN_POINT('',(132.336905,13.592581,1.585));
#388 = VECTOR('',#389,1.);
#389 = DIRECTION('',(0.,1.,0.));
#390 = ORIENTED_EDGE('',*,*,#391,.T.);
#391 = EDGE_CURVE('',#384,#392,#394,.T.);
#392 = VERTEX_POINT('',#393);
#393 = CARTESIAN_POINT('',(132.218789,14.259764,1.585));
#394 = LINE('',#395,#396);
#395 = CARTESIAN_POINT('',(132.336905,14.377442,1.585));
#396 = VECTOR('',#397,1.);
#397 = DIRECTION('',(-0.708419047752,-0.705792074752,0.));
#398 = ORIENTED_EDGE('',*,*,#399,.T.);
#399 = EDGE_CURVE('',#392,#400,#402,.T.);
#400 = VERTEX_POINT('',#401);
#401 = CARTESIAN_POINT('',(132.123552,14.212146,1.585));
#402 = LINE('',#403,#404);
#403 = CARTESIAN_POINT('',(132.218789,14.259764,1.585));
#404 = VECTOR('',#405,1.);
#405 = DIRECTION('',(-0.894429069315,-0.447209838851,0.));
#406 = ORIENTED_EDGE('',*,*,#407,.T.);
#407 = EDGE_CURVE('',#400,#408,#410,.T.);
#408 = VERTEX_POINT('',#409);
#409 = CARTESIAN_POINT('',(132.07883,14.301588,1.585));
#410 = CIRCLE('',#411,4.999982162111E-02);
#411 = AXIS2_PLACEMENT_3D('',#412,#413,#414);
#412 = CARTESIAN_POINT('',(132.10119066148,14.256866830736,1.585));
#413 = DIRECTION('',(0.,0.,-1.));
#414 = DIRECTION('',(0.447228365916,-0.89441980564,0.));
#415 = ORIENTED_EDGE('',*,*,#416,.T.);
#416 = EDGE_CURVE('',#408,#417,#419,.T.);
#417 = VERTEX_POINT('',#418);
#418 = CARTESIAN_POINT('',(132.166812,14.345579,1.585));
#419 = LINE('',#420,#421);
#420 = CARTESIAN_POINT('',(132.07883,14.301588,1.585));
#421 = VECTOR('',#422,1.);
#422 = DIRECTION('',(0.894427191,0.4472135955,0.));
#423 = ORIENTED_EDGE('',*,*,#424,.T.);
#424 = EDGE_CURVE('',#417,#425,#427,.T.);
#425 = VERTEX_POINT('',#426);
#426 = CARTESIAN_POINT('',(132.252808,14.431576,1.585));
#427 = LINE('',#428,#429);
#428 = CARTESIAN_POINT('',(132.166812,14.345579,1.585));
#429 = VECTOR('',#430,1.);
#430 = DIRECTION('',(0.707102669921,0.707110892428,0.));
#431 = ORIENTED_EDGE('',*,*,#432,.T.);
#432 = EDGE_CURVE('',#425,#300,#433,.T.);
#433 = LINE('',#434,#435);
#434 = CARTESIAN_POINT('',(132.252808,14.431576,1.585));
#435 = VECTOR('',#436,1.);
#436 = DIRECTION('',(0.554707116004,0.832045681111,0.));
#437 = PLANE('',#438);
#438 = AXIS2_PLACEMENT_3D('',#439,#440,#441);
#439 = CARTESIAN_POINT('',(0.,0.,1.585));
#440 = DIRECTION('',(0.,0.,1.));
#441 = DIRECTION('',(1.,0.,-0.));
#442 = SHELL_BASED_SURFACE_MODEL('',(#443));
#443 = OPEN_SHELL('',(#444));
#444 = ADVANCED_FACE('',(#445,#570),#638,.T.);
#445 = FACE_BOUND('',#446,.F.);
#446 = EDGE_LOOP('',(#447,#458,#466,#475,#483,#491,#499,#507,#515,#524,
    #532,#540,#548,#556,#564));
#447 = ORIENTED_EDGE('',*,*,#448,.T.);
#448 = EDGE_CURVE('',#449,#451,#453,.T.);
#449 = VERTEX_POINT('',#450);
#450 = CARTESIAN_POINT('',(131.626425,14.561715,1.585));
#451 = VERTEX_POINT('',#452);
#452 = CARTESIAN_POINT('',(131.722619,14.542581,1.585));
#453 = CIRCLE('',#454,4.999998452109E-02);
#454 = AXIS2_PLACEMENT_3D('',#455,#456,#457);
#455 = CARTESIAN_POINT('',(131.67261901547,14.542580962631,1.585));
#456 = DIRECTION('',(0.,0.,-1.));
#457 = DIRECTION('',(-0.923880595592,0.382680865852,0.));
#458 = ORIENTED_EDGE('',*,*,#459,.T.);
#459 = EDGE_CURVE('',#451,#460,#462,.T.);
#460 = VERTEX_POINT('',#461);
#461 = CARTESIAN_POINT('',(131.722619,13.542581,1.585));
#462 = LINE('',#463,#464);
#463 = CARTESIAN_POINT('',(131.722619,14.542581,1.585));
#464 = VECTOR('',#465,1.);
#465 = DIRECTION('',(0.,-1.,0.));
#466 = ORIENTED_EDGE('',*,*,#467,.T.);
#467 = EDGE_CURVE('',#460,#468,#470,.T.);
#468 = VERTEX_POINT('',#469);
#469 = CARTESIAN_POINT('',(131.653485,13.496387,1.585));
#470 = CIRCLE('',#471,5.000005199709E-02);
#471 = AXIS2_PLACEMENT_3D('',#472,#473,#474);
#472 = CARTESIAN_POINT('',(131.672618948,13.54258112553,1.585));
#473 = DIRECTION('',(0.,0.,-1.));
#474 = DIRECTION('',(0.999999999997,-2.510606993771E-06,0.));
#475 = ORIENTED_EDGE('',*,*,#476,.T.);
#476 = EDGE_CURVE('',#468,#477,#479,.T.);
#477 = VERTEX_POINT('',#478);
#478 = CARTESIAN_POINT('',(131.634588,13.515284,1.585));
#479 = LINE('',#480,#481);
#480 = CARTESIAN_POINT('',(131.653485,13.496387,1.585));
#481 = VECTOR('',#482,1.);
#482 = DIRECTION('',(-0.707106781186,0.707106781187,0.));
#483 = ORIENTED_EDGE('',*,*,#484,.T.);
#484 = EDGE_CURVE('',#477,#485,#487,.T.);
#485 = VERTEX_POINT('',#486);
#486 = CARTESIAN_POINT('',(131.580926,13.492707,1.585));
#487 = LINE('',#488,#489);
#488 = CARTESIAN_POINT('',(131.634588,13.515284,1.585));
#489 = VECTOR('',#490,1.);
#490 = DIRECTION('',(-0.921743008071,-0.387801272655,0.));
#491 = ORIENTED_EDGE('',*,*,#492,.T.);
#492 = EDGE_CURVE('',#485,#493,#495,.T.);
#493 = VERTEX_POINT('',#494);
#494 = CARTESIAN_POINT('',(131.375632,13.494824,1.585));
#495 = LINE('',#496,#497);
#496 = CARTESIAN_POINT('',(131.580926,13.492707,1.585));
#497 = VECTOR('',#498,1.);
#498 = DIRECTION('',(-0.999946835153,1.031149205538E-02,0.));
#499 = ORIENTED_EDGE('',*,*,#500,.T.);
#500 = EDGE_CURVE('',#493,#501,#503,.T.);
#501 = VERTEX_POINT('',#502);
#502 = CARTESIAN_POINT('',(131.256311,13.554845,1.585));
#503 = LINE('',#504,#505);
#504 = CARTESIAN_POINT('',(131.375632,13.494824,1.585));
#505 = VECTOR('',#506,1.);
#506 = DIRECTION('',(-0.893344973043,0.449371515718,0.));
#507 = ORIENTED_EDGE('',*,*,#508,.T.);
#508 = EDGE_CURVE('',#501,#509,#511,.T.);
#509 = VERTEX_POINT('',#510);
#510 = CARTESIAN_POINT('',(131.199326,13.61546,1.585));
#511 = LINE('',#512,#513);
#512 = CARTESIAN_POINT('',(131.256311,13.554845,1.585));
#513 = VECTOR('',#514,1.);
#514 = DIRECTION('',(-0.684954038795,0.728586278171,0.));
#515 = ORIENTED_EDGE('',*,*,#516,.T.);
#516 = EDGE_CURVE('',#509,#517,#519,.T.);
#517 = VERTEX_POINT('',#518);
#518 = CARTESIAN_POINT('',(131.208693,14.149365,1.585));
#519 = CIRCLE('',#520,0.484193116766);
#520 = AXIS2_PLACEMENT_3D('',#521,#522,#523);
#521 = CARTESIAN_POINT('',(131.60787482035,13.875326957711,1.585));
#522 = DIRECTION('',(0.,0.,-1.));
#523 = DIRECTION('',(-0.843772466416,-0.536701057311,-0.));
#524 = ORIENTED_EDGE('',*,*,#525,.T.);
#525 = EDGE_CURVE('',#517,#526,#528,.T.);
#526 = VERTEX_POINT('',#527);
#527 = CARTESIAN_POINT('',(131.269306,14.20635,1.585));
#528 = LINE('',#529,#530);
#529 = CARTESIAN_POINT('',(131.208693,14.149365,1.585));
#530 = VECTOR('',#531,1.);
#531 = DIRECTION('',(0.728574999312,0.68496603593,0.));
#532 = ORIENTED_EDGE('',*,*,#533,.T.);
#533 = EDGE_CURVE('',#526,#534,#536,.T.);
#534 = VERTEX_POINT('',#535);
#535 = CARTESIAN_POINT('',(131.375632,14.257006,1.585));
#536 = LINE('',#537,#538);
#537 = CARTESIAN_POINT('',(131.269306,14.20635,1.585));
#538 = VECTOR('',#539,1.);
#539 = DIRECTION('',(0.902779519658,0.430103637378,0.));
#540 = ORIENTED_EDGE('',*,*,#541,.T.);
#541 = EDGE_CURVE('',#534,#542,#544,.T.);
#542 = VERTEX_POINT('',#543);
#543 = CARTESIAN_POINT('',(131.588653,14.257006,1.585));
#544 = LINE('',#545,#546);
#545 = CARTESIAN_POINT('',(131.375632,14.257006,1.585));
#546 = VECTOR('',#547,1.);
#547 = DIRECTION('',(1.,0.,0.));
#548 = ORIENTED_EDGE('',*,*,#549,.T.);
#549 = EDGE_CURVE('',#542,#550,#552,.T.);
#550 = VERTEX_POINT('',#551);
#551 = CARTESIAN_POINT('',(131.622619,14.242531,1.585));
#552 = LINE('',#553,#554);
#553 = CARTESIAN_POINT('',(131.588653,14.257006,1.585));
#554 = VECTOR('',#555,1.);
#555 = DIRECTION('',(0.91994584467,-0.392045460213,0.));
#556 = ORIENTED_EDGE('',*,*,#557,.T.);
#557 = EDGE_CURVE('',#550,#558,#560,.T.);
#558 = VERTEX_POINT('',#559);
#559 = CARTESIAN_POINT('',(131.622619,14.542581,1.585));
#560 = LINE('',#561,#562);
#561 = CARTESIAN_POINT('',(131.622619,14.242531,1.585));
#562 = VECTOR('',#563,1.);
#563 = DIRECTION('',(0.,1.,0.));
#564 = ORIENTED_EDGE('',*,*,#565,.T.);
#565 = EDGE_CURVE('',#558,#449,#566,.T.);
#566 = LINE('',#567,#568);
#567 = CARTESIAN_POINT('',(131.622619,14.542581,1.585));
#568 = VECTOR('',#569,1.);
#569 = DIRECTION('',(0.195090852696,0.980785174844,0.));
#570 = FACE_BOUND('',#571,.F.);
#571 = EDGE_LOOP('',(#572,#582,#590,#599,#607,#616,#624,#632));
#572 = ORIENTED_EDGE('',*,*,#573,.T.);
#573 = EDGE_CURVE('',#574,#576,#578,.T.);
#574 = VERTEX_POINT('',#575);
#575 = CARTESIAN_POINT('',(131.622619,14.130728,1.585));
#576 = VERTEX_POINT('',#577);
#577 = CARTESIAN_POINT('',(131.565578,14.159248,1.585));
#578 = LINE('',#579,#580);
#579 = CARTESIAN_POINT('',(131.622619,14.130728,1.585));
#580 = VECTOR('',#581,1.);
#581 = DIRECTION('',(-0.894430327074,0.447207323297,0.));
#582 = ORIENTED_EDGE('',*,*,#583,.T.);
#583 = EDGE_CURVE('',#576,#584,#586,.T.);
#584 = VERTEX_POINT('',#585);
#585 = CARTESIAN_POINT('',(131.398709,14.159248,1.585));
#586 = LINE('',#587,#588);
#587 = CARTESIAN_POINT('',(131.565578,14.159248,1.585));
#588 = VECTOR('',#589,1.);
#589 = DIRECTION('',(-1.,0.,0.));
#590 = ORIENTED_EDGE('',*,*,#591,.T.);
#591 = EDGE_CURVE('',#584,#592,#594,.T.);
#592 = VERTEX_POINT('',#593);
#593 = CARTESIAN_POINT('',(131.246429,14.006969,1.585));
#594 = CIRCLE('',#595,0.215060043145);
#595 = AXIS2_PLACEMENT_3D('',#596,#597,#598);
#596 = CARTESIAN_POINT('',(131.45420499719,13.951471638368,1.585));
#597 = DIRECTION('',(0.,0.,1.));
#598 = DIRECTION('',(-0.258048851758,0.966131869936,0.));
#599 = ORIENTED_EDGE('',*,*,#600,.T.);
#600 = EDGE_CURVE('',#592,#601,#603,.T.);
#601 = VERTEX_POINT('',#602);
#602 = CARTESIAN_POINT('',(131.246429,13.744861,1.585));
#603 = LINE('',#604,#605);
#604 = CARTESIAN_POINT('',(131.246429,14.006969,1.585));
#605 = VECTOR('',#606,1.);
#606 = DIRECTION('',(0.,-1.,0.));
#607 = ORIENTED_EDGE('',*,*,#608,.T.);
#608 = EDGE_CURVE('',#601,#609,#611,.T.);
#609 = VERTEX_POINT('',#610);
#610 = CARTESIAN_POINT('',(131.398709,13.592581,1.585));
#611 = CIRCLE('',#612,0.215067651711);
#612 = AXIS2_PLACEMENT_3D('',#613,#614,#615);
#613 = CARTESIAN_POINT('',(131.4542115,13.8003635,1.585));
#614 = DIRECTION('',(0.,0.,1.));
#615 = DIRECTION('',(-0.966126232127,-0.258069958724,0.));
#616 = ORIENTED_EDGE('',*,*,#617,.T.);
#617 = EDGE_CURVE('',#609,#618,#620,.T.);
#618 = VERTEX_POINT('',#619);
#619 = CARTESIAN_POINT('',(131.565578,13.592581,1.585));
#620 = LINE('',#621,#622);
#621 = CARTESIAN_POINT('',(131.398709,13.592581,1.585));
#622 = VECTOR('',#623,1.);
#623 = DIRECTION('',(1.,0.,0.));
#624 = ORIENTED_EDGE('',*,*,#625,.T.);
#625 = EDGE_CURVE('',#618,#626,#628,.T.);
#626 = VERTEX_POINT('',#627);
#627 = CARTESIAN_POINT('',(131.622619,13.621102,1.585));
#628 = LINE('',#629,#630);
#629 = CARTESIAN_POINT('',(131.565578,13.592581,1.585));
#630 = VECTOR('',#631,1.);
#631 = DIRECTION('',(0.894424054904,0.447219867637,0.));
#632 = ORIENTED_EDGE('',*,*,#633,.T.);
#633 = EDGE_CURVE('',#626,#574,#634,.T.);
#634 = LINE('',#635,#636);
#635 = CARTESIAN_POINT('',(131.622619,13.621102,1.585));
#636 = VECTOR('',#637,1.);
#637 = DIRECTION('',(0.,1.,0.));
#638 = PLANE('',#639);
#639 = AXIS2_PLACEMENT_3D('',#640,#641,#642);
#640 = CARTESIAN_POINT('',(0.,0.,1.585));
#641 = DIRECTION('',(0.,0.,1.));
#642 = DIRECTION('',(1.,0.,-0.));
#643 = SHELL_BASED_SURFACE_MODEL('',(#644));
#644 = OPEN_SHELL('',(#645));
#645 = ADVANCED_FACE('',(#646),#740,.T.);
#646 = FACE_BOUND('',#647,.F.);
#647 = EDGE_LOOP('',(#648,#658,#666,#675,#683,#692,#700,#709,#717,#726,
    #734));
#648 = ORIENTED_EDGE('',*,*,#649,.T.);
#649 = EDGE_CURVE('',#650,#652,#654,.T.);
#650 = VERTEX_POINT('',#651);
#651 = CARTESIAN_POINT('',(130.697877,14.20635,1.585));
#652 = VERTEX_POINT('',#653);
#653 = CARTESIAN_POINT('',(130.804203,14.257006,1.585));
#654 = LINE('',#655,#656);
#655 = CARTESIAN_POINT('',(130.697877,14.20635,1.585));
#656 = VECTOR('',#657,1.);
#657 = DIRECTION('',(0.902779519658,0.430103637378,0.));
#658 = ORIENTED_EDGE('',*,*,#659,.T.);
#659 = EDGE_CURVE('',#652,#660,#662,.T.);
#660 = VERTEX_POINT('',#661);
#661 = CARTESIAN_POINT('',(130.910714,14.259248,1.585));
#662 = LINE('',#663,#664);
#663 = CARTESIAN_POINT('',(130.804203,14.257006,1.585));
#664 = VECTOR('',#665,1.);
#665 = DIRECTION('',(0.999778533519,2.104480731706E-02,0.));
#666 = ORIENTED_EDGE('',*,*,#667,.T.);
#667 = EDGE_CURVE('',#660,#668,#670,.T.);
#668 = VERTEX_POINT('',#669);
#669 = CARTESIAN_POINT('',(130.910714,14.159248,1.585));
#670 = CIRCLE('',#671,5.000000000003E-02);
#671 = AXIS2_PLACEMENT_3D('',#672,#673,#674);
#672 = CARTESIAN_POINT('',(130.91071395228,14.209248,1.585));
#673 = DIRECTION('',(0.,0.,-1.));
#674 = DIRECTION('',(9.542372936262E-07,1.,0.));
#675 = ORIENTED_EDGE('',*,*,#676,.T.);
#676 = EDGE_CURVE('',#668,#677,#679,.T.);
#677 = VERTEX_POINT('',#678);
#678 = CARTESIAN_POINT('',(130.82728,14.159248,1.585));
#679 = LINE('',#680,#681);
#680 = CARTESIAN_POINT('',(130.910714,14.159248,1.585));
#681 = VECTOR('',#682,1.);
#682 = DIRECTION('',(-1.,0.,0.));
#683 = ORIENTED_EDGE('',*,*,#684,.T.);
#684 = EDGE_CURVE('',#677,#685,#687,.T.);
#685 = VERTEX_POINT('',#686);
#686 = CARTESIAN_POINT('',(130.675,14.006969,1.585));
#687 = CIRCLE('',#688,0.215060043145);
#688 = AXIS2_PLACEMENT_3D('',#689,#690,#691);
#689 = CARTESIAN_POINT('',(130.88277599719,13.951471638368,1.585));
#690 = DIRECTION('',(0.,0.,1.));
#691 = DIRECTION('',(-0.258048851758,0.966131869936,0.));
#692 = ORIENTED_EDGE('',*,*,#693,.T.);
#693 = EDGE_CURVE('',#685,#694,#696,.T.);
#694 = VERTEX_POINT('',#695);
#695 = CARTESIAN_POINT('',(130.675,13.542581,1.585));
#696 = LINE('',#697,#698);
#697 = CARTESIAN_POINT('',(130.675,14.006969,1.585));
#698 = VECTOR('',#699,1.);
#699 = DIRECTION('',(0.,-1.,0.));
#700 = ORIENTED_EDGE('',*,*,#701,.T.);
#701 = EDGE_CURVE('',#694,#702,#704,.T.);
#702 = VERTEX_POINT('',#703);
#703 = CARTESIAN_POINT('',(130.575,13.542581,1.585));
#704 = CIRCLE('',#705,5.000000000003E-02);
#705 = AXIS2_PLACEMENT_3D('',#706,#707,#708);
#706 = CARTESIAN_POINT('',(130.625,13.542581047712,1.585));
#707 = DIRECTION('',(-0.,0.,-1.));
#708 = DIRECTION('',(1.,-9.542366541375E-07,-0.));
#709 = ORIENTED_EDGE('',*,*,#710,.T.);
#710 = EDGE_CURVE('',#702,#711,#713,.T.);
#711 = VERTEX_POINT('',#712);
#712 = CARTESIAN_POINT('',(130.575,14.209248,1.585));
#713 = LINE('',#714,#715);
#714 = CARTESIAN_POINT('',(130.575,13.542581,1.585));
#715 = VECTOR('',#716,1.);
#716 = DIRECTION('',(0.,1.,0.));
#717 = ORIENTED_EDGE('',*,*,#718,.T.);
#718 = EDGE_CURVE('',#711,#719,#721,.T.);
#719 = VERTEX_POINT('',#720);
#720 = CARTESIAN_POINT('',(130.671194,14.228382,1.585));
#721 = CIRCLE('',#722,4.99999845211E-02);
#722 = AXIS2_PLACEMENT_3D('',#723,#724,#725);
#723 = CARTESIAN_POINT('',(130.62499998452,14.209247962631,1.585));
#724 = DIRECTION('',(0.,0.,-1.));
#725 = DIRECTION('',(-1.,7.473821210826E-07,0.));
#726 = ORIENTED_EDGE('',*,*,#727,.T.);
#727 = EDGE_CURVE('',#719,#728,#730,.T.);
#728 = VERTEX_POINT('',#729);
#729 = CARTESIAN_POINT('',(130.675,14.187102,1.585));
#730 = LINE('',#731,#732);
#731 = CARTESIAN_POINT('',(130.671194,14.228382,1.585));
#732 = VECTOR('',#733,1.);
#733 = DIRECTION('',(9.18102095378E-02,-0.995776523837,0.));
#734 = ORIENTED_EDGE('',*,*,#735,.T.);
#735 = EDGE_CURVE('',#728,#650,#736,.T.);
#736 = LINE('',#737,#738);
#737 = CARTESIAN_POINT('',(130.675,14.187102,1.585));
#738 = VECTOR('',#739,1.);
#739 = DIRECTION('',(0.765188685434,0.643806085467,0.));
#740 = PLANE('',#741);
#741 = AXIS2_PLACEMENT_3D('',#742,#743,#744);
#742 = CARTESIAN_POINT('',(0.,0.,1.585));
#743 = DIRECTION('',(0.,0.,1.));
#744 = DIRECTION('',(1.,0.,-0.));
#745 = SHELL_BASED_SURFACE_MODEL('',(#746));
#746 = OPEN_SHELL('',(#747));
#747 = ADVANCED_FACE('',(#748,#818),#852,.T.);
#748 = FACE_BOUND('',#749,.F.);
#749 = EDGE_LOOP('',(#750,#761,#769,#778,#786,#795,#803,#812));
#750 = ORIENTED_EDGE('',*,*,#751,.T.);
#751 = EDGE_CURVE('',#752,#754,#756,.T.);
#752 = VERTEX_POINT('',#753);
#753 = CARTESIAN_POINT('',(117.075,16.75,1.585));
#754 = VERTEX_POINT('',#755);
#755 = CARTESIAN_POINT('',(117.125,16.8,1.585));
#756 = CIRCLE('',#757,5.000014378934E-02);
#757 = AXIS2_PLACEMENT_3D('',#758,#759,#760);
#758 = CARTESIAN_POINT('',(117.12500014378,16.749999856211,1.585));
#759 = DIRECTION('',(0.,0.,-1.));
#760 = DIRECTION('',(-0.999999999996,2.875774399662E-06,0.));
#761 = ORIENTED_EDGE('',*,*,#762,.T.);
#762 = EDGE_CURVE('',#754,#763,#765,.T.);
#763 = VERTEX_POINT('',#764);
#764 = CARTESIAN_POINT('',(147.125,16.8,1.585));
#765 = LINE('',#766,#767);
#766 = CARTESIAN_POINT('',(117.125,16.8,1.585));
#767 = VECTOR('',#768,1.);
#768 = DIRECTION('',(1.,0.,0.));
#769 = ORIENTED_EDGE('',*,*,#770,.T.);
#770 = EDGE_CURVE('',#763,#771,#773,.T.);
#771 = VERTEX_POINT('',#772);
#772 = CARTESIAN_POINT('',(147.175,16.75,1.585));
#773 = CIRCLE('',#774,5.000014378936E-02);
#774 = AXIS2_PLACEMENT_3D('',#775,#776,#777);
#775 = CARTESIAN_POINT('',(147.12499985621,16.749999856211,1.585));
#776 = DIRECTION('',(0.,0.,-1.));
#777 = DIRECTION('',(2.875774754931E-06,0.999999999996,0.));
#778 = ORIENTED_EDGE('',*,*,#779,.T.);
#779 = EDGE_CURVE('',#771,#780,#782,.T.);
#780 = VERTEX_POINT('',#781);
#781 = CARTESIAN_POINT('',(147.175,5.25,1.585));
#782 = LINE('',#783,#784);
#783 = CARTESIAN_POINT('',(147.175,16.75,1.585));
#784 = VECTOR('',#785,1.);
#785 = DIRECTION('',(0.,-1.,0.));
#786 = ORIENTED_EDGE('',*,*,#787,.T.);
#787 = EDGE_CURVE('',#780,#788,#790,.T.);
#788 = VERTEX_POINT('',#789);
#789 = CARTESIAN_POINT('',(147.125,5.2,1.585));
#790 = CIRCLE('',#791,5.000014378934E-02);
#791 = AXIS2_PLACEMENT_3D('',#792,#793,#794);
#792 = CARTESIAN_POINT('',(147.12499985621,5.250000143789,1.585));
#793 = DIRECTION('',(0.,0.,-1.));
#794 = DIRECTION('',(0.999999999996,-2.875774435189E-06,0.));
#795 = ORIENTED_EDGE('',*,*,#796,.T.);
#796 = EDGE_CURVE('',#788,#797,#799,.T.);
#797 = VERTEX_POINT('',#798);
#798 = CARTESIAN_POINT('',(117.125,5.2,1.585));
#799 = LINE('',#800,#801);
#800 = CARTESIAN_POINT('',(147.125,5.2,1.585));
#801 = VECTOR('',#802,1.);
#802 = DIRECTION('',(-1.,0.,0.));
#803 = ORIENTED_EDGE('',*,*,#804,.T.);
#804 = EDGE_CURVE('',#797,#805,#807,.T.);
#805 = VERTEX_POINT('',#806);
#806 = CARTESIAN_POINT('',(117.075,5.25,1.585));
#807 = CIRCLE('',#808,5.000014378934E-02);
#808 = AXIS2_PLACEMENT_3D('',#809,#810,#811);
#809 = CARTESIAN_POINT('',(117.12500014378,5.250000143789,1.585));
#810 = DIRECTION('',(0.,0.,-1.));
#811 = DIRECTION('',(-2.875774470715E-06,-0.999999999996,-0.));
#812 = ORIENTED_EDGE('',*,*,#813,.T.);
#813 = EDGE_CURVE('',#805,#752,#814,.T.);
#814 = LINE('',#815,#816);
#815 = CARTESIAN_POINT('',(117.075,5.25,1.585));
#816 = VECTOR('',#817,1.);
#817 = DIRECTION('',(0.,1.,0.));
#818 = FACE_BOUND('',#819,.F.);
#819 = EDGE_LOOP('',(#820,#830,#838,#846));
#820 = ORIENTED_EDGE('',*,*,#821,.T.);
#821 = EDGE_CURVE('',#822,#824,#826,.T.);
#822 = VERTEX_POINT('',#823);
#823 = CARTESIAN_POINT('',(147.075,5.3,1.585));
#824 = VERTEX_POINT('',#825);
#825 = CARTESIAN_POINT('',(147.075,16.7,1.585));
#826 = LINE('',#827,#828);
#827 = CARTESIAN_POINT('',(147.075,5.3,1.585));
#828 = VECTOR('',#829,1.);
#829 = DIRECTION('',(0.,1.,0.));
#830 = ORIENTED_EDGE('',*,*,#831,.T.);
#831 = EDGE_CURVE('',#824,#832,#834,.T.);
#832 = VERTEX_POINT('',#833);
#833 = CARTESIAN_POINT('',(117.175,16.7,1.585));
#834 = LINE('',#835,#836);
#835 = CARTESIAN_POINT('',(147.075,16.7,1.585));
#836 = VECTOR('',#837,1.);
#837 = DIRECTION('',(-1.,0.,0.));
#838 = ORIENTED_EDGE('',*,*,#839,.T.);
#839 = EDGE_CURVE('',#832,#840,#842,.T.);
#840 = VERTEX_POINT('',#841);
#841 = CARTESIAN_POINT('',(117.175,5.3,1.585));
#842 = LINE('',#843,#844);
#843 = CARTESIAN_POINT('',(117.175,16.7,1.585));
#844 = VECTOR('',#845,1.);
#845 = DIRECTION('',(0.,-1.,0.));
#846 = ORIENTED_EDGE('',*,*,#847,.T.);
#847 = EDGE_CURVE('',#840,#822,#848,.T.);
#848 = LINE('',#849,#850);
#849 = CARTESIAN_POINT('',(117.175,5.3,1.585));
#850 = VECTOR('',#851,1.);
#851 = DIRECTION('',(1.,0.,0.));
#852 = PLANE('',#853);
#853 = AXIS2_PLACEMENT_3D('',#854,#855,#856);
#854 = CARTESIAN_POINT('',(0.,0.,1.585));
#855 = DIRECTION('',(0.,0.,1.));
#856 = DIRECTION('',(1.,0.,-0.));
#857 = SHELL_BASED_SURFACE_MODEL('',(#858));
#858 = OPEN_SHELL('',(#859));
#859 = ADVANCED_FACE('',(#860,#930),#964,.T.);
#860 = FACE_BOUND('',#861,.F.);
#861 = EDGE_LOOP('',(#862,#873,#881,#890,#898,#907,#915,#924));
#862 = ORIENTED_EDGE('',*,*,#863,.T.);
#863 = EDGE_CURVE('',#864,#866,#868,.T.);
#864 = VERTEX_POINT('',#865);
#865 = CARTESIAN_POINT('',(112.075,17.,1.585));
#866 = VERTEX_POINT('',#867);
#867 = CARTESIAN_POINT('',(112.125,17.05,1.585));
#868 = CIRCLE('',#869,5.000014378934E-02);
#869 = AXIS2_PLACEMENT_3D('',#870,#871,#872);
#870 = CARTESIAN_POINT('',(112.12500014378,16.999999856211,1.585));
#871 = DIRECTION('',(0.,0.,-1.));
#872 = DIRECTION('',(-0.999999999996,2.875774399662E-06,0.));
#873 = ORIENTED_EDGE('',*,*,#874,.T.);
#874 = EDGE_CURVE('',#866,#875,#877,.T.);
#875 = VERTEX_POINT('',#876);
#876 = CARTESIAN_POINT('',(150.125,17.05,1.585));
#877 = LINE('',#878,#879);
#878 = CARTESIAN_POINT('',(112.125,17.05,1.585));
#879 = VECTOR('',#880,1.);
#880 = DIRECTION('',(1.,0.,0.));
#881 = ORIENTED_EDGE('',*,*,#882,.T.);
#882 = EDGE_CURVE('',#875,#883,#885,.T.);
#883 = VERTEX_POINT('',#884);
#884 = CARTESIAN_POINT('',(150.175,17.,1.585));
#885 = CIRCLE('',#886,5.000014378936E-02);
#886 = AXIS2_PLACEMENT_3D('',#887,#888,#889);
#887 = CARTESIAN_POINT('',(150.12499985621,16.999999856211,1.585));
#888 = DIRECTION('',(0.,0.,-1.));
#889 = DIRECTION('',(2.875774754931E-06,0.999999999996,0.));
#890 = ORIENTED_EDGE('',*,*,#891,.T.);
#891 = EDGE_CURVE('',#883,#892,#894,.T.);
#892 = VERTEX_POINT('',#893);
#893 = CARTESIAN_POINT('',(150.175,5.,1.585));
#894 = LINE('',#895,#896);
#895 = CARTESIAN_POINT('',(150.175,17.,1.585));
#896 = VECTOR('',#897,1.);
#897 = DIRECTION('',(0.,-1.,0.));
#898 = ORIENTED_EDGE('',*,*,#899,.T.);
#899 = EDGE_CURVE('',#892,#900,#902,.T.);
#900 = VERTEX_POINT('',#901);
#901 = CARTESIAN_POINT('',(150.125,4.95,1.585));
#902 = CIRCLE('',#903,5.000014378934E-02);
#903 = AXIS2_PLACEMENT_3D('',#904,#905,#906);
#904 = CARTESIAN_POINT('',(150.12499985621,5.000000143789,1.585));
#905 = DIRECTION('',(0.,0.,-1.));
#906 = DIRECTION('',(0.999999999996,-2.875774435189E-06,0.));
#907 = ORIENTED_EDGE('',*,*,#908,.T.);
#908 = EDGE_CURVE('',#900,#909,#911,.T.);
#909 = VERTEX_POINT('',#910);
#910 = CARTESIAN_POINT('',(112.125,4.95,1.585));
#911 = LINE('',#912,#913);
#912 = CARTESIAN_POINT('',(150.125,4.95,1.585));
#913 = VECTOR('',#914,1.);
#914 = DIRECTION('',(-1.,0.,0.));
#915 = ORIENTED_EDGE('',*,*,#916,.T.);
#916 = EDGE_CURVE('',#909,#917,#919,.T.);
#917 = VERTEX_POINT('',#918);
#918 = CARTESIAN_POINT('',(112.075,5.,1.585));
#919 = CIRCLE('',#920,5.000014378934E-02);
#920 = AXIS2_PLACEMENT_3D('',#921,#922,#923);
#921 = CARTESIAN_POINT('',(112.12500014378,5.000000143789,1.585));
#922 = DIRECTION('',(0.,0.,-1.));
#923 = DIRECTION('',(-2.875774470715E-06,-0.999999999996,-0.));
#924 = ORIENTED_EDGE('',*,*,#925,.T.);
#925 = EDGE_CURVE('',#917,#864,#926,.T.);
#926 = LINE('',#927,#928);
#927 = CARTESIAN_POINT('',(112.075,5.,1.585));
#928 = VECTOR('',#929,1.);
#929 = DIRECTION('',(0.,1.,0.));
#930 = FACE_BOUND('',#931,.F.);
#931 = EDGE_LOOP('',(#932,#942,#950,#958));
#932 = ORIENTED_EDGE('',*,*,#933,.T.);
#933 = EDGE_CURVE('',#934,#936,#938,.T.);
#934 = VERTEX_POINT('',#935);
#935 = CARTESIAN_POINT('',(150.075,5.05,1.585));
#936 = VERTEX_POINT('',#937);
#937 = CARTESIAN_POINT('',(150.075,16.95,1.585));
#938 = LINE('',#939,#940);
#939 = CARTESIAN_POINT('',(150.075,5.05,1.585));
#940 = VECTOR('',#941,1.);
#941 = DIRECTION('',(0.,1.,0.));
#942 = ORIENTED_EDGE('',*,*,#943,.T.);
#943 = EDGE_CURVE('',#936,#944,#946,.T.);
#944 = VERTEX_POINT('',#945);
#945 = CARTESIAN_POINT('',(112.175,16.95,1.585));
#946 = LINE('',#947,#948);
#947 = CARTESIAN_POINT('',(150.075,16.95,1.585));
#948 = VECTOR('',#949,1.);
#949 = DIRECTION('',(-1.,0.,0.));
#950 = ORIENTED_EDGE('',*,*,#951,.T.);
#951 = EDGE_CURVE('',#944,#952,#954,.T.);
#952 = VERTEX_POINT('',#953);
#953 = CARTESIAN_POINT('',(112.175,5.05,1.585));
#954 = LINE('',#955,#956);
#955 = CARTESIAN_POINT('',(112.175,16.95,1.585));
#956 = VECTOR('',#957,1.);
#957 = DIRECTION('',(0.,-1.,0.));
#958 = ORIENTED_EDGE('',*,*,#959,.T.);
#959 = EDGE_CURVE('',#952,#934,#960,.T.);
#960 = LINE('',#961,#962);
#961 = CARTESIAN_POINT('',(112.175,5.05,1.585));
#962 = VECTOR('',#963,1.);
#963 = DIRECTION('',(1.,0.,0.));
#964 = PLANE('',#965);
#965 = AXIS2_PLACEMENT_3D('',#966,#967,#968);
#966 = CARTESIAN_POINT('',(0.,0.,1.585));
#967 = DIRECTION('',(0.,0.,1.));
#968 = DIRECTION('',(1.,0.,-0.));
#969 = SHELL_BASED_SURFACE_MODEL('',(#970));
#970 = OPEN_SHELL('',(#971));
#971 = ADVANCED_FACE('',(#972),#1083,.T.);
#972 = FACE_BOUND('',#973,.F.);
#973 = EDGE_LOOP('',(#974,#985,#993,#1002,#1010,#1018,#1027,#1035,#1044,
    #1052,#1060,#1069,#1077));
#974 = ORIENTED_EDGE('',*,*,#975,.T.);
#975 = EDGE_CURVE('',#976,#978,#980,.T.);
#976 = VERTEX_POINT('',#977);
#977 = CARTESIAN_POINT('',(11.379932,11.554162,1.585));
#978 = VERTEX_POINT('',#979);
#979 = CARTESIAN_POINT('',(11.477212,11.531,1.585));
#980 = CIRCLE('',#981,4.999969160946E-02);
#981 = AXIS2_PLACEMENT_3D('',#982,#983,#984);
#982 = CARTESIAN_POINT('',(11.428572047243,11.542581198419,1.585));
#983 = DIRECTION('',(0.,0.,-1.));
#984 = DIRECTION('',(-0.972806944946,0.231617460188,0.));
#985 = ORIENTED_EDGE('',*,*,#986,.T.);
#986 = EDGE_CURVE('',#978,#987,#989,.T.);
#987 = VERTEX_POINT('',#988);
#988 = CARTESIAN_POINT('',(11.239116,10.531,1.585));
#989 = LINE('',#990,#991);
#990 = CARTESIAN_POINT('',(11.477212,11.531,1.585));
#991 = VECTOR('',#992,1.);
#992 = DIRECTION('',(-0.231621228728,-0.97280604768,0.));
#993 = ORIENTED_EDGE('',*,*,#994,.T.);
#994 = EDGE_CURVE('',#987,#995,#997,.T.);
#995 = VERTEX_POINT('',#996);
#996 = CARTESIAN_POINT('',(11.142164,10.529698,1.585));
#997 = CIRCLE('',#998,4.999982916869E-02);
#998 = AXIS2_PLACEMENT_3D('',#999,#1000,#1001);
#999 = CARTESIAN_POINT('',(11.190475739219,10.542580498612,1.585));
#1000 = DIRECTION('',(-0.,0.,-1.));
#1001 = DIRECTION('',(0.972808539333,-0.231610763567,-0.));
#1002 = ORIENTED_EDGE('',*,*,#1003,.T.);
#1003 = EDGE_CURVE('',#995,#1004,#1006,.T.);
#1004 = VERTEX_POINT('',#1005);
#1005 = CARTESIAN_POINT('',(11.,11.062814,1.585));
#1006 = LINE('',#1007,#1008);
#1007 = CARTESIAN_POINT('',(11.142164,10.529698,1.585));
#1008 = VECTOR('',#1009,1.);
#1009 = DIRECTION('',(-0.257662199333,0.966235059928,0.));
#1010 = ORIENTED_EDGE('',*,*,#1011,.T.);
#1011 = EDGE_CURVE('',#1004,#1012,#1014,.T.);
#1012 = VERTEX_POINT('',#1013);
#1013 = CARTESIAN_POINT('',(10.857836,10.529698,1.585));
#1014 = LINE('',#1015,#1016);
#1015 = CARTESIAN_POINT('',(11.,11.062814,1.585));
#1016 = VECTOR('',#1017,1.);
#1017 = DIRECTION('',(-0.257662199333,-0.966235059928,0.));
#1018 = ORIENTED_EDGE('',*,*,#1019,.T.);
#1019 = EDGE_CURVE('',#1012,#1020,#1022,.T.);
#1020 = VERTEX_POINT('',#1021);
#1021 = CARTESIAN_POINT('',(10.760884,10.531,1.585));
#1022 = CIRCLE('',#1023,5.00001042381E-02);
#1023 = AXIS2_PLACEMENT_3D('',#1024,#1025,#1026);
#1024 = CARTESIAN_POINT('',(10.809524275877,10.542581622787,1.585));
#1025 = DIRECTION('',(-0.,0.,-1.));
#1026 = DIRECTION('',(0.966232468087,-0.257671918562,-0.));
#1027 = ORIENTED_EDGE('',*,*,#1028,.T.);
#1028 = EDGE_CURVE('',#1020,#1029,#1031,.T.);
#1029 = VERTEX_POINT('',#1030);
#1030 = CARTESIAN_POINT('',(10.522789,11.531,1.585));
#1031 = LINE('',#1032,#1033);
#1032 = CARTESIAN_POINT('',(10.760884,10.531,1.585));
#1033 = VECTOR('',#1034,1.);
#1034 = DIRECTION('',(-0.231620308111,0.972806266875,0.));
#1035 = ORIENTED_EDGE('',*,*,#1036,.T.);
#1036 = EDGE_CURVE('',#1029,#1037,#1039,.T.);
#1037 = VERTEX_POINT('',#1038);
#1038 = CARTESIAN_POINT('',(10.620069,11.554162,1.585));
#1039 = CIRCLE('',#1040,4.999969160947E-02);
#1040 = AXIS2_PLACEMENT_3D('',#1041,#1042,#1043);
#1041 = CARTESIAN_POINT('',(10.571428952757,11.542581198419,1.585));
#1042 = DIRECTION('',(0.,0.,-1.));
#1043 = DIRECTION('',(-0.97280505522,-0.231625397006,-0.));
#1044 = ORIENTED_EDGE('',*,*,#1045,.T.);
#1045 = EDGE_CURVE('',#1037,#1046,#1048,.T.);
#1046 = VERTEX_POINT('',#1047);
#1047 = CARTESIAN_POINT('',(10.812268,10.746925,1.585));
#1048 = LINE('',#1049,#1050);
#1049 = CARTESIAN_POINT('',(10.620069,11.554162,1.585));
#1050 = VECTOR('',#1051,1.);
#1051 = DIRECTION('',(0.231620201462,-0.972806292267,0.));
#1052 = ORIENTED_EDGE('',*,*,#1053,.T.);
#1053 = EDGE_CURVE('',#1046,#1054,#1056,.T.);
#1054 = VERTEX_POINT('',#1055);
#1055 = CARTESIAN_POINT('',(10.951688,11.26975,1.585));
#1056 = LINE('',#1057,#1058);
#1057 = CARTESIAN_POINT('',(10.812268,10.746925,1.585));
#1058 = VECTOR('',#1059,1.);
#1059 = DIRECTION('',(0.25766265056,0.966234939601,0.));
#1060 = ORIENTED_EDGE('',*,*,#1061,.T.);
#1061 = EDGE_CURVE('',#1054,#1062,#1064,.T.);
#1062 = VERTEX_POINT('',#1063);
#1063 = CARTESIAN_POINT('',(11.048312,11.26975,1.585));
#1064 = CIRCLE('',#1065,5.000010350477E-02);
#1065 = AXIS2_PLACEMENT_3D('',#1066,#1067,#1068);
#1066 = CARTESIAN_POINT('',(11.,11.256867414604,1.585));
#1067 = DIRECTION('',(0.,0.,-1.));
#1068 = DIRECTION('',(-0.966237999795,0.25765117456,0.));
#1069 = ORIENTED_EDGE('',*,*,#1070,.T.);
#1070 = EDGE_CURVE('',#1062,#1071,#1073,.T.);
#1071 = VERTEX_POINT('',#1072);
#1072 = CARTESIAN_POINT('',(11.187731,10.746925,1.585));
#1073 = LINE('',#1074,#1075);
#1074 = CARTESIAN_POINT('',(11.048312,11.26975,1.585));
#1075 = VECTOR('',#1076,1.);
#1076 = DIRECTION('',(0.257660925151,-0.966235399709,0.));
#1077 = ORIENTED_EDGE('',*,*,#1078,.T.);
#1078 = EDGE_CURVE('',#1071,#976,#1079,.T.);
#1079 = LINE('',#1080,#1081);
#1080 = CARTESIAN_POINT('',(11.187731,10.746925,1.585));
#1081 = VECTOR('',#1082,1.);
#1082 = DIRECTION('',(0.231622482369,0.972805749192,0.));
#1083 = PLANE('',#1084);
#1084 = AXIS2_PLACEMENT_3D('',#1085,#1086,#1087);
#1085 = CARTESIAN_POINT('',(0.,0.,1.585));
#1086 = DIRECTION('',(0.,0.,1.));
#1087 = DIRECTION('',(1.,0.,-0.));
#1088 = SHELL_BASED_SURFACE_MODEL('',(#1089));
#1089 = OPEN_SHELL('',(#1090));
#1090 = ADVANCED_FACE('',(#1091),#1385,.T.);
#1091 = FACE_BOUND('',#1092,.F.);
#1092 = EDGE_LOOP('',(#1093,#1103,#1111,#1119,#1128,#1136,#1144,#1153,
    #1161,#1169,#1177,#1185,#1193,#1201,#1209,#1217,#1225,#1233,#1241,
    #1249,#1257,#1265,#1274,#1282,#1290,#1299,#1307,#1315,#1323,#1331,
    #1339,#1347,#1355,#1363,#1371,#1379));
#1093 = ORIENTED_EDGE('',*,*,#1094,.T.);
#1094 = EDGE_CURVE('',#1095,#1097,#1099,.T.);
#1095 = VERTEX_POINT('',#1096);
#1096 = CARTESIAN_POINT('',(9.739544,11.539683,1.585));
#1097 = VERTEX_POINT('',#1098);
#1098 = CARTESIAN_POINT('',(9.84587,11.590339,1.585));
#1099 = LINE('',#1100,#1101);
#1100 = CARTESIAN_POINT('',(9.739544,11.539683,1.585));
#1101 = VECTOR('',#1102,1.);
#1102 = DIRECTION('',(0.902779519658,0.430103637378,0.));
#1103 = ORIENTED_EDGE('',*,*,#1104,.T.);
#1104 = EDGE_CURVE('',#1097,#1105,#1107,.T.);
#1105 = VERTEX_POINT('',#1106);
#1106 = CARTESIAN_POINT('',(10.1031,11.591018,1.585));
#1107 = LINE('',#1108,#1109);
#1108 = CARTESIAN_POINT('',(9.84587,11.590339,1.585));
#1109 = VECTOR('',#1110,1.);
#1110 = DIRECTION('',(0.999996516113,2.63965180749E-03,0.));
#1111 = ORIENTED_EDGE('',*,*,#1112,.T.);
#1112 = EDGE_CURVE('',#1105,#1113,#1115,.T.);
#1113 = VERTEX_POINT('',#1114);
#1114 = CARTESIAN_POINT('',(10.253906,11.542396,1.585));
#1115 = LINE('',#1116,#1117);
#1116 = CARTESIAN_POINT('',(10.1031,11.591018,1.585));
#1117 = VECTOR('',#1118,1.);
#1118 = DIRECTION('',(0.951754884535,-0.306859315915,0.));
#1119 = ORIENTED_EDGE('',*,*,#1120,.T.);
#1120 = EDGE_CURVE('',#1113,#1121,#1123,.T.);
#1121 = VERTEX_POINT('',#1122);
#1122 = CARTESIAN_POINT('',(10.222283,11.447528,1.585));
#1123 = CIRCLE('',#1124,4.999987888403E-02);
#1124 = AXIS2_PLACEMENT_3D('',#1125,#1126,#1127);
#1125 = CARTESIAN_POINT('',(10.238094888124,11.494961870624,1.585));
#1126 = DIRECTION('',(0.,0.,-1.));
#1127 = DIRECTION('',(0.316223003506,0.948684885541,0.));
#1128 = ORIENTED_EDGE('',*,*,#1129,.T.);
#1129 = EDGE_CURVE('',#1121,#1130,#1132,.T.);
#1130 = VERTEX_POINT('',#1131);
#1131 = CARTESIAN_POINT('',(10.087125,11.492581,1.585));
#1132 = LINE('',#1133,#1134);
#1133 = CARTESIAN_POINT('',(10.222283,11.447528,1.585));
#1134 = VECTOR('',#1135,1.);
#1135 = DIRECTION('',(-0.948682596142,0.316229871735,0.));
#1136 = ORIENTED_EDGE('',*,*,#1137,.T.);
#1137 = EDGE_CURVE('',#1130,#1138,#1140,.T.);
#1138 = VERTEX_POINT('',#1139);
#1139 = CARTESIAN_POINT('',(9.868947,11.492581,1.585));
#1140 = LINE('',#1141,#1142);
#1141 = CARTESIAN_POINT('',(10.087125,11.492581,1.585));
#1142 = VECTOR('',#1143,1.);
#1143 = DIRECTION('',(-1.,0.,0.));
#1144 = ORIENTED_EDGE('',*,*,#1145,.T.);
#1145 = EDGE_CURVE('',#1138,#1146,#1148,.T.);
#1146 = VERTEX_POINT('',#1147);
#1147 = CARTESIAN_POINT('',(9.716667,11.340302,1.585));
#1148 = CIRCLE('',#1149,0.215060043145);
#1149 = AXIS2_PLACEMENT_3D('',#1150,#1151,#1152);
#1150 = CARTESIAN_POINT('',(9.924442997193,11.284804638368,1.585));
#1151 = DIRECTION('',(0.,0.,1.));
#1152 = DIRECTION('',(-0.258048851758,0.966131869936,0.));
#1153 = ORIENTED_EDGE('',*,*,#1154,.T.);
#1154 = EDGE_CURVE('',#1146,#1155,#1157,.T.);
#1155 = VERTEX_POINT('',#1156);
#1156 = CARTESIAN_POINT('',(9.716667,11.26867,1.585));
#1157 = LINE('',#1158,#1159);
#1158 = CARTESIAN_POINT('',(9.716667,11.340302,1.585));
#1159 = VECTOR('',#1160,1.);
#1160 = DIRECTION('',(0.,-1.,0.));
#1161 = ORIENTED_EDGE('',*,*,#1162,.T.);
#1162 = EDGE_CURVE('',#1155,#1163,#1165,.T.);
#1163 = VERTEX_POINT('',#1164);
#1164 = CARTESIAN_POINT('',(9.755378,11.191247,1.585));
#1165 = LINE('',#1166,#1167);
#1166 = CARTESIAN_POINT('',(9.716667,11.26867,1.585));
#1167 = VECTOR('',#1168,1.);
#1168 = DIRECTION('',(0.447208974492,-0.894429501489,0.));
#1169 = ORIENTED_EDGE('',*,*,#1170,.T.);
#1170 = EDGE_CURVE('',#1163,#1171,#1173,.T.);
#1171 = VERTEX_POINT('',#1172);
#1172 = CARTESIAN_POINT('',(9.791523,11.155103,1.585));
#1173 = LINE('',#1174,#1175);
#1174 = CARTESIAN_POINT('',(9.755378,11.191247,1.585));
#1175 = VECTOR('',#1176,1.);
#1176 = DIRECTION('',(0.707116562784,-0.707096999454,0.));
#1177 = ORIENTED_EDGE('',*,*,#1178,.T.);
#1178 = EDGE_CURVE('',#1171,#1179,#1181,.T.);
#1179 = VERTEX_POINT('',#1180);
#1180 = CARTESIAN_POINT('',(9.874595,11.113567,1.585));
#1181 = LINE('',#1182,#1183);
#1182 = CARTESIAN_POINT('',(9.791523,11.155103,1.585));
#1183 = VECTOR('',#1184,1.);
#1184 = DIRECTION('',(0.894427191,-0.4472135955,0.));
#1185 = ORIENTED_EDGE('',*,*,#1186,.T.);
#1186 = EDGE_CURVE('',#1179,#1187,#1189,.T.);
#1187 = VERTEX_POINT('',#1188);
#1188 = CARTESIAN_POINT('',(10.06998,11.063493,1.585));
#1189 = LINE('',#1190,#1191);
#1190 = CARTESIAN_POINT('',(9.874595,11.113567,1.585));
#1191 = VECTOR('',#1192,1.);
#1192 = DIRECTION('',(0.968693343403,-0.248260360199,0.));
#1193 = ORIENTED_EDGE('',*,*,#1194,.T.);
#1194 = EDGE_CURVE('',#1187,#1195,#1197,.T.);
#1195 = VERTEX_POINT('',#1196);
#1196 = CARTESIAN_POINT('',(10.178212,11.006508,1.585));
#1197 = LINE('',#1198,#1199);
#1198 = CARTESIAN_POINT('',(10.06998,11.063493,1.585));
#1199 = VECTOR('',#1200,1.);
#1200 = DIRECTION('',(0.884848162196,-0.465879522902,0.));
#1201 = ORIENTED_EDGE('',*,*,#1202,.T.);
#1202 = EDGE_CURVE('',#1195,#1203,#1205,.T.);
#1203 = VERTEX_POINT('',#1204);
#1204 = CARTESIAN_POINT('',(10.235197,10.945895,1.585));
#1205 = LINE('',#1206,#1207);
#1206 = CARTESIAN_POINT('',(10.178212,11.006508,1.585));
#1207 = VECTOR('',#1208,1.);
#1208 = DIRECTION('',(0.68496603593,-0.728574999312,0.));
#1209 = ORIENTED_EDGE('',*,*,#1210,.T.);
#1210 = EDGE_CURVE('',#1203,#1211,#1213,.T.);
#1211 = VERTEX_POINT('',#1212);
#1212 = CARTESIAN_POINT('',(10.285852,10.839569,1.585));
#1213 = LINE('',#1214,#1215);
#1214 = CARTESIAN_POINT('',(10.235197,10.945895,1.585));
#1215 = VECTOR('',#1216,1.);
#1216 = DIRECTION('',(0.430096717347,-0.902782816478,0.));
#1217 = ORIENTED_EDGE('',*,*,#1218,.T.);
#1218 = EDGE_CURVE('',#1211,#1219,#1221,.T.);
#1219 = VERTEX_POINT('',#1220);
#1220 = CARTESIAN_POINT('',(10.285852,10.721786,1.585));
#1221 = LINE('',#1222,#1223);
#1222 = CARTESIAN_POINT('',(10.285852,10.839569,1.585));
#1223 = VECTOR('',#1224,1.);
#1224 = DIRECTION('',(0.,-1.,0.));
#1225 = ORIENTED_EDGE('',*,*,#1226,.T.);
#1226 = EDGE_CURVE('',#1219,#1227,#1229,.T.);
#1227 = VERTEX_POINT('',#1228);
#1228 = CARTESIAN_POINT('',(10.225832,10.602465,1.585));
#1229 = LINE('',#1230,#1231);
#1230 = CARTESIAN_POINT('',(10.285852,10.721786,1.585));
#1231 = VECTOR('',#1232,1.);
#1232 = DIRECTION('',(-0.44936554065,-0.893347978605,0.));
#1233 = ORIENTED_EDGE('',*,*,#1234,.T.);
#1234 = EDGE_CURVE('',#1227,#1235,#1237,.T.);
#1235 = VERTEX_POINT('',#1236);
#1236 = CARTESIAN_POINT('',(10.165217,10.545478,1.585));
#1237 = LINE('',#1238,#1239);
#1238 = CARTESIAN_POINT('',(10.225832,10.602465,1.585));
#1239 = VECTOR('',#1240,1.);
#1240 = DIRECTION('',(-0.728574281239,-0.684966799719,0.));
#1241 = ORIENTED_EDGE('',*,*,#1242,.T.);
#1242 = EDGE_CURVE('',#1235,#1243,#1245,.T.);
#1243 = VERTEX_POINT('',#1244);
#1244 = CARTESIAN_POINT('',(10.058891,10.494824,1.585));
#1245 = LINE('',#1246,#1247);
#1246 = CARTESIAN_POINT('',(10.165217,10.545478,1.585));
#1247 = VECTOR('',#1248,1.);
#1248 = DIRECTION('',(-0.902786113268,-0.430089797241,0.));
#1249 = ORIENTED_EDGE('',*,*,#1250,.T.);
#1250 = EDGE_CURVE('',#1243,#1251,#1253,.T.);
#1251 = VERTEX_POINT('',#1252);
#1252 = CARTESIAN_POINT('',(9.793712,10.495147,1.585));
#1253 = LINE('',#1254,#1255);
#1254 = CARTESIAN_POINT('',(10.058891,10.494824,1.585));
#1255 = VECTOR('',#1256,1.);
#1256 = DIRECTION('',(-0.999999258184,1.218044265923E-03,0.));
#1257 = ORIENTED_EDGE('',*,*,#1258,.T.);
#1258 = EDGE_CURVE('',#1251,#1259,#1261,.T.);
#1259 = VERTEX_POINT('',#1260);
#1260 = CARTESIAN_POINT('',(9.650856,10.542766,1.585));
#1261 = LINE('',#1262,#1263);
#1262 = CARTESIAN_POINT('',(9.793712,10.495147,1.585));
#1263 = VECTOR('',#1264,1.);
#1264 = DIRECTION('',(-0.948682633965,0.316229758266,0.));
#1265 = ORIENTED_EDGE('',*,*,#1266,.T.);
#1266 = EDGE_CURVE('',#1259,#1267,#1269,.T.);
#1267 = VERTEX_POINT('',#1268);
#1268 = CARTESIAN_POINT('',(9.682478,10.637634,1.585));
#1269 = CIRCLE('',#1270,4.999972076924E-02);
#1270 = AXIS2_PLACEMENT_3D('',#1271,#1272,#1273);
#1271 = CARTESIAN_POINT('',(9.666666961647,10.590200012784,1.585));
#1272 = DIRECTION('',(0.,0.,-1.));
#1273 = DIRECTION('',(-0.316220998917,-0.948685553724,-0.));
#1274 = ORIENTED_EDGE('',*,*,#1275,.T.);
#1275 = EDGE_CURVE('',#1267,#1276,#1278,.T.);
#1276 = VERTEX_POINT('',#1277);
#1277 = CARTESIAN_POINT('',(9.817637,10.592581,1.585));
#1278 = LINE('',#1279,#1280);
#1279 = CARTESIAN_POINT('',(9.682478,10.637634,1.585));
#1280 = VECTOR('',#1281,1.);
#1281 = DIRECTION('',(0.948683298051,-0.316227766017,0.));
#1282 = ORIENTED_EDGE('',*,*,#1283,.T.);
#1283 = EDGE_CURVE('',#1276,#1284,#1286,.T.);
#1284 = VERTEX_POINT('',#1285);
#1285 = CARTESIAN_POINT('',(10.035816,10.592581,1.585));
#1286 = LINE('',#1287,#1288);
#1287 = CARTESIAN_POINT('',(9.817637,10.592581,1.585));
#1288 = VECTOR('',#1289,1.);
#1289 = DIRECTION('',(1.,0.,0.));
#1290 = ORIENTED_EDGE('',*,*,#1291,.T.);
#1291 = EDGE_CURVE('',#1284,#1292,#1294,.T.);
#1292 = VERTEX_POINT('',#1293);
#1293 = CARTESIAN_POINT('',(10.188095,10.744862,1.585));
#1294 = CIRCLE('',#1295,0.215068068383);
#1295 = AXIS2_PLACEMENT_3D('',#1296,#1297,#1298);
#1296 = CARTESIAN_POINT('',(9.980311795161,10.800363475881,1.585));
#1297 = DIRECTION('',(0.,0.,1.));
#1298 = DIRECTION('',(0.258077385714,-0.966124248212,0.));
#1299 = ORIENTED_EDGE('',*,*,#1300,.T.);
#1300 = EDGE_CURVE('',#1292,#1301,#1303,.T.);
#1301 = VERTEX_POINT('',#1302);
#1302 = CARTESIAN_POINT('',(10.188095,10.816493,1.585));
#1303 = LINE('',#1304,#1305);
#1304 = CARTESIAN_POINT('',(10.188095,10.744862,1.585));
#1305 = VECTOR('',#1306,1.);
#1306 = DIRECTION('',(0.,1.,0.));
#1307 = ORIENTED_EDGE('',*,*,#1308,.T.);
#1308 = EDGE_CURVE('',#1301,#1309,#1311,.T.);
#1309 = VERTEX_POINT('',#1310);
#1310 = CARTESIAN_POINT('',(10.149383,10.893916,1.585));
#1311 = LINE('',#1312,#1313);
#1312 = CARTESIAN_POINT('',(10.188095,10.816493,1.585));
#1313 = VECTOR('',#1314,1.);
#1314 = DIRECTION('',(-0.447218216472,0.894424880499,0.));
#1315 = ORIENTED_EDGE('',*,*,#1316,.T.);
#1316 = EDGE_CURVE('',#1309,#1317,#1319,.T.);
#1317 = VERTEX_POINT('',#1318);
#1318 = CARTESIAN_POINT('',(10.113239,10.930061,1.585));
#1319 = LINE('',#1320,#1321);
#1320 = CARTESIAN_POINT('',(10.149383,10.893916,1.585));
#1321 = VECTOR('',#1322,1.);
#1322 = DIRECTION('',(-0.707096999454,0.707116562784,0.));
#1323 = ORIENTED_EDGE('',*,*,#1324,.T.);
#1324 = EDGE_CURVE('',#1317,#1325,#1327,.T.);
#1325 = VERTEX_POINT('',#1326);
#1326 = CARTESIAN_POINT('',(10.030168,10.971596,1.585));
#1327 = LINE('',#1328,#1329);
#1328 = CARTESIAN_POINT('',(10.113239,10.930061,1.585));
#1329 = VECTOR('',#1330,1.);
#1330 = DIRECTION('',(-0.894429344399,0.447209288676,0.));
#1331 = ORIENTED_EDGE('',*,*,#1332,.T.);
#1332 = EDGE_CURVE('',#1325,#1333,#1335,.T.);
#1333 = VERTEX_POINT('',#1334);
#1334 = CARTESIAN_POINT('',(9.834782,11.02167,1.585));
#1335 = LINE('',#1336,#1337);
#1336 = CARTESIAN_POINT('',(10.030168,10.971596,1.585));
#1337 = VECTOR('',#1338,1.);
#1338 = DIRECTION('',(-0.96869364897,0.248259167896,0.));
#1339 = ORIENTED_EDGE('',*,*,#1340,.T.);
#1340 = EDGE_CURVE('',#1333,#1341,#1343,.T.);
#1341 = VERTEX_POINT('',#1342);
#1342 = CARTESIAN_POINT('',(9.726549,11.078655,1.585));
#1343 = LINE('',#1344,#1345);
#1344 = CARTESIAN_POINT('',(9.834782,11.02167,1.585));
#1345 = VECTOR('',#1346,1.);
#1346 = DIRECTION('',(-0.884849936612,0.465876152725,0.));
#1347 = ORIENTED_EDGE('',*,*,#1348,.T.);
#1348 = EDGE_CURVE('',#1341,#1349,#1351,.T.);
#1349 = VERTEX_POINT('',#1350);
#1350 = CARTESIAN_POINT('',(9.669564,11.139269,1.585));
#1351 = LINE('',#1352,#1353);
#1352 = CARTESIAN_POINT('',(9.726549,11.078655,1.585));
#1353 = VECTOR('',#1354,1.);
#1354 = DIRECTION('',(-0.684960037333,0.728580638816,0.));
#1355 = ORIENTED_EDGE('',*,*,#1356,.T.);
#1356 = EDGE_CURVE('',#1349,#1357,#1359,.T.);
#1357 = VERTEX_POINT('',#1358);
#1358 = CARTESIAN_POINT('',(9.618909,11.245595,1.585));
#1359 = LINE('',#1360,#1361);
#1360 = CARTESIAN_POINT('',(9.669564,11.139269,1.585));
#1361 = VECTOR('',#1362,1.);
#1362 = DIRECTION('',(-0.430096717347,0.902782816478,0.));
#1363 = ORIENTED_EDGE('',*,*,#1364,.T.);
#1364 = EDGE_CURVE('',#1357,#1365,#1367,.T.);
#1365 = VERTEX_POINT('',#1366);
#1366 = CARTESIAN_POINT('',(9.618909,11.363378,1.585));
#1367 = LINE('',#1368,#1369);
#1368 = CARTESIAN_POINT('',(9.618909,11.245595,1.585));
#1369 = VECTOR('',#1370,1.);
#1370 = DIRECTION('',(0.,1.,0.));
#1371 = ORIENTED_EDGE('',*,*,#1372,.T.);
#1372 = EDGE_CURVE('',#1365,#1373,#1375,.T.);
#1373 = VERTEX_POINT('',#1374);
#1374 = CARTESIAN_POINT('',(9.678931,11.482698,1.585));
#1375 = LINE('',#1376,#1377);
#1376 = CARTESIAN_POINT('',(9.618909,11.363378,1.585));
#1377 = VECTOR('',#1378,1.);
#1378 = DIRECTION('',(0.449380496335,0.893340455545,0.));
#1379 = ORIENTED_EDGE('',*,*,#1380,.T.);
#1380 = EDGE_CURVE('',#1373,#1095,#1381,.T.);
#1381 = LINE('',#1382,#1383);
#1382 = CARTESIAN_POINT('',(9.678931,11.482698,1.585));
#1383 = VECTOR('',#1384,1.);
#1384 = DIRECTION('',(0.728574999312,0.68496603593,0.));
#1385 = PLANE('',#1386);
#1386 = AXIS2_PLACEMENT_3D('',#1387,#1388,#1389);
#1387 = CARTESIAN_POINT('',(0.,0.,1.585));
#1388 = DIRECTION('',(0.,0.,1.));
#1389 = DIRECTION('',(1.,0.,-0.));
#1390 = SHELL_BASED_SURFACE_MODEL('',(#1391));
#1391 = OPEN_SHELL('',(#1392));
#1392 = ADVANCED_FACE('',(#1393),#1593,.T.);
#1393 = FACE_BOUND('',#1394,.F.);
#1394 = EDGE_LOOP('',(#1395,#1406,#1414,#1422,#1430,#1438,#1446,#1454,
    #1462,#1471,#1479,#1488,#1496,#1505,#1513,#1522,#1530,#1539,#1547,
    #1555,#1563,#1571,#1579,#1587));
#1395 = ORIENTED_EDGE('',*,*,#1396,.T.);
#1396 = EDGE_CURVE('',#1397,#1399,#1401,.T.);
#1397 = VERTEX_POINT('',#1398);
#1398 = CARTESIAN_POINT('',(11.714286,11.492581,1.585));
#1399 = VERTEX_POINT('',#1400);
#1400 = CARTESIAN_POINT('',(11.714286,11.592581,1.585));
#1401 = CIRCLE('',#1402,5.000000000002E-02);
#1402 = AXIS2_PLACEMENT_3D('',#1403,#1404,#1405);
#1403 = CARTESIAN_POINT('',(11.714286047712,11.542581,1.585));
#1404 = DIRECTION('',(0.,0.,-1.));
#1405 = DIRECTION('',(-9.542365120292E-07,-1.,-0.));
#1406 = ORIENTED_EDGE('',*,*,#1407,.T.);
#1407 = EDGE_CURVE('',#1399,#1408,#1410,.T.);
#1408 = VERTEX_POINT('',#1409);
#1409 = CARTESIAN_POINT('',(12.347279,11.589807,1.585));
#1410 = LINE('',#1411,#1412);
#1411 = CARTESIAN_POINT('',(11.714286,11.592581,1.585));
#1412 = VECTOR('',#1413,1.);
#1413 = DIRECTION('',(0.999990397621,-4.382312858119E-03,0.));
#1414 = ORIENTED_EDGE('',*,*,#1415,.T.);
#1415 = EDGE_CURVE('',#1408,#1416,#1418,.T.);
#1416 = VERTEX_POINT('',#1417);
#1417 = CARTESIAN_POINT('',(12.379527,11.561715,1.585));
#1418 = LINE('',#1419,#1420);
#1419 = CARTESIAN_POINT('',(12.347279,11.589807,1.585));
#1420 = VECTOR('',#1421,1.);
#1421 = DIRECTION('',(0.754023317735,-0.656847650763,0.));
#1422 = ORIENTED_EDGE('',*,*,#1423,.T.);
#1423 = EDGE_CURVE('',#1416,#1424,#1426,.T.);
#1424 = VERTEX_POINT('',#1425);
#1425 = CARTESIAN_POINT('',(12.378056,11.521977,1.585));
#1426 = LINE('',#1427,#1428);
#1427 = CARTESIAN_POINT('',(12.379527,11.561715,1.585));
#1428 = VECTOR('',#1429,1.);
#1429 = DIRECTION('',(-3.699212804736E-02,-0.999315557,0.));
#1430 = ORIENTED_EDGE('',*,*,#1431,.T.);
#1431 = EDGE_CURVE('',#1424,#1432,#1434,.T.);
#1432 = VERTEX_POINT('',#1433);
#1433 = CARTESIAN_POINT('',(12.110188,11.211629,1.585));
#1434 = LINE('',#1435,#1436);
#1435 = CARTESIAN_POINT('',(12.378056,11.521977,1.585));
#1436 = VECTOR('',#1437,1.);
#1437 = DIRECTION('',(-0.653396551093,-0.757015816889,0.));
#1438 = ORIENTED_EDGE('',*,*,#1439,.T.);
#1439 = EDGE_CURVE('',#1432,#1440,#1442,.T.);
#1440 = VERTEX_POINT('',#1441);
#1441 = CARTESIAN_POINT('',(12.161991,11.207823,1.585));
#1442 = LINE('',#1443,#1444);
#1443 = CARTESIAN_POINT('',(12.110188,11.211629,1.585));
#1444 = VECTOR('',#1445,1.);
#1445 = DIRECTION('',(0.997311909634,-7.327315267583E-02,0.));
#1446 = ORIENTED_EDGE('',*,*,#1447,.T.);
#1447 = EDGE_CURVE('',#1440,#1448,#1450,.T.);
#1448 = VERTEX_POINT('',#1449);
#1449 = CARTESIAN_POINT('',(12.27345,11.149365,1.585));
#1450 = LINE('',#1451,#1452);
#1451 = CARTESIAN_POINT('',(12.161991,11.207823,1.585));
#1452 = VECTOR('',#1453,1.);
#1453 = DIRECTION('',(0.885587409554,-0.464472754894,0.));
#1454 = ORIENTED_EDGE('',*,*,#1455,.T.);
#1455 = EDGE_CURVE('',#1448,#1456,#1458,.T.);
#1456 = VERTEX_POINT('',#1457);
#1457 = CARTESIAN_POINT('',(12.330435,11.088752,1.585));
#1458 = LINE('',#1459,#1460);
#1459 = CARTESIAN_POINT('',(12.27345,11.149365,1.585));
#1460 = VECTOR('',#1461,1.);
#1461 = DIRECTION('',(0.68496603593,-0.728574999312,0.));
#1462 = ORIENTED_EDGE('',*,*,#1463,.T.);
#1463 = EDGE_CURVE('',#1456,#1464,#1466,.T.);
#1464 = VERTEX_POINT('',#1465);
#1465 = CARTESIAN_POINT('',(12.32107,10.602465,1.585));
#1466 = CIRCLE('',#1467,0.42989777466);
#1467 = AXIS2_PLACEMENT_3D('',#1468,#1469,#1470);
#1468 = CARTESIAN_POINT('',(11.971316584965,10.852434288771,1.585));
#1469 = DIRECTION('',(0.,0.,-1.));
#1470 = DIRECTION('',(0.835357697115,0.549706756253,0.));
#1471 = ORIENTED_EDGE('',*,*,#1472,.T.);
#1472 = EDGE_CURVE('',#1464,#1473,#1475,.T.);
#1473 = VERTEX_POINT('',#1474);
#1474 = CARTESIAN_POINT('',(12.260455,10.545478,1.585));
#1475 = LINE('',#1476,#1477);
#1476 = CARTESIAN_POINT('',(12.32107,10.602465,1.585));
#1477 = VECTOR('',#1478,1.);
#1478 = DIRECTION('',(-0.728574281239,-0.684966799719,0.));
#1479 = ORIENTED_EDGE('',*,*,#1480,.T.);
#1480 = EDGE_CURVE('',#1473,#1481,#1483,.T.);
#1481 = VERTEX_POINT('',#1482);
#1482 = CARTESIAN_POINT('',(11.726549,10.554845,1.585));
#1483 = CIRCLE('',#1484,0.484201554455);
#1484 = AXIS2_PLACEMENT_3D('',#1485,#1486,#1487);
#1485 = CARTESIAN_POINT('',(12.000587700647,10.954036602974,1.585));
#1486 = DIRECTION('',(-0.,0.,-1.));
#1487 = DIRECTION('',(0.536692410345,-0.843777966457,-0.));
#1488 = ORIENTED_EDGE('',*,*,#1489,.T.);
#1489 = EDGE_CURVE('',#1481,#1490,#1492,.T.);
#1490 = VERTEX_POINT('',#1491);
#1491 = CARTESIAN_POINT('',(11.668092,10.618686,1.585));
#1492 = LINE('',#1493,#1494);
#1493 = CARTESIAN_POINT('',(11.726549,10.554845,1.585));
#1494 = VECTOR('',#1495,1.);
#1495 = DIRECTION('',(-0.675323286832,0.737521835787,0.));
#1496 = ORIENTED_EDGE('',*,*,#1497,.T.);
#1497 = EDGE_CURVE('',#1490,#1498,#1500,.T.);
#1498 = VERTEX_POINT('',#1499);
#1499 = CARTESIAN_POINT('',(11.733421,10.684014,1.585));
#1500 = CIRCLE('',#1501,4.999995592928E-02);
#1501 = AXIS2_PLACEMENT_3D('',#1502,#1503,#1504);
#1502 = CARTESIAN_POINT('',(11.714285792902,10.6378205,1.585));
#1503 = DIRECTION('',(0.,0.,-1.));
#1504 = DIRECTION('',(-0.92387667236,-0.382690337309,-0.));
#1505 = ORIENTED_EDGE('',*,*,#1506,.T.);
#1506 = EDGE_CURVE('',#1498,#1507,#1509,.T.);
#1507 = VERTEX_POINT('',#1508);
#1508 = CARTESIAN_POINT('',(11.791524,10.631292,1.585));
#1509 = LINE('',#1510,#1511);
#1510 = CARTESIAN_POINT('',(11.733421,10.684014,1.585));
#1511 = VECTOR('',#1512,1.);
#1512 = DIRECTION('',(0.740567235323,-0.671982269086,0.));
#1513 = ORIENTED_EDGE('',*,*,#1514,.T.);
#1514 = EDGE_CURVE('',#1507,#1515,#1517,.T.);
#1515 = VERTEX_POINT('',#1516);
#1516 = CARTESIAN_POINT('',(12.208475,10.631292,1.585));
#1517 = CIRCLE('',#1518,0.382067104129);
#1518 = AXIS2_PLACEMENT_3D('',#1519,#1520,#1521);
#1519 = CARTESIAN_POINT('',(11.9999995,10.95146888542,1.585));
#1520 = DIRECTION('',(0.,0.,1.));
#1521 = DIRECTION('',(-0.545651530181,-0.83801217629,0.));
#1522 = ORIENTED_EDGE('',*,*,#1523,.T.);
#1523 = EDGE_CURVE('',#1515,#1524,#1526,.T.);
#1524 = VERTEX_POINT('',#1525);
#1525 = CARTESIAN_POINT('',(12.244621,10.667439,1.585));
#1526 = LINE('',#1527,#1528);
#1527 = CARTESIAN_POINT('',(12.208475,10.631292,1.585));
#1528 = VECTOR('',#1529,1.);
#1529 = DIRECTION('',(0.707096999995,0.707116562243,0.));
#1530 = ORIENTED_EDGE('',*,*,#1531,.T.);
#1531 = EDGE_CURVE('',#1524,#1532,#1534,.T.);
#1532 = VERTEX_POINT('',#1533);
#1533 = CARTESIAN_POINT('',(12.244621,11.036773,1.585));
#1534 = CIRCLE('',#1535,0.329220402929);
#1535 = AXIS2_PLACEMENT_3D('',#1536,#1537,#1538);
#1536 = CARTESIAN_POINT('',(11.972069770291,10.852106,1.585));
#1537 = DIRECTION('',(0.,-0.,1.));
#1538 = DIRECTION('',(0.827868586771,-0.560922100687,-0.));
#1539 = ORIENTED_EDGE('',*,*,#1540,.T.);
#1540 = EDGE_CURVE('',#1532,#1541,#1543,.T.);
#1541 = VERTEX_POINT('',#1542);
#1542 = CARTESIAN_POINT('',(12.208477,11.072918,1.585));
#1543 = LINE('',#1544,#1545);
#1544 = CARTESIAN_POINT('',(12.244621,11.036773,1.585));
#1545 = VECTOR('',#1546,1.);
#1546 = DIRECTION('',(-0.707096999454,0.707116562784,0.));
#1547 = ORIENTED_EDGE('',*,*,#1548,.T.);
#1548 = EDGE_CURVE('',#1541,#1549,#1551,.T.);
#1549 = VERTEX_POINT('',#1550);
#1550 = CARTESIAN_POINT('',(12.131054,11.111629,1.585));
#1551 = LINE('',#1552,#1553);
#1552 = CARTESIAN_POINT('',(12.208477,11.072918,1.585));
#1553 = VECTOR('',#1554,1.);
#1554 = DIRECTION('',(-0.894429501489,0.447208974492,0.));
#1555 = ORIENTED_EDGE('',*,*,#1556,.T.);
#1556 = EDGE_CURVE('',#1549,#1557,#1559,.T.);
#1557 = VERTEX_POINT('',#1558);
#1558 = CARTESIAN_POINT('',(11.983166,11.114978,1.585));
#1559 = LINE('',#1560,#1561);
#1560 = CARTESIAN_POINT('',(12.131054,11.111629,1.585));
#1561 = VECTOR('',#1562,1.);
#1562 = DIRECTION('',(-0.99974368889,2.263971122804E-02,0.));
#1563 = ORIENTED_EDGE('',*,*,#1564,.T.);
#1564 = EDGE_CURVE('',#1557,#1565,#1567,.T.);
#1565 = VERTEX_POINT('',#1566);
#1566 = CARTESIAN_POINT('',(11.953806,11.142495,1.585));
#1567 = LINE('',#1568,#1569);
#1568 = CARTESIAN_POINT('',(11.983166,11.114978,1.585));
#1569 = VECTOR('',#1570,1.);
#1570 = DIRECTION('',(-0.729636395306,0.683835309592,0.));
#1571 = ORIENTED_EDGE('',*,*,#1572,.T.);
#1572 = EDGE_CURVE('',#1565,#1573,#1575,.T.);
#1573 = VERTEX_POINT('',#1574);
#1574 = CARTESIAN_POINT('',(11.955276,11.182234,1.585));
#1575 = LINE('',#1576,#1577);
#1576 = CARTESIAN_POINT('',(11.953806,11.142495,1.585));
#1577 = VECTOR('',#1578,1.);
#1578 = DIRECTION('',(3.696608584499E-02,0.999316520677,0.));
#1579 = ORIENTED_EDGE('',*,*,#1580,.T.);
#1580 = EDGE_CURVE('',#1573,#1581,#1583,.T.);
#1581 = VERTEX_POINT('',#1582);
#1582 = CARTESIAN_POINT('',(12.223145,11.492581,1.585));
#1583 = LINE('',#1584,#1585);
#1584 = CARTESIAN_POINT('',(11.955276,11.182234,1.585));
#1585 = VECTOR('',#1586,1.);
#1586 = DIRECTION('',(0.653399155486,0.757013568974,0.));
#1587 = ORIENTED_EDGE('',*,*,#1588,.T.);
#1588 = EDGE_CURVE('',#1581,#1397,#1589,.T.);
#1589 = LINE('',#1590,#1591);
#1590 = CARTESIAN_POINT('',(12.223145,11.492581,1.585));
#1591 = VECTOR('',#1592,1.);
#1592 = DIRECTION('',(-1.,0.,0.));
#1593 = PLANE('',#1594);
#1594 = AXIS2_PLACEMENT_3D('',#1595,#1596,#1597);
#1595 = CARTESIAN_POINT('',(0.,0.,1.585));
#1596 = DIRECTION('',(0.,0.,1.));
#1597 = DIRECTION('',(1.,0.,-0.));
#1598 = SHELL_BASED_SURFACE_MODEL('',(#1599));
#1599 = OPEN_SHELL('',(#1600));
#1600 = ADVANCED_FACE('',(#1601,#1671),#1705,.T.);
#1601 = FACE_BOUND('',#1602,.F.);
#1602 = EDGE_LOOP('',(#1603,#1614,#1622,#1631,#1639,#1648,#1656,#1665));
#1603 = ORIENTED_EDGE('',*,*,#1604,.T.);
#1604 = EDGE_CURVE('',#1605,#1607,#1609,.T.);
#1605 = VERTEX_POINT('',#1606);
#1606 = CARTESIAN_POINT('',(7.95,14.,1.585));
#1607 = VERTEX_POINT('',#1608);
#1608 = CARTESIAN_POINT('',(8.,14.05,1.585));
#1609 = CIRCLE('',#1610,5.000014378935E-02);
#1610 = AXIS2_PLACEMENT_3D('',#1611,#1612,#1613);
#1611 = CARTESIAN_POINT('',(8.000000143789,13.999999856211,1.585));
#1612 = DIRECTION('',(0.,0.,-1.));
#1613 = DIRECTION('',(-0.999999999996,2.875774612823E-06,0.));
#1614 = ORIENTED_EDGE('',*,*,#1615,.T.);
#1615 = EDGE_CURVE('',#1607,#1616,#1618,.T.);
#1616 = VERTEX_POINT('',#1617);
#1617 = CARTESIAN_POINT('',(14.,14.05,1.585));
#1618 = LINE('',#1619,#1620);
#1619 = CARTESIAN_POINT('',(8.,14.05,1.585));
#1620 = VECTOR('',#1621,1.);
#1621 = DIRECTION('',(1.,0.,0.));
#1622 = ORIENTED_EDGE('',*,*,#1623,.T.);
#1623 = EDGE_CURVE('',#1616,#1624,#1626,.T.);
#1624 = VERTEX_POINT('',#1625);
#1625 = CARTESIAN_POINT('',(14.05,14.,1.585));
#1626 = CIRCLE('',#1627,5.000014378935E-02);
#1627 = AXIS2_PLACEMENT_3D('',#1628,#1629,#1630);
#1628 = CARTESIAN_POINT('',(13.999999856211,13.999999856211,1.585));
#1629 = DIRECTION('',(0.,0.,-1.));
#1630 = DIRECTION('',(2.87577464835E-06,0.999999999996,0.));
#1631 = ORIENTED_EDGE('',*,*,#1632,.T.);
#1632 = EDGE_CURVE('',#1624,#1633,#1635,.T.);
#1633 = VERTEX_POINT('',#1634);
#1634 = CARTESIAN_POINT('',(14.05,8.,1.585));
#1635 = LINE('',#1636,#1637);
#1636 = CARTESIAN_POINT('',(14.05,14.,1.585));
#1637 = VECTOR('',#1638,1.);
#1638 = DIRECTION('',(0.,-1.,0.));
#1639 = ORIENTED_EDGE('',*,*,#1640,.T.);
#1640 = EDGE_CURVE('',#1633,#1641,#1643,.T.);
#1641 = VERTEX_POINT('',#1642);
#1642 = CARTESIAN_POINT('',(14.,7.95,1.585));
#1643 = CIRCLE('',#1644,5.000014378935E-02);
#1644 = AXIS2_PLACEMENT_3D('',#1645,#1646,#1647);
#1645 = CARTESIAN_POINT('',(13.999999856211,8.000000143789,1.585));
#1646 = DIRECTION('',(0.,0.,-1.));
#1647 = DIRECTION('',(0.999999999996,-2.87577464835E-06,0.));
#1648 = ORIENTED_EDGE('',*,*,#1649,.T.);
#1649 = EDGE_CURVE('',#1641,#1650,#1652,.T.);
#1650 = VERTEX_POINT('',#1651);
#1651 = CARTESIAN_POINT('',(8.,7.95,1.585));
#1652 = LINE('',#1653,#1654);
#1653 = CARTESIAN_POINT('',(14.,7.95,1.585));
#1654 = VECTOR('',#1655,1.);
#1655 = DIRECTION('',(-1.,0.,0.));
#1656 = ORIENTED_EDGE('',*,*,#1657,.T.);
#1657 = EDGE_CURVE('',#1650,#1658,#1660,.T.);
#1658 = VERTEX_POINT('',#1659);
#1659 = CARTESIAN_POINT('',(7.95,8.,1.585));
#1660 = CIRCLE('',#1661,5.000014378935E-02);
#1661 = AXIS2_PLACEMENT_3D('',#1662,#1663,#1664);
#1662 = CARTESIAN_POINT('',(8.000000143789,8.000000143789,1.585));
#1663 = DIRECTION('',(0.,0.,-1.));
#1664 = DIRECTION('',(-2.875774612823E-06,-0.999999999996,-0.));
#1665 = ORIENTED_EDGE('',*,*,#1666,.T.);
#1666 = EDGE_CURVE('',#1658,#1605,#1667,.T.);
#1667 = LINE('',#1668,#1669);
#1668 = CARTESIAN_POINT('',(7.95,8.,1.585));
#1669 = VECTOR('',#1670,1.);
#1670 = DIRECTION('',(0.,1.,0.));
#1671 = FACE_BOUND('',#1672,.F.);
#1672 = EDGE_LOOP('',(#1673,#1683,#1691,#1699));
#1673 = ORIENTED_EDGE('',*,*,#1674,.T.);
#1674 = EDGE_CURVE('',#1675,#1677,#1679,.T.);
#1675 = VERTEX_POINT('',#1676);
#1676 = CARTESIAN_POINT('',(13.95,8.05,1.585));
#1677 = VERTEX_POINT('',#1678);
#1678 = CARTESIAN_POINT('',(13.95,13.95,1.585));
#1679 = LINE('',#1680,#1681);
#1680 = CARTESIAN_POINT('',(13.95,8.05,1.585));
#1681 = VECTOR('',#1682,1.);
#1682 = DIRECTION('',(0.,1.,0.));
#1683 = ORIENTED_EDGE('',*,*,#1684,.T.);
#1684 = EDGE_CURVE('',#1677,#1685,#1687,.T.);
#1685 = VERTEX_POINT('',#1686);
#1686 = CARTESIAN_POINT('',(8.05,13.95,1.585));
#1687 = LINE('',#1688,#1689);
#1688 = CARTESIAN_POINT('',(13.95,13.95,1.585));
#1689 = VECTOR('',#1690,1.);
#1690 = DIRECTION('',(-1.,0.,0.));
#1691 = ORIENTED_EDGE('',*,*,#1692,.T.);
#1692 = EDGE_CURVE('',#1685,#1693,#1695,.T.);
#1693 = VERTEX_POINT('',#1694);
#1694 = CARTESIAN_POINT('',(8.05,8.05,1.585));
#1695 = LINE('',#1696,#1697);
#1696 = CARTESIAN_POINT('',(8.05,13.95,1.585));
#1697 = VECTOR('',#1698,1.);
#1698 = DIRECTION('',(0.,-1.,0.));
#1699 = ORIENTED_EDGE('',*,*,#1700,.T.);
#1700 = EDGE_CURVE('',#1693,#1675,#1701,.T.);
#1701 = LINE('',#1702,#1703);
#1702 = CARTESIAN_POINT('',(8.05,8.05,1.585));
#1703 = VECTOR('',#1704,1.);
#1704 = DIRECTION('',(1.,0.,0.));
#1705 = PLANE('',#1706);
#1706 = AXIS2_PLACEMENT_3D('',#1707,#1708,#1709);
#1707 = CARTESIAN_POINT('',(0.,0.,1.585));
#1708 = DIRECTION('',(0.,0.,1.));
#1709 = DIRECTION('',(1.,0.,-0.));
#1710 = SHELL_BASED_SURFACE_MODEL('',(#1711));
#1711 = OPEN_SHELL('',(#1712));
#1712 = ADVANCED_FACE('',(#1713),#1854,.T.);
#1713 = FACE_BOUND('',#1714,.F.);
#1714 = EDGE_LOOP('',(#1715,#1725,#1733,#1741,#1749,#1757,#1765,#1774,
    #1782,#1791,#1799,#1807,#1815,#1823,#1832,#1840,#1848));
#1715 = ORIENTED_EDGE('',*,*,#1716,.T.);
#1716 = EDGE_CURVE('',#1717,#1719,#1721,.T.);
#1717 = VERTEX_POINT('',#1718);
#1718 = CARTESIAN_POINT('',(39.506017,11.570316,1.585));
#1719 = VERTEX_POINT('',#1720);
#1720 = CARTESIAN_POINT('',(39.528485,11.588775,1.585));
#1721 = LINE('',#1722,#1723);
#1722 = CARTESIAN_POINT('',(39.506017,11.570316,1.585));
#1723 = VECTOR('',#1724,1.);
#1724 = DIRECTION('',(0.772673239458,0.634803957947,0.));
#1725 = ORIENTED_EDGE('',*,*,#1726,.T.);
#1726 = EDGE_CURVE('',#1719,#1727,#1729,.T.);
#1727 = VERTEX_POINT('',#1728);
#1728 = CARTESIAN_POINT('',(39.561607,11.588775,1.585));
#1729 = LINE('',#1730,#1731);
#1730 = CARTESIAN_POINT('',(39.528485,11.588775,1.585));
#1731 = VECTOR('',#1732,1.);
#1732 = DIRECTION('',(1.,0.,0.));
#1733 = ORIENTED_EDGE('',*,*,#1734,.T.);
#1734 = EDGE_CURVE('',#1727,#1735,#1737,.T.);
#1735 = VERTEX_POINT('',#1736);
#1736 = CARTESIAN_POINT('',(39.589163,11.570403,1.585));
#1737 = LINE('',#1738,#1739);
#1738 = CARTESIAN_POINT('',(39.561607,11.588775,1.585));
#1739 = VECTOR('',#1740,1.);
#1740 = DIRECTION('',(0.832031712817,-0.554728067495,0.));
#1741 = ORIENTED_EDGE('',*,*,#1742,.T.);
#1742 = EDGE_CURVE('',#1735,#1743,#1745,.T.);
#1743 = VERTEX_POINT('',#1744);
#1744 = CARTESIAN_POINT('',(39.597619,11.542581,1.585));
#1745 = LINE('',#1746,#1747);
#1746 = CARTESIAN_POINT('',(39.589163,11.570403,1.585));
#1747 = VECTOR('',#1748,1.);
#1748 = DIRECTION('',(0.290797589612,-0.956784595338,0.));
#1749 = ORIENTED_EDGE('',*,*,#1750,.T.);
#1750 = EDGE_CURVE('',#1743,#1751,#1753,.T.);
#1751 = VERTEX_POINT('',#1752);
#1752 = CARTESIAN_POINT('',(39.597619,10.592581,1.585));
#1753 = LINE('',#1754,#1755);
#1754 = CARTESIAN_POINT('',(39.597619,11.542581,1.585));
#1755 = VECTOR('',#1756,1.);
#1756 = DIRECTION('',(0.,-1.,0.));
#1757 = ORIENTED_EDGE('',*,*,#1758,.T.);
#1758 = EDGE_CURVE('',#1751,#1759,#1761,.T.);
#1759 = VERTEX_POINT('',#1760);
#1760 = CARTESIAN_POINT('',(39.833333,10.592581,1.585));
#1761 = LINE('',#1762,#1763);
#1762 = CARTESIAN_POINT('',(39.597619,10.592581,1.585));
#1763 = VECTOR('',#1764,1.);
#1764 = DIRECTION('',(1.,0.,0.));
#1765 = ORIENTED_EDGE('',*,*,#1766,.T.);
#1766 = EDGE_CURVE('',#1759,#1767,#1769,.T.);
#1767 = VERTEX_POINT('',#1768);
#1768 = CARTESIAN_POINT('',(39.833333,10.492581,1.585));
#1769 = CIRCLE('',#1770,5.000000000002E-02);
#1770 = AXIS2_PLACEMENT_3D('',#1771,#1772,#1773);
#1771 = CARTESIAN_POINT('',(39.833332952288,10.542581,1.585));
#1772 = DIRECTION('',(0.,0.,-1.));
#1773 = DIRECTION('',(9.54236440975E-07,1.,0.));
#1774 = ORIENTED_EDGE('',*,*,#1775,.T.);
#1775 = EDGE_CURVE('',#1767,#1776,#1778,.T.);
#1776 = VERTEX_POINT('',#1777);
#1777 = CARTESIAN_POINT('',(39.261905,10.492581,1.585));
#1778 = LINE('',#1779,#1780);
#1779 = CARTESIAN_POINT('',(39.833333,10.492581,1.585));
#1780 = VECTOR('',#1781,1.);
#1781 = DIRECTION('',(-1.,0.,0.));
#1782 = ORIENTED_EDGE('',*,*,#1783,.T.);
#1783 = EDGE_CURVE('',#1776,#1784,#1786,.T.);
#1784 = VERTEX_POINT('',#1785);
#1785 = CARTESIAN_POINT('',(39.261905,10.592581,1.585));
#1786 = CIRCLE('',#1787,5.000000000002E-02);
#1787 = AXIS2_PLACEMENT_3D('',#1788,#1789,#1790);
#1788 = CARTESIAN_POINT('',(39.261905047712,10.542581,1.585));
#1789 = DIRECTION('',(0.,0.,-1.));
#1790 = DIRECTION('',(-9.54236440975E-07,-1.,-0.));
#1791 = ORIENTED_EDGE('',*,*,#1792,.T.);
#1792 = EDGE_CURVE('',#1784,#1793,#1795,.T.);
#1793 = VERTEX_POINT('',#1794);
#1794 = CARTESIAN_POINT('',(39.497619,10.592581,1.585));
#1795 = LINE('',#1796,#1797);
#1796 = CARTESIAN_POINT('',(39.261905,10.592581,1.585));
#1797 = VECTOR('',#1798,1.);
#1798 = DIRECTION('',(1.,0.,0.));
#1799 = ORIENTED_EDGE('',*,*,#1800,.T.);
#1800 = EDGE_CURVE('',#1793,#1801,#1803,.T.);
#1801 = VERTEX_POINT('',#1802);
#1802 = CARTESIAN_POINT('',(39.497619,11.377442,1.585));
#1803 = LINE('',#1804,#1805);
#1804 = CARTESIAN_POINT('',(39.497619,10.592581,1.585));
#1805 = VECTOR('',#1806,1.);
#1806 = DIRECTION('',(0.,1.,0.));
#1807 = ORIENTED_EDGE('',*,*,#1808,.T.);
#1808 = EDGE_CURVE('',#1801,#1809,#1811,.T.);
#1809 = VERTEX_POINT('',#1810);
#1810 = CARTESIAN_POINT('',(39.379503,11.259764,1.585));
#1811 = LINE('',#1812,#1813);
#1812 = CARTESIAN_POINT('',(39.497619,11.377442,1.585));
#1813 = VECTOR('',#1814,1.);
#1814 = DIRECTION('',(-0.708419047752,-0.705792074752,0.));
#1815 = ORIENTED_EDGE('',*,*,#1816,.T.);
#1816 = EDGE_CURVE('',#1809,#1817,#1819,.T.);
#1817 = VERTEX_POINT('',#1818);
#1818 = CARTESIAN_POINT('',(39.284266,11.212146,1.585));
#1819 = LINE('',#1820,#1821);
#1820 = CARTESIAN_POINT('',(39.379503,11.259764,1.585));
#1821 = VECTOR('',#1822,1.);
#1822 = DIRECTION('',(-0.894429069315,-0.447209838851,0.));
#1823 = ORIENTED_EDGE('',*,*,#1824,.T.);
#1824 = EDGE_CURVE('',#1817,#1825,#1827,.T.);
#1825 = VERTEX_POINT('',#1826);
#1826 = CARTESIAN_POINT('',(39.239544,11.301588,1.585));
#1827 = CIRCLE('',#1828,4.999982162111E-02);
#1828 = AXIS2_PLACEMENT_3D('',#1829,#1830,#1831);
#1829 = CARTESIAN_POINT('',(39.26190466148,11.256866830736,1.585));
#1830 = DIRECTION('',(0.,0.,-1.));
#1831 = DIRECTION('',(0.447228365916,-0.89441980564,0.));
#1832 = ORIENTED_EDGE('',*,*,#1833,.T.);
#1833 = EDGE_CURVE('',#1825,#1834,#1836,.T.);
#1834 = VERTEX_POINT('',#1835);
#1835 = CARTESIAN_POINT('',(39.327526,11.345579,1.585));
#1836 = LINE('',#1837,#1838);
#1837 = CARTESIAN_POINT('',(39.239544,11.301588,1.585));
#1838 = VECTOR('',#1839,1.);
#1839 = DIRECTION('',(0.894427191,0.4472135955,0.));
#1840 = ORIENTED_EDGE('',*,*,#1841,.T.);
#1841 = EDGE_CURVE('',#1834,#1842,#1844,.T.);
#1842 = VERTEX_POINT('',#1843);
#1843 = CARTESIAN_POINT('',(39.413522,11.431576,1.585));
#1844 = LINE('',#1845,#1846);
#1845 = CARTESIAN_POINT('',(39.327526,11.345579,1.585));
#1846 = VECTOR('',#1847,1.);
#1847 = DIRECTION('',(0.707102669921,0.707110892428,0.));
#1848 = ORIENTED_EDGE('',*,*,#1849,.T.);
#1849 = EDGE_CURVE('',#1842,#1717,#1850,.T.);
#1850 = LINE('',#1851,#1852);
#1851 = CARTESIAN_POINT('',(39.413522,11.431576,1.585));
#1852 = VECTOR('',#1853,1.);
#1853 = DIRECTION('',(0.554707116004,0.832045681111,0.));
#1854 = PLANE('',#1855);
#1855 = AXIS2_PLACEMENT_3D('',#1856,#1857,#1858);
#1856 = CARTESIAN_POINT('',(0.,0.,1.585));
#1857 = DIRECTION('',(0.,0.,1.));
#1858 = DIRECTION('',(1.,0.,-0.));
#1859 = SHELL_BASED_SURFACE_MODEL('',(#1860));
#1860 = OPEN_SHELL('',(#1861));
#1861 = ADVANCED_FACE('',(#1862),#1973,.T.);
#1862 = FACE_BOUND('',#1863,.F.);
#1863 = EDGE_LOOP('',(#1864,#1875,#1883,#1892,#1900,#1908,#1917,#1925,
    #1934,#1942,#1950,#1959,#1967));
#1864 = ORIENTED_EDGE('',*,*,#1865,.T.);
#1865 = EDGE_CURVE('',#1866,#1868,#1870,.T.);
#1866 = VERTEX_POINT('',#1867);
#1867 = CARTESIAN_POINT('',(38.879932,11.554162,1.585));
#1868 = VERTEX_POINT('',#1869);
#1869 = CARTESIAN_POINT('',(38.977212,11.531,1.585));
#1870 = CIRCLE('',#1871,4.999969160947E-02);
#1871 = AXIS2_PLACEMENT_3D('',#1872,#1873,#1874);
#1872 = CARTESIAN_POINT('',(38.928572047243,11.542581198419,1.585));
#1873 = DIRECTION('',(0.,0.,-1.));
#1874 = DIRECTION('',(-0.972806944946,0.231617460188,0.));
#1875 = ORIENTED_EDGE('',*,*,#1876,.T.);
#1876 = EDGE_CURVE('',#1868,#1877,#1879,.T.);
#1877 = VERTEX_POINT('',#1878);
#1878 = CARTESIAN_POINT('',(38.739116,10.531,1.585));
#1879 = LINE('',#1880,#1881);
#1880 = CARTESIAN_POINT('',(38.977212,11.531,1.585));
#1881 = VECTOR('',#1882,1.);
#1882 = DIRECTION('',(-0.231621228728,-0.97280604768,0.));
#1883 = ORIENTED_EDGE('',*,*,#1884,.T.);
#1884 = EDGE_CURVE('',#1877,#1885,#1887,.T.);
#1885 = VERTEX_POINT('',#1886);
#1886 = CARTESIAN_POINT('',(38.642164,10.529698,1.585));
#1887 = CIRCLE('',#1888,4.999982916869E-02);
#1888 = AXIS2_PLACEMENT_3D('',#1889,#1890,#1891);
#1889 = CARTESIAN_POINT('',(38.690475739219,10.542580498612,1.585));
#1890 = DIRECTION('',(-0.,0.,-1.));
#1891 = DIRECTION('',(0.972808539333,-0.231610763567,-0.));
#1892 = ORIENTED_EDGE('',*,*,#1893,.T.);
#1893 = EDGE_CURVE('',#1885,#1894,#1896,.T.);
#1894 = VERTEX_POINT('',#1895);
#1895 = CARTESIAN_POINT('',(38.5,11.062814,1.585));
#1896 = LINE('',#1897,#1898);
#1897 = CARTESIAN_POINT('',(38.642164,10.529698,1.585));
#1898 = VECTOR('',#1899,1.);
#1899 = DIRECTION('',(-0.257662199333,0.966235059928,0.));
#1900 = ORIENTED_EDGE('',*,*,#1901,.T.);
#1901 = EDGE_CURVE('',#1894,#1902,#1904,.T.);
#1902 = VERTEX_POINT('',#1903);
#1903 = CARTESIAN_POINT('',(38.357836,10.529698,1.585));
#1904 = LINE('',#1905,#1906);
#1905 = CARTESIAN_POINT('',(38.5,11.062814,1.585));
#1906 = VECTOR('',#1907,1.);
#1907 = DIRECTION('',(-0.257662199333,-0.966235059928,0.));
#1908 = ORIENTED_EDGE('',*,*,#1909,.T.);
#1909 = EDGE_CURVE('',#1902,#1910,#1912,.T.);
#1910 = VERTEX_POINT('',#1911);
#1911 = CARTESIAN_POINT('',(38.260884,10.531,1.585));
#1912 = CIRCLE('',#1913,5.000010423811E-02);
#1913 = AXIS2_PLACEMENT_3D('',#1914,#1915,#1916);
#1914 = CARTESIAN_POINT('',(38.309524275877,10.542581622787,1.585));
#1915 = DIRECTION('',(-0.,0.,-1.));
#1916 = DIRECTION('',(0.966232468086,-0.257671918562,-0.));
#1917 = ORIENTED_EDGE('',*,*,#1918,.T.);
#1918 = EDGE_CURVE('',#1910,#1919,#1921,.T.);
#1919 = VERTEX_POINT('',#1920);
#1920 = CARTESIAN_POINT('',(38.022789,11.531,1.585));
#1921 = LINE('',#1922,#1923);
#1922 = CARTESIAN_POINT('',(38.260884,10.531,1.585));
#1923 = VECTOR('',#1924,1.);
#1924 = DIRECTION('',(-0.231620308111,0.972806266875,0.));
#1925 = ORIENTED_EDGE('',*,*,#1926,.T.);
#1926 = EDGE_CURVE('',#1919,#1927,#1929,.T.);
#1927 = VERTEX_POINT('',#1928);
#1928 = CARTESIAN_POINT('',(38.120069,11.554162,1.585));
#1929 = CIRCLE('',#1930,4.999969160946E-02);
#1930 = AXIS2_PLACEMENT_3D('',#1931,#1932,#1933);
#1931 = CARTESIAN_POINT('',(38.071428952757,11.542581198419,1.585));
#1932 = DIRECTION('',(0.,0.,-1.));
#1933 = DIRECTION('',(-0.97280505522,-0.231625397007,-0.));
#1934 = ORIENTED_EDGE('',*,*,#1935,.T.);
#1935 = EDGE_CURVE('',#1927,#1936,#1938,.T.);
#1936 = VERTEX_POINT('',#1937);
#1937 = CARTESIAN_POINT('',(38.312268,10.746925,1.585));
#1938 = LINE('',#1939,#1940);
#1939 = CARTESIAN_POINT('',(38.120069,11.554162,1.585));
#1940 = VECTOR('',#1941,1.);
#1941 = DIRECTION('',(0.231620201462,-0.972806292267,0.));
#1942 = ORIENTED_EDGE('',*,*,#1943,.T.);
#1943 = EDGE_CURVE('',#1936,#1944,#1946,.T.);
#1944 = VERTEX_POINT('',#1945);
#1945 = CARTESIAN_POINT('',(38.451688,11.26975,1.585));
#1946 = LINE('',#1947,#1948);
#1947 = CARTESIAN_POINT('',(38.312268,10.746925,1.585));
#1948 = VECTOR('',#1949,1.);
#1949 = DIRECTION('',(0.25766265056,0.966234939601,0.));
#1950 = ORIENTED_EDGE('',*,*,#1951,.T.);
#1951 = EDGE_CURVE('',#1944,#1952,#1954,.T.);
#1952 = VERTEX_POINT('',#1953);
#1953 = CARTESIAN_POINT('',(38.548312,11.26975,1.585));
#1954 = CIRCLE('',#1955,5.000010350478E-02);
#1955 = AXIS2_PLACEMENT_3D('',#1956,#1957,#1958);
#1956 = CARTESIAN_POINT('',(38.5,11.256867414604,1.585));
#1957 = DIRECTION('',(0.,0.,-1.));
#1958 = DIRECTION('',(-0.966237999795,0.25765117456,0.));
#1959 = ORIENTED_EDGE('',*,*,#1960,.T.);
#1960 = EDGE_CURVE('',#1952,#1961,#1963,.T.);
#1961 = VERTEX_POINT('',#1962);
#1962 = CARTESIAN_POINT('',(38.687731,10.746925,1.585));
#1963 = LINE('',#1964,#1965);
#1964 = CARTESIAN_POINT('',(38.548312,11.26975,1.585));
#1965 = VECTOR('',#1966,1.);
#1966 = DIRECTION('',(0.257660925151,-0.966235399709,0.));
#1967 = ORIENTED_EDGE('',*,*,#1968,.T.);
#1968 = EDGE_CURVE('',#1961,#1866,#1969,.T.);
#1969 = LINE('',#1970,#1971);
#1970 = CARTESIAN_POINT('',(38.687731,10.746925,1.585));
#1971 = VECTOR('',#1972,1.);
#1972 = DIRECTION('',(0.231622482369,0.972805749192,0.));
#1973 = PLANE('',#1974);
#1974 = AXIS2_PLACEMENT_3D('',#1975,#1976,#1977);
#1975 = CARTESIAN_POINT('',(0.,0.,1.585));
#1976 = DIRECTION('',(0.,0.,1.));
#1977 = DIRECTION('',(1.,0.,-0.));
#1978 = SHELL_BASED_SURFACE_MODEL('',(#1979));
#1979 = OPEN_SHELL('',(#1980));
#1980 = ADVANCED_FACE('',(#1981),#2275,.T.);
#1981 = FACE_BOUND('',#1982,.F.);
#1982 = EDGE_LOOP('',(#1983,#1993,#2001,#2009,#2018,#2026,#2034,#2043,
    #2051,#2059,#2067,#2075,#2083,#2091,#2099,#2107,#2115,#2123,#2131,
    #2139,#2147,#2155,#2164,#2172,#2180,#2189,#2197,#2205,#2213,#2221,
    #2229,#2237,#2245,#2253,#2261,#2269));
#1983 = ORIENTED_EDGE('',*,*,#1984,.T.);
#1984 = EDGE_CURVE('',#1985,#1987,#1989,.T.);
#1985 = VERTEX_POINT('',#1986);
#1986 = CARTESIAN_POINT('',(37.239544,11.539683,1.585));
#1987 = VERTEX_POINT('',#1988);
#1988 = CARTESIAN_POINT('',(37.34587,11.590339,1.585));
#1989 = LINE('',#1990,#1991);
#1990 = CARTESIAN_POINT('',(37.239544,11.539683,1.585));
#1991 = VECTOR('',#1992,1.);
#1992 = DIRECTION('',(0.902779519658,0.430103637378,0.));
#1993 = ORIENTED_EDGE('',*,*,#1994,.T.);
#1994 = EDGE_CURVE('',#1987,#1995,#1997,.T.);
#1995 = VERTEX_POINT('',#1996);
#1996 = CARTESIAN_POINT('',(37.6031,11.591018,1.585));
#1997 = LINE('',#1998,#1999);
#1998 = CARTESIAN_POINT('',(37.34587,11.590339,1.585));
#1999 = VECTOR('',#2000,1.);
#2000 = DIRECTION('',(0.999996516113,2.63965180749E-03,0.));
#2001 = ORIENTED_EDGE('',*,*,#2002,.T.);
#2002 = EDGE_CURVE('',#1995,#2003,#2005,.T.);
#2003 = VERTEX_POINT('',#2004);
#2004 = CARTESIAN_POINT('',(37.753906,11.542396,1.585));
#2005 = LINE('',#2006,#2007);
#2006 = CARTESIAN_POINT('',(37.6031,11.591018,1.585));
#2007 = VECTOR('',#2008,1.);
#2008 = DIRECTION('',(0.951754884535,-0.306859315915,0.));
#2009 = ORIENTED_EDGE('',*,*,#2010,.T.);
#2010 = EDGE_CURVE('',#2003,#2011,#2013,.T.);
#2011 = VERTEX_POINT('',#2012);
#2012 = CARTESIAN_POINT('',(37.722283,11.447528,1.585));
#2013 = CIRCLE('',#2014,4.999987888403E-02);
#2014 = AXIS2_PLACEMENT_3D('',#2015,#2016,#2017);
#2015 = CARTESIAN_POINT('',(37.738094888124,11.494961870624,1.585));
#2016 = DIRECTION('',(0.,0.,-1.));
#2017 = DIRECTION('',(0.316223003506,0.948684885541,0.));
#2018 = ORIENTED_EDGE('',*,*,#2019,.T.);
#2019 = EDGE_CURVE('',#2011,#2020,#2022,.T.);
#2020 = VERTEX_POINT('',#2021);
#2021 = CARTESIAN_POINT('',(37.587125,11.492581,1.585));
#2022 = LINE('',#2023,#2024);
#2023 = CARTESIAN_POINT('',(37.722283,11.447528,1.585));
#2024 = VECTOR('',#2025,1.);
#2025 = DIRECTION('',(-0.948682596142,0.316229871735,0.));
#2026 = ORIENTED_EDGE('',*,*,#2027,.T.);
#2027 = EDGE_CURVE('',#2020,#2028,#2030,.T.);
#2028 = VERTEX_POINT('',#2029);
#2029 = CARTESIAN_POINT('',(37.368947,11.492581,1.585));
#2030 = LINE('',#2031,#2032);
#2031 = CARTESIAN_POINT('',(37.587125,11.492581,1.585));
#2032 = VECTOR('',#2033,1.);
#2033 = DIRECTION('',(-1.,0.,0.));
#2034 = ORIENTED_EDGE('',*,*,#2035,.T.);
#2035 = EDGE_CURVE('',#2028,#2036,#2038,.T.);
#2036 = VERTEX_POINT('',#2037);
#2037 = CARTESIAN_POINT('',(37.216667,11.340302,1.585));
#2038 = CIRCLE('',#2039,0.215060043145);
#2039 = AXIS2_PLACEMENT_3D('',#2040,#2041,#2042);
#2040 = CARTESIAN_POINT('',(37.424442997193,11.284804638368,1.585));
#2041 = DIRECTION('',(0.,0.,1.));
#2042 = DIRECTION('',(-0.258048851758,0.966131869936,0.));
#2043 = ORIENTED_EDGE('',*,*,#2044,.T.);
#2044 = EDGE_CURVE('',#2036,#2045,#2047,.T.);
#2045 = VERTEX_POINT('',#2046);
#2046 = CARTESIAN_POINT('',(37.216667,11.26867,1.585));
#2047 = LINE('',#2048,#2049);
#2048 = CARTESIAN_POINT('',(37.216667,11.340302,1.585));
#2049 = VECTOR('',#2050,1.);
#2050 = DIRECTION('',(0.,-1.,0.));
#2051 = ORIENTED_EDGE('',*,*,#2052,.T.);
#2052 = EDGE_CURVE('',#2045,#2053,#2055,.T.);
#2053 = VERTEX_POINT('',#2054);
#2054 = CARTESIAN_POINT('',(37.255378,11.191247,1.585));
#2055 = LINE('',#2056,#2057);
#2056 = CARTESIAN_POINT('',(37.216667,11.26867,1.585));
#2057 = VECTOR('',#2058,1.);
#2058 = DIRECTION('',(0.447208974492,-0.894429501489,0.));
#2059 = ORIENTED_EDGE('',*,*,#2060,.T.);
#2060 = EDGE_CURVE('',#2053,#2061,#2063,.T.);
#2061 = VERTEX_POINT('',#2062);
#2062 = CARTESIAN_POINT('',(37.291523,11.155103,1.585));
#2063 = LINE('',#2064,#2065);
#2064 = CARTESIAN_POINT('',(37.255378,11.191247,1.585));
#2065 = VECTOR('',#2066,1.);
#2066 = DIRECTION('',(0.707116562784,-0.707096999454,0.));
#2067 = ORIENTED_EDGE('',*,*,#2068,.T.);
#2068 = EDGE_CURVE('',#2061,#2069,#2071,.T.);
#2069 = VERTEX_POINT('',#2070);
#2070 = CARTESIAN_POINT('',(37.374595,11.113567,1.585));
#2071 = LINE('',#2072,#2073);
#2072 = CARTESIAN_POINT('',(37.291523,11.155103,1.585));
#2073 = VECTOR('',#2074,1.);
#2074 = DIRECTION('',(0.894427191,-0.4472135955,0.));
#2075 = ORIENTED_EDGE('',*,*,#2076,.T.);
#2076 = EDGE_CURVE('',#2069,#2077,#2079,.T.);
#2077 = VERTEX_POINT('',#2078);
#2078 = CARTESIAN_POINT('',(37.56998,11.063493,1.585));
#2079 = LINE('',#2080,#2081);
#2080 = CARTESIAN_POINT('',(37.374595,11.113567,1.585));
#2081 = VECTOR('',#2082,1.);
#2082 = DIRECTION('',(0.968693343403,-0.248260360199,0.));
#2083 = ORIENTED_EDGE('',*,*,#2084,.T.);
#2084 = EDGE_CURVE('',#2077,#2085,#2087,.T.);
#2085 = VERTEX_POINT('',#2086);
#2086 = CARTESIAN_POINT('',(37.678212,11.006508,1.585));
#2087 = LINE('',#2088,#2089);
#2088 = CARTESIAN_POINT('',(37.56998,11.063493,1.585));
#2089 = VECTOR('',#2090,1.);
#2090 = DIRECTION('',(0.884848162196,-0.465879522902,0.));
#2091 = ORIENTED_EDGE('',*,*,#2092,.T.);
#2092 = EDGE_CURVE('',#2085,#2093,#2095,.T.);
#2093 = VERTEX_POINT('',#2094);
#2094 = CARTESIAN_POINT('',(37.735197,10.945895,1.585));
#2095 = LINE('',#2096,#2097);
#2096 = CARTESIAN_POINT('',(37.678212,11.006508,1.585));
#2097 = VECTOR('',#2098,1.);
#2098 = DIRECTION('',(0.68496603593,-0.728574999312,0.));
#2099 = ORIENTED_EDGE('',*,*,#2100,.T.);
#2100 = EDGE_CURVE('',#2093,#2101,#2103,.T.);
#2101 = VERTEX_POINT('',#2102);
#2102 = CARTESIAN_POINT('',(37.785852,10.839569,1.585));
#2103 = LINE('',#2104,#2105);
#2104 = CARTESIAN_POINT('',(37.735197,10.945895,1.585));
#2105 = VECTOR('',#2106,1.);
#2106 = DIRECTION('',(0.430096717347,-0.902782816478,0.));
#2107 = ORIENTED_EDGE('',*,*,#2108,.T.);
#2108 = EDGE_CURVE('',#2101,#2109,#2111,.T.);
#2109 = VERTEX_POINT('',#2110);
#2110 = CARTESIAN_POINT('',(37.785852,10.721786,1.585));
#2111 = LINE('',#2112,#2113);
#2112 = CARTESIAN_POINT('',(37.785852,10.839569,1.585));
#2113 = VECTOR('',#2114,1.);
#2114 = DIRECTION('',(0.,-1.,0.));
#2115 = ORIENTED_EDGE('',*,*,#2116,.T.);
#2116 = EDGE_CURVE('',#2109,#2117,#2119,.T.);
#2117 = VERTEX_POINT('',#2118);
#2118 = CARTESIAN_POINT('',(37.725832,10.602465,1.585));
#2119 = LINE('',#2120,#2121);
#2120 = CARTESIAN_POINT('',(37.785852,10.721786,1.585));
#2121 = VECTOR('',#2122,1.);
#2122 = DIRECTION('',(-0.44936554065,-0.893347978605,0.));
#2123 = ORIENTED_EDGE('',*,*,#2124,.T.);
#2124 = EDGE_CURVE('',#2117,#2125,#2127,.T.);
#2125 = VERTEX_POINT('',#2126);
#2126 = CARTESIAN_POINT('',(37.665217,10.545478,1.585));
#2127 = LINE('',#2128,#2129);
#2128 = CARTESIAN_POINT('',(37.725832,10.602465,1.585));
#2129 = VECTOR('',#2130,1.);
#2130 = DIRECTION('',(-0.728574281239,-0.684966799719,0.));
#2131 = ORIENTED_EDGE('',*,*,#2132,.T.);
#2132 = EDGE_CURVE('',#2125,#2133,#2135,.T.);
#2133 = VERTEX_POINT('',#2134);
#2134 = CARTESIAN_POINT('',(37.558891,10.494824,1.585));
#2135 = LINE('',#2136,#2137);
#2136 = CARTESIAN_POINT('',(37.665217,10.545478,1.585));
#2137 = VECTOR('',#2138,1.);
#2138 = DIRECTION('',(-0.902786113268,-0.430089797241,0.));
#2139 = ORIENTED_EDGE('',*,*,#2140,.T.);
#2140 = EDGE_CURVE('',#2133,#2141,#2143,.T.);
#2141 = VERTEX_POINT('',#2142);
#2142 = CARTESIAN_POINT('',(37.293712,10.495147,1.585));
#2143 = LINE('',#2144,#2145);
#2144 = CARTESIAN_POINT('',(37.558891,10.494824,1.585));
#2145 = VECTOR('',#2146,1.);
#2146 = DIRECTION('',(-0.999999258184,1.218044265923E-03,0.));
#2147 = ORIENTED_EDGE('',*,*,#2148,.T.);
#2148 = EDGE_CURVE('',#2141,#2149,#2151,.T.);
#2149 = VERTEX_POINT('',#2150);
#2150 = CARTESIAN_POINT('',(37.150856,10.542766,1.585));
#2151 = LINE('',#2152,#2153);
#2152 = CARTESIAN_POINT('',(37.293712,10.495147,1.585));
#2153 = VECTOR('',#2154,1.);
#2154 = DIRECTION('',(-0.948682633965,0.316229758266,0.));
#2155 = ORIENTED_EDGE('',*,*,#2156,.T.);
#2156 = EDGE_CURVE('',#2149,#2157,#2159,.T.);
#2157 = VERTEX_POINT('',#2158);
#2158 = CARTESIAN_POINT('',(37.182478,10.637634,1.585));
#2159 = CIRCLE('',#2160,4.999972076924E-02);
#2160 = AXIS2_PLACEMENT_3D('',#2161,#2162,#2163);
#2161 = CARTESIAN_POINT('',(37.166666961647,10.590200012784,1.585));
#2162 = DIRECTION('',(0.,0.,-1.));
#2163 = DIRECTION('',(-0.316220998917,-0.948685553724,-0.));
#2164 = ORIENTED_EDGE('',*,*,#2165,.T.);
#2165 = EDGE_CURVE('',#2157,#2166,#2168,.T.);
#2166 = VERTEX_POINT('',#2167);
#2167 = CARTESIAN_POINT('',(37.317637,10.592581,1.585));
#2168 = LINE('',#2169,#2170);
#2169 = CARTESIAN_POINT('',(37.182478,10.637634,1.585));
#2170 = VECTOR('',#2171,1.);
#2171 = DIRECTION('',(0.948683298051,-0.316227766017,0.));
#2172 = ORIENTED_EDGE('',*,*,#2173,.T.);
#2173 = EDGE_CURVE('',#2166,#2174,#2176,.T.);
#2174 = VERTEX_POINT('',#2175);
#2175 = CARTESIAN_POINT('',(37.535816,10.592581,1.585));
#2176 = LINE('',#2177,#2178);
#2177 = CARTESIAN_POINT('',(37.317637,10.592581,1.585));
#2178 = VECTOR('',#2179,1.);
#2179 = DIRECTION('',(1.,0.,0.));
#2180 = ORIENTED_EDGE('',*,*,#2181,.T.);
#2181 = EDGE_CURVE('',#2174,#2182,#2184,.T.);
#2182 = VERTEX_POINT('',#2183);
#2183 = CARTESIAN_POINT('',(37.688095,10.744862,1.585));
#2184 = CIRCLE('',#2185,0.215068068383);
#2185 = AXIS2_PLACEMENT_3D('',#2186,#2187,#2188);
#2186 = CARTESIAN_POINT('',(37.480311795161,10.800363475881,1.585));
#2187 = DIRECTION('',(0.,0.,1.));
#2188 = DIRECTION('',(0.258077385714,-0.966124248212,0.));
#2189 = ORIENTED_EDGE('',*,*,#2190,.T.);
#2190 = EDGE_CURVE('',#2182,#2191,#2193,.T.);
#2191 = VERTEX_POINT('',#2192);
#2192 = CARTESIAN_POINT('',(37.688095,10.816493,1.585));
#2193 = LINE('',#2194,#2195);
#2194 = CARTESIAN_POINT('',(37.688095,10.744862,1.585));
#2195 = VECTOR('',#2196,1.);
#2196 = DIRECTION('',(0.,1.,0.));
#2197 = ORIENTED_EDGE('',*,*,#2198,.T.);
#2198 = EDGE_CURVE('',#2191,#2199,#2201,.T.);
#2199 = VERTEX_POINT('',#2200);
#2200 = CARTESIAN_POINT('',(37.649383,10.893916,1.585));
#2201 = LINE('',#2202,#2203);
#2202 = CARTESIAN_POINT('',(37.688095,10.816493,1.585));
#2203 = VECTOR('',#2204,1.);
#2204 = DIRECTION('',(-0.447218216472,0.894424880499,0.));
#2205 = ORIENTED_EDGE('',*,*,#2206,.T.);
#2206 = EDGE_CURVE('',#2199,#2207,#2209,.T.);
#2207 = VERTEX_POINT('',#2208);
#2208 = CARTESIAN_POINT('',(37.613239,10.930061,1.585));
#2209 = LINE('',#2210,#2211);
#2210 = CARTESIAN_POINT('',(37.649383,10.893916,1.585));
#2211 = VECTOR('',#2212,1.);
#2212 = DIRECTION('',(-0.707096999454,0.707116562784,0.));
#2213 = ORIENTED_EDGE('',*,*,#2214,.T.);
#2214 = EDGE_CURVE('',#2207,#2215,#2217,.T.);
#2215 = VERTEX_POINT('',#2216);
#2216 = CARTESIAN_POINT('',(37.530168,10.971596,1.585));
#2217 = LINE('',#2218,#2219);
#2218 = CARTESIAN_POINT('',(37.613239,10.930061,1.585));
#2219 = VECTOR('',#2220,1.);
#2220 = DIRECTION('',(-0.894429344399,0.447209288676,0.));
#2221 = ORIENTED_EDGE('',*,*,#2222,.T.);
#2222 = EDGE_CURVE('',#2215,#2223,#2225,.T.);
#2223 = VERTEX_POINT('',#2224);
#2224 = CARTESIAN_POINT('',(37.334782,11.02167,1.585));
#2225 = LINE('',#2226,#2227);
#2226 = CARTESIAN_POINT('',(37.530168,10.971596,1.585));
#2227 = VECTOR('',#2228,1.);
#2228 = DIRECTION('',(-0.96869364897,0.248259167896,0.));
#2229 = ORIENTED_EDGE('',*,*,#2230,.T.);
#2230 = EDGE_CURVE('',#2223,#2231,#2233,.T.);
#2231 = VERTEX_POINT('',#2232);
#2232 = CARTESIAN_POINT('',(37.226549,11.078655,1.585));
#2233 = LINE('',#2234,#2235);
#2234 = CARTESIAN_POINT('',(37.334782,11.02167,1.585));
#2235 = VECTOR('',#2236,1.);
#2236 = DIRECTION('',(-0.884849936612,0.465876152725,0.));
#2237 = ORIENTED_EDGE('',*,*,#2238,.T.);
#2238 = EDGE_CURVE('',#2231,#2239,#2241,.T.);
#2239 = VERTEX_POINT('',#2240);
#2240 = CARTESIAN_POINT('',(37.169564,11.139269,1.585));
#2241 = LINE('',#2242,#2243);
#2242 = CARTESIAN_POINT('',(37.226549,11.078655,1.585));
#2243 = VECTOR('',#2244,1.);
#2244 = DIRECTION('',(-0.684960037333,0.728580638816,0.));
#2245 = ORIENTED_EDGE('',*,*,#2246,.T.);
#2246 = EDGE_CURVE('',#2239,#2247,#2249,.T.);
#2247 = VERTEX_POINT('',#2248);
#2248 = CARTESIAN_POINT('',(37.118909,11.245595,1.585));
#2249 = LINE('',#2250,#2251);
#2250 = CARTESIAN_POINT('',(37.169564,11.139269,1.585));
#2251 = VECTOR('',#2252,1.);
#2252 = DIRECTION('',(-0.430096717347,0.902782816478,0.));
#2253 = ORIENTED_EDGE('',*,*,#2254,.T.);
#2254 = EDGE_CURVE('',#2247,#2255,#2257,.T.);
#2255 = VERTEX_POINT('',#2256);
#2256 = CARTESIAN_POINT('',(37.118909,11.363378,1.585));
#2257 = LINE('',#2258,#2259);
#2258 = CARTESIAN_POINT('',(37.118909,11.245595,1.585));
#2259 = VECTOR('',#2260,1.);
#2260 = DIRECTION('',(0.,1.,0.));
#2261 = ORIENTED_EDGE('',*,*,#2262,.T.);
#2262 = EDGE_CURVE('',#2255,#2263,#2265,.T.);
#2263 = VERTEX_POINT('',#2264);
#2264 = CARTESIAN_POINT('',(37.178931,11.482698,1.585));
#2265 = LINE('',#2266,#2267);
#2266 = CARTESIAN_POINT('',(37.118909,11.363378,1.585));
#2267 = VECTOR('',#2268,1.);
#2268 = DIRECTION('',(0.449380496335,0.893340455545,0.));
#2269 = ORIENTED_EDGE('',*,*,#2270,.T.);
#2270 = EDGE_CURVE('',#2263,#1985,#2271,.T.);
#2271 = LINE('',#2272,#2273);
#2272 = CARTESIAN_POINT('',(37.178931,11.482698,1.585));
#2273 = VECTOR('',#2274,1.);
#2274 = DIRECTION('',(0.728574999312,0.68496603593,0.));
#2275 = PLANE('',#2276);
#2276 = AXIS2_PLACEMENT_3D('',#2277,#2278,#2279);
#2277 = CARTESIAN_POINT('',(0.,0.,1.585));
#2278 = DIRECTION('',(0.,0.,1.));
#2279 = DIRECTION('',(1.,0.,-0.));
#2280 = SHELL_BASED_SURFACE_MODEL('',(#2281));
#2281 = OPEN_SHELL('',(#2282));
#2282 = ADVANCED_FACE('',(#2283,#2353),#2387,.T.);
#2283 = FACE_BOUND('',#2284,.F.);
#2284 = EDGE_LOOP('',(#2285,#2296,#2304,#2313,#2321,#2330,#2338,#2347));
#2285 = ORIENTED_EDGE('',*,*,#2286,.T.);
#2286 = EDGE_CURVE('',#2287,#2289,#2291,.T.);
#2287 = VERTEX_POINT('',#2288);
#2288 = CARTESIAN_POINT('',(35.45,14.,1.585));
#2289 = VERTEX_POINT('',#2290);
#2290 = CARTESIAN_POINT('',(35.5,14.05,1.585));
#2291 = CIRCLE('',#2292,5.000014378934E-02);
#2292 = AXIS2_PLACEMENT_3D('',#2293,#2294,#2295);
#2293 = CARTESIAN_POINT('',(35.500000143789,13.999999856211,1.585));
#2294 = DIRECTION('',(0.,0.,-1.));
#2295 = DIRECTION('',(-0.999999999996,2.875774435189E-06,0.));
#2296 = ORIENTED_EDGE('',*,*,#2297,.T.);
#2297 = EDGE_CURVE('',#2289,#2298,#2300,.T.);
#2298 = VERTEX_POINT('',#2299);
#2299 = CARTESIAN_POINT('',(41.5,14.05,1.585));
#2300 = LINE('',#2301,#2302);
#2301 = CARTESIAN_POINT('',(35.5,14.05,1.585));
#2302 = VECTOR('',#2303,1.);
#2303 = DIRECTION('',(1.,0.,0.));
#2304 = ORIENTED_EDGE('',*,*,#2305,.T.);
#2305 = EDGE_CURVE('',#2298,#2306,#2308,.T.);
#2306 = VERTEX_POINT('',#2307);
#2307 = CARTESIAN_POINT('',(41.55,14.,1.585));
#2308 = CIRCLE('',#2309,5.000014378934E-02);
#2309 = AXIS2_PLACEMENT_3D('',#2310,#2311,#2312);
#2310 = CARTESIAN_POINT('',(41.499999856211,13.999999856211,1.585));
#2311 = DIRECTION('',(0.,0.,-1.));
#2312 = DIRECTION('',(2.875774470715E-06,0.999999999996,0.));
#2313 = ORIENTED_EDGE('',*,*,#2314,.T.);
#2314 = EDGE_CURVE('',#2306,#2315,#2317,.T.);
#2315 = VERTEX_POINT('',#2316);
#2316 = CARTESIAN_POINT('',(41.55,8.,1.585));
#2317 = LINE('',#2318,#2319);
#2318 = CARTESIAN_POINT('',(41.55,14.,1.585));
#2319 = VECTOR('',#2320,1.);
#2320 = DIRECTION('',(0.,-1.,0.));
#2321 = ORIENTED_EDGE('',*,*,#2322,.T.);
#2322 = EDGE_CURVE('',#2315,#2323,#2325,.T.);
#2323 = VERTEX_POINT('',#2324);
#2324 = CARTESIAN_POINT('',(41.5,7.95,1.585));
#2325 = CIRCLE('',#2326,5.000014378934E-02);
#2326 = AXIS2_PLACEMENT_3D('',#2327,#2328,#2329);
#2327 = CARTESIAN_POINT('',(41.499999856211,8.000000143789,1.585));
#2328 = DIRECTION('',(0.,0.,-1.));
#2329 = DIRECTION('',(0.999999999996,-2.875774435189E-06,0.));
#2330 = ORIENTED_EDGE('',*,*,#2331,.T.);
#2331 = EDGE_CURVE('',#2323,#2332,#2334,.T.);
#2332 = VERTEX_POINT('',#2333);
#2333 = CARTESIAN_POINT('',(35.5,7.95,1.585));
#2334 = LINE('',#2335,#2336);
#2335 = CARTESIAN_POINT('',(41.5,7.95,1.585));
#2336 = VECTOR('',#2337,1.);
#2337 = DIRECTION('',(-1.,0.,0.));
#2338 = ORIENTED_EDGE('',*,*,#2339,.T.);
#2339 = EDGE_CURVE('',#2332,#2340,#2342,.T.);
#2340 = VERTEX_POINT('',#2341);
#2341 = CARTESIAN_POINT('',(35.45,8.,1.585));
#2342 = CIRCLE('',#2343,5.000014378934E-02);
#2343 = AXIS2_PLACEMENT_3D('',#2344,#2345,#2346);
#2344 = CARTESIAN_POINT('',(35.500000143789,8.000000143789,1.585));
#2345 = DIRECTION('',(0.,0.,-1.));
#2346 = DIRECTION('',(-2.875774470716E-06,-0.999999999996,-0.));
#2347 = ORIENTED_EDGE('',*,*,#2348,.T.);
#2348 = EDGE_CURVE('',#2340,#2287,#2349,.T.);
#2349 = LINE('',#2350,#2351);
#2350 = CARTESIAN_POINT('',(35.45,8.,1.585));
#2351 = VECTOR('',#2352,1.);
#2352 = DIRECTION('',(0.,1.,0.));
#2353 = FACE_BOUND('',#2354,.F.);
#2354 = EDGE_LOOP('',(#2355,#2365,#2373,#2381));
#2355 = ORIENTED_EDGE('',*,*,#2356,.T.);
#2356 = EDGE_CURVE('',#2357,#2359,#2361,.T.);
#2357 = VERTEX_POINT('',#2358);
#2358 = CARTESIAN_POINT('',(41.45,8.05,1.585));
#2359 = VERTEX_POINT('',#2360);
#2360 = CARTESIAN_POINT('',(41.45,13.95,1.585));
#2361 = LINE('',#2362,#2363);
#2362 = CARTESIAN_POINT('',(41.45,8.05,1.585));
#2363 = VECTOR('',#2364,1.);
#2364 = DIRECTION('',(0.,1.,0.));
#2365 = ORIENTED_EDGE('',*,*,#2366,.T.);
#2366 = EDGE_CURVE('',#2359,#2367,#2369,.T.);
#2367 = VERTEX_POINT('',#2368);
#2368 = CARTESIAN_POINT('',(35.55,13.95,1.585));
#2369 = LINE('',#2370,#2371);
#2370 = CARTESIAN_POINT('',(41.45,13.95,1.585));
#2371 = VECTOR('',#2372,1.);
#2372 = DIRECTION('',(-1.,0.,0.));
#2373 = ORIENTED_EDGE('',*,*,#2374,.T.);
#2374 = EDGE_CURVE('',#2367,#2375,#2377,.T.);
#2375 = VERTEX_POINT('',#2376);
#2376 = CARTESIAN_POINT('',(35.55,8.05,1.585));
#2377 = LINE('',#2378,#2379);
#2378 = CARTESIAN_POINT('',(35.55,13.95,1.585));
#2379 = VECTOR('',#2380,1.);
#2380 = DIRECTION('',(0.,-1.,0.));
#2381 = ORIENTED_EDGE('',*,*,#2382,.T.);
#2382 = EDGE_CURVE('',#2375,#2357,#2383,.T.);
#2383 = LINE('',#2384,#2385);
#2384 = CARTESIAN_POINT('',(35.55,8.05,1.585));
#2385 = VECTOR('',#2386,1.);
#2386 = DIRECTION('',(1.,0.,0.));
#2387 = PLANE('',#2388);
#2388 = AXIS2_PLACEMENT_3D('',#2389,#2390,#2391);
#2389 = CARTESIAN_POINT('',(0.,0.,1.585));
#2390 = DIRECTION('',(0.,0.,1.));
#2391 = DIRECTION('',(1.,0.,-0.));
#2392 = SHELL_BASED_SURFACE_MODEL('',(#2393));
#2393 = OPEN_SHELL('',(#2394));
#2394 = ADVANCED_FACE('',(#2395),#2577,.T.);
#2395 = FACE_BOUND('',#2396,.F.);
#2396 = EDGE_LOOP('',(#2397,#2407,#2415,#2423,#2431,#2439,#2447,#2455,
    #2463,#2471,#2479,#2488,#2496,#2505,#2513,#2521,#2529,#2538,#2546,
    #2554,#2562,#2571));
#2397 = ORIENTED_EDGE('',*,*,#2398,.T.);
#2398 = EDGE_CURVE('',#2399,#2401,#2403,.T.);
#2399 = VERTEX_POINT('',#2400);
#2400 = CARTESIAN_POINT('',(69.274168,11.530317,1.585));
#2401 = VERTEX_POINT('',#2402);
#2402 = CARTESIAN_POINT('',(69.393489,11.590339,1.585));
#2403 = LINE('',#2404,#2405);
#2404 = CARTESIAN_POINT('',(69.274168,11.530317,1.585));
#2405 = VECTOR('',#2406,1.);
#2406 = DIRECTION('',(0.893341967462,0.449377490727,0.));
#2407 = ORIENTED_EDGE('',*,*,#2408,.T.);
#2408 = EDGE_CURVE('',#2401,#2409,#2411,.T.);
#2409 = VERTEX_POINT('',#2410);
#2410 = CARTESIAN_POINT('',(69.645313,11.592093,1.585));
#2411 = LINE('',#2412,#2413);
#2412 = CARTESIAN_POINT('',(69.393489,11.590339,1.585));
#2413 = VECTOR('',#2414,1.);
#2414 = DIRECTION('',(0.999975744002,6.965013084455E-03,0.));
#2415 = ORIENTED_EDGE('',*,*,#2416,.T.);
#2416 = EDGE_CURVE('',#2409,#2417,#2419,.T.);
#2417 = VERTEX_POINT('',#2418);
#2418 = CARTESIAN_POINT('',(69.665218,11.587302,1.585));
#2419 = LINE('',#2420,#2421);
#2420 = CARTESIAN_POINT('',(69.645313,11.592093,1.585));
#2421 = VECTOR('',#2422,1.);
#2422 = DIRECTION('',(0.972234133225,-0.234010235231,0.));
#2423 = ORIENTED_EDGE('',*,*,#2424,.T.);
#2424 = EDGE_CURVE('',#2417,#2425,#2427,.T.);
#2425 = VERTEX_POINT('',#2426);
#2426 = CARTESIAN_POINT('',(69.77345,11.530317,1.585));
#2427 = LINE('',#2428,#2429);
#2428 = CARTESIAN_POINT('',(69.665218,11.587302,1.585));
#2429 = VECTOR('',#2430,1.);
#2430 = DIRECTION('',(0.884848162196,-0.465879522902,0.));
#2431 = ORIENTED_EDGE('',*,*,#2432,.T.);
#2432 = EDGE_CURVE('',#2425,#2433,#2435,.T.);
#2433 = VERTEX_POINT('',#2434);
#2434 = CARTESIAN_POINT('',(69.830435,11.469704,1.585));
#2435 = LINE('',#2436,#2437);
#2436 = CARTESIAN_POINT('',(69.77345,11.530317,1.585));
#2437 = VECTOR('',#2438,1.);
#2438 = DIRECTION('',(0.68496603593,-0.728574999312,0.));
#2439 = ORIENTED_EDGE('',*,*,#2440,.T.);
#2440 = EDGE_CURVE('',#2433,#2441,#2443,.T.);
#2441 = VERTEX_POINT('',#2442);
#2442 = CARTESIAN_POINT('',(69.88109,11.363378,1.585));
#2443 = LINE('',#2444,#2445);
#2444 = CARTESIAN_POINT('',(69.830435,11.469704,1.585));
#2445 = VECTOR('',#2446,1.);
#2446 = DIRECTION('',(0.430096717347,-0.902782816477,0.));
#2447 = ORIENTED_EDGE('',*,*,#2448,.T.);
#2448 = EDGE_CURVE('',#2441,#2449,#2451,.T.);
#2449 = VERTEX_POINT('',#2450);
#2450 = CARTESIAN_POINT('',(69.880767,11.241055,1.585));
#2451 = LINE('',#2452,#2453);
#2452 = CARTESIAN_POINT('',(69.88109,11.363378,1.585));
#2453 = VECTOR('',#2454,1.);
#2454 = DIRECTION('',(-2.640540813591E-03,-0.999996513766,0.));
#2455 = ORIENTED_EDGE('',*,*,#2456,.T.);
#2456 = EDGE_CURVE('',#2449,#2457,#2459,.T.);
#2457 = VERTEX_POINT('',#2458);
#2458 = CARTESIAN_POINT('',(69.827457,11.088216,1.585));
#2459 = LINE('',#2460,#2461);
#2460 = CARTESIAN_POINT('',(69.880767,11.241055,1.585));
#2461 = VECTOR('',#2462,1.);
#2462 = DIRECTION('',(-0.329339494705,-0.944211574398,0.));
#2463 = ORIENTED_EDGE('',*,*,#2464,.T.);
#2464 = EDGE_CURVE('',#2457,#2465,#2467,.T.);
#2465 = VERTEX_POINT('',#2466);
#2466 = CARTESIAN_POINT('',(69.334996,10.592581,1.585));
#2467 = LINE('',#2468,#2469);
#2468 = CARTESIAN_POINT('',(69.827457,11.088216,1.585));
#2469 = VECTOR('',#2470,1.);
#2470 = DIRECTION('',(-0.704831749184,-0.709374516981,0.));
#2471 = ORIENTED_EDGE('',*,*,#2472,.T.);
#2472 = EDGE_CURVE('',#2465,#2473,#2475,.T.);
#2473 = VERTEX_POINT('',#2474);
#2474 = CARTESIAN_POINT('',(69.833333,10.592581,1.585));
#2475 = LINE('',#2476,#2477);
#2476 = CARTESIAN_POINT('',(69.334996,10.592581,1.585));
#2477 = VECTOR('',#2478,1.);
#2478 = DIRECTION('',(1.,0.,0.));
#2479 = ORIENTED_EDGE('',*,*,#2480,.T.);
#2480 = EDGE_CURVE('',#2473,#2481,#2483,.T.);
#2481 = VERTEX_POINT('',#2482);
#2482 = CARTESIAN_POINT('',(69.833333,10.492581,1.585));
#2483 = CIRCLE('',#2484,5.000000000003E-02);
#2484 = AXIS2_PLACEMENT_3D('',#2485,#2486,#2487);
#2485 = CARTESIAN_POINT('',(69.833332952288,10.542581,1.585));
#2486 = DIRECTION('',(0.,0.,-1.));
#2487 = DIRECTION('',(9.54236725192E-07,1.,0.));
#2488 = ORIENTED_EDGE('',*,*,#2489,.T.);
#2489 = EDGE_CURVE('',#2481,#2490,#2492,.T.);
#2490 = VERTEX_POINT('',#2491);
#2491 = CARTESIAN_POINT('',(69.214286,10.492581,1.585));
#2492 = LINE('',#2493,#2494);
#2493 = CARTESIAN_POINT('',(69.833333,10.492581,1.585));
#2494 = VECTOR('',#2495,1.);
#2495 = DIRECTION('',(-1.,0.,0.));
#2496 = ORIENTED_EDGE('',*,*,#2497,.T.);
#2497 = EDGE_CURVE('',#2490,#2498,#2500,.T.);
#2498 = VERTEX_POINT('',#2499);
#2499 = CARTESIAN_POINT('',(69.178931,10.577936,1.585));
#2500 = CIRCLE('',#2501,4.99996389501E-02);
#2501 = AXIS2_PLACEMENT_3D('',#2502,#2503,#2504);
#2502 = CARTESIAN_POINT('',(69.214285806465,10.54258063895,1.585));
#2503 = DIRECTION('',(0.,0.,-1.));
#2504 = DIRECTION('',(3.870737356916E-06,-0.999999999993,0.));
#2505 = ORIENTED_EDGE('',*,*,#2506,.T.);
#2506 = EDGE_CURVE('',#2498,#2507,#2509,.T.);
#2507 = VERTEX_POINT('',#2508);
#2508 = CARTESIAN_POINT('',(69.742012,11.141019,1.585));
#2509 = LINE('',#2510,#2511);
#2510 = CARTESIAN_POINT('',(69.178931,10.577936,1.585));
#2511 = VECTOR('',#2512,1.);
#2512 = DIRECTION('',(0.707105525406,0.707108036965,0.));
#2513 = ORIENTED_EDGE('',*,*,#2514,.T.);
#2514 = EDGE_CURVE('',#2507,#2515,#2517,.T.);
#2515 = VERTEX_POINT('',#2516);
#2516 = CARTESIAN_POINT('',(69.783333,11.26498,1.585));
#2517 = LINE('',#2518,#2519);
#2518 = CARTESIAN_POINT('',(69.742012,11.141019,1.585));
#2519 = VECTOR('',#2520,1.);
#2520 = DIRECTION('',(0.316232357853,0.948681767426,0.));
#2521 = ORIENTED_EDGE('',*,*,#2522,.T.);
#2522 = EDGE_CURVE('',#2515,#2523,#2525,.T.);
#2523 = VERTEX_POINT('',#2524);
#2524 = CARTESIAN_POINT('',(69.783333,11.340302,1.585));
#2525 = LINE('',#2526,#2527);
#2526 = CARTESIAN_POINT('',(69.783333,11.26498,1.585));
#2527 = VECTOR('',#2528,1.);
#2528 = DIRECTION('',(0.,1.,0.));
#2529 = ORIENTED_EDGE('',*,*,#2530,.T.);
#2530 = EDGE_CURVE('',#2523,#2531,#2533,.T.);
#2531 = VERTEX_POINT('',#2532);
#2532 = CARTESIAN_POINT('',(69.631054,11.492581,1.585));
#2533 = CIRCLE('',#2534,0.215066604438);
#2534 = AXIS2_PLACEMENT_3D('',#2535,#2536,#2537);
#2535 = CARTESIAN_POINT('',(69.575551566286,11.284799566286,1.585));
#2536 = DIRECTION('',(0.,0.,1.));
#2537 = DIRECTION('',(0.966125978774,0.258070907192,-0.));
#2538 = ORIENTED_EDGE('',*,*,#2539,.T.);
#2539 = EDGE_CURVE('',#2531,#2540,#2542,.T.);
#2540 = VERTEX_POINT('',#2541);
#2541 = CARTESIAN_POINT('',(69.416566,11.492581,1.585));
#2542 = LINE('',#2543,#2544);
#2543 = CARTESIAN_POINT('',(69.631054,11.492581,1.585));
#2544 = VECTOR('',#2545,1.);
#2545 = DIRECTION('',(-1.,0.,0.));
#2546 = ORIENTED_EDGE('',*,*,#2547,.T.);
#2547 = EDGE_CURVE('',#2540,#2548,#2550,.T.);
#2548 = VERTEX_POINT('',#2549);
#2549 = CARTESIAN_POINT('',(69.339142,11.45387,1.585));
#2550 = LINE('',#2551,#2552);
#2551 = CARTESIAN_POINT('',(69.416566,11.492581,1.585));
#2552 = VECTOR('',#2553,1.);
#2553 = DIRECTION('',(-0.894431811906,-0.447204353569,0.));
#2554 = ORIENTED_EDGE('',*,*,#2555,.T.);
#2555 = EDGE_CURVE('',#2548,#2556,#2558,.T.);
#2556 = VERTEX_POINT('',#2557);
#2557 = CARTESIAN_POINT('',(69.281039,11.401149,1.585));
#2558 = LINE('',#2559,#2560);
#2559 = CARTESIAN_POINT('',(69.339142,11.45387,1.585));
#2560 = VECTOR('',#2561,1.);
#2561 = DIRECTION('',(-0.74057357825,-0.671975278711,0.));
#2562 = ORIENTED_EDGE('',*,*,#2563,.T.);
#2563 = EDGE_CURVE('',#2556,#2564,#2566,.T.);
#2564 = VERTEX_POINT('',#2565);
#2565 = CARTESIAN_POINT('',(69.215711,11.466477,1.585));
#2566 = CIRCLE('',#2567,4.999995591999E-02);
#2567 = AXIS2_PLACEMENT_3D('',#2568,#2569,#2570);
#2568 = CARTESIAN_POINT('',(69.261905,11.447343,1.585));
#2569 = DIRECTION('',(0.,0.,-1.));
#2570 = DIRECTION('',(0.382680337371,-0.923880814494,0.));
#2571 = ORIENTED_EDGE('',*,*,#2572,.T.);
#2572 = EDGE_CURVE('',#2564,#2399,#2573,.T.);
#2573 = LINE('',#2574,#2575);
#2574 = CARTESIAN_POINT('',(69.215711,11.466477,1.585));
#2575 = VECTOR('',#2576,1.);
#2576 = DIRECTION('',(0.675329040753,0.737516567078,0.));
#2577 = PLANE('',#2578);
#2578 = AXIS2_PLACEMENT_3D('',#2579,#2580,#2581);
#2579 = CARTESIAN_POINT('',(0.,0.,1.585));
#2580 = DIRECTION('',(0.,0.,1.));
#2581 = DIRECTION('',(1.,0.,-0.));
#2582 = SHELL_BASED_SURFACE_MODEL('',(#2583));
#2583 = OPEN_SHELL('',(#2584));
#2584 = ADVANCED_FACE('',(#2585),#2696,.T.);
#2585 = FACE_BOUND('',#2586,.F.);
#2586 = EDGE_LOOP('',(#2587,#2598,#2606,#2615,#2623,#2631,#2640,#2648,
    #2657,#2665,#2673,#2682,#2690));
#2587 = ORIENTED_EDGE('',*,*,#2588,.T.);
#2588 = EDGE_CURVE('',#2589,#2591,#2593,.T.);
#2589 = VERTEX_POINT('',#2590);
#2590 = CARTESIAN_POINT('',(68.879932,11.554162,1.585));
#2591 = VERTEX_POINT('',#2592);
#2592 = CARTESIAN_POINT('',(68.977212,11.531,1.585));
#2593 = CIRCLE('',#2594,4.999969160946E-02);
#2594 = AXIS2_PLACEMENT_3D('',#2595,#2596,#2597);
#2595 = CARTESIAN_POINT('',(68.928572047243,11.542581198419,1.585));
#2596 = DIRECTION('',(0.,0.,-1.));
#2597 = DIRECTION('',(-0.972806944947,0.231617460188,0.));
#2598 = ORIENTED_EDGE('',*,*,#2599,.T.);
#2599 = EDGE_CURVE('',#2591,#2600,#2602,.T.);
#2600 = VERTEX_POINT('',#2601);
#2601 = CARTESIAN_POINT('',(68.739116,10.531,1.585));
#2602 = LINE('',#2603,#2604);
#2603 = CARTESIAN_POINT('',(68.977212,11.531,1.585));
#2604 = VECTOR('',#2605,1.);
#2605 = DIRECTION('',(-0.231621228728,-0.97280604768,0.));
#2606 = ORIENTED_EDGE('',*,*,#2607,.T.);
#2607 = EDGE_CURVE('',#2600,#2608,#2610,.T.);
#2608 = VERTEX_POINT('',#2609);
#2609 = CARTESIAN_POINT('',(68.642164,10.529698,1.585));
#2610 = CIRCLE('',#2611,4.999982916869E-02);
#2611 = AXIS2_PLACEMENT_3D('',#2612,#2613,#2614);
#2612 = CARTESIAN_POINT('',(68.690475739219,10.542580498612,1.585));
#2613 = DIRECTION('',(-0.,0.,-1.));
#2614 = DIRECTION('',(0.972808539333,-0.231610763567,-0.));
#2615 = ORIENTED_EDGE('',*,*,#2616,.T.);
#2616 = EDGE_CURVE('',#2608,#2617,#2619,.T.);
#2617 = VERTEX_POINT('',#2618);
#2618 = CARTESIAN_POINT('',(68.5,11.062814,1.585));
#2619 = LINE('',#2620,#2621);
#2620 = CARTESIAN_POINT('',(68.642164,10.529698,1.585));
#2621 = VECTOR('',#2622,1.);
#2622 = DIRECTION('',(-0.257662199333,0.966235059928,0.));
#2623 = ORIENTED_EDGE('',*,*,#2624,.T.);
#2624 = EDGE_CURVE('',#2617,#2625,#2627,.T.);
#2625 = VERTEX_POINT('',#2626);
#2626 = CARTESIAN_POINT('',(68.357836,10.529698,1.585));
#2627 = LINE('',#2628,#2629);
#2628 = CARTESIAN_POINT('',(68.5,11.062814,1.585));
#2629 = VECTOR('',#2630,1.);
#2630 = DIRECTION('',(-0.257662199333,-0.966235059928,0.));
#2631 = ORIENTED_EDGE('',*,*,#2632,.T.);
#2632 = EDGE_CURVE('',#2625,#2633,#2635,.T.);
#2633 = VERTEX_POINT('',#2634);
#2634 = CARTESIAN_POINT('',(68.260884,10.531,1.585));
#2635 = CIRCLE('',#2636,5.00001042381E-02);
#2636 = AXIS2_PLACEMENT_3D('',#2637,#2638,#2639);
#2637 = CARTESIAN_POINT('',(68.309524275877,10.542581622787,1.585));
#2638 = DIRECTION('',(-0.,0.,-1.));
#2639 = DIRECTION('',(0.966232468087,-0.257671918562,-0.));
#2640 = ORIENTED_EDGE('',*,*,#2641,.T.);
#2641 = EDGE_CURVE('',#2633,#2642,#2644,.T.);
#2642 = VERTEX_POINT('',#2643);
#2643 = CARTESIAN_POINT('',(68.022789,11.531,1.585));
#2644 = LINE('',#2645,#2646);
#2645 = CARTESIAN_POINT('',(68.260884,10.531,1.585));
#2646 = VECTOR('',#2647,1.);
#2647 = DIRECTION('',(-0.231620308111,0.972806266875,0.));
#2648 = ORIENTED_EDGE('',*,*,#2649,.T.);
#2649 = EDGE_CURVE('',#2642,#2650,#2652,.T.);
#2650 = VERTEX_POINT('',#2651);
#2651 = CARTESIAN_POINT('',(68.120069,11.554162,1.585));
#2652 = CIRCLE('',#2653,4.999969160946E-02);
#2653 = AXIS2_PLACEMENT_3D('',#2654,#2655,#2656);
#2654 = CARTESIAN_POINT('',(68.071428952757,11.542581198419,1.585));
#2655 = DIRECTION('',(0.,0.,-1.));
#2656 = DIRECTION('',(-0.97280505522,-0.231625397007,-0.));
#2657 = ORIENTED_EDGE('',*,*,#2658,.T.);
#2658 = EDGE_CURVE('',#2650,#2659,#2661,.T.);
#2659 = VERTEX_POINT('',#2660);
#2660 = CARTESIAN_POINT('',(68.312268,10.746925,1.585));
#2661 = LINE('',#2662,#2663);
#2662 = CARTESIAN_POINT('',(68.120069,11.554162,1.585));
#2663 = VECTOR('',#2664,1.);
#2664 = DIRECTION('',(0.231620201462,-0.972806292267,0.));
#2665 = ORIENTED_EDGE('',*,*,#2666,.T.);
#2666 = EDGE_CURVE('',#2659,#2667,#2669,.T.);
#2667 = VERTEX_POINT('',#2668);
#2668 = CARTESIAN_POINT('',(68.451688,11.26975,1.585));
#2669 = LINE('',#2670,#2671);
#2670 = CARTESIAN_POINT('',(68.312268,10.746925,1.585));
#2671 = VECTOR('',#2672,1.);
#2672 = DIRECTION('',(0.25766265056,0.966234939601,0.));
#2673 = ORIENTED_EDGE('',*,*,#2674,.T.);
#2674 = EDGE_CURVE('',#2667,#2675,#2677,.T.);
#2675 = VERTEX_POINT('',#2676);
#2676 = CARTESIAN_POINT('',(68.548312,11.26975,1.585));
#2677 = CIRCLE('',#2678,5.000010350476E-02);
#2678 = AXIS2_PLACEMENT_3D('',#2679,#2680,#2681);
#2679 = CARTESIAN_POINT('',(68.5,11.256867414604,1.585));
#2680 = DIRECTION('',(0.,0.,-1.));
#2681 = DIRECTION('',(-0.966237999795,0.257651174559,0.));
#2682 = ORIENTED_EDGE('',*,*,#2683,.T.);
#2683 = EDGE_CURVE('',#2675,#2684,#2686,.T.);
#2684 = VERTEX_POINT('',#2685);
#2685 = CARTESIAN_POINT('',(68.687731,10.746925,1.585));
#2686 = LINE('',#2687,#2688);
#2687 = CARTESIAN_POINT('',(68.548312,11.26975,1.585));
#2688 = VECTOR('',#2689,1.);
#2689 = DIRECTION('',(0.257660925151,-0.966235399709,0.));
#2690 = ORIENTED_EDGE('',*,*,#2691,.T.);
#2691 = EDGE_CURVE('',#2684,#2589,#2692,.T.);
#2692 = LINE('',#2693,#2694);
#2693 = CARTESIAN_POINT('',(68.687731,10.746925,1.585));
#2694 = VECTOR('',#2695,1.);
#2695 = DIRECTION('',(0.231622482369,0.972805749192,0.));
#2696 = PLANE('',#2697);
#2697 = AXIS2_PLACEMENT_3D('',#2698,#2699,#2700);
#2698 = CARTESIAN_POINT('',(0.,0.,1.585));
#2699 = DIRECTION('',(0.,0.,1.));
#2700 = DIRECTION('',(1.,0.,-0.));
#2701 = SHELL_BASED_SURFACE_MODEL('',(#2702));
#2702 = OPEN_SHELL('',(#2703));
#2703 = ADVANCED_FACE('',(#2704),#2998,.T.);
#2704 = FACE_BOUND('',#2705,.F.);
#2705 = EDGE_LOOP('',(#2706,#2716,#2724,#2732,#2741,#2749,#2757,#2766,
    #2774,#2782,#2790,#2798,#2806,#2814,#2822,#2830,#2838,#2846,#2854,
    #2862,#2870,#2878,#2887,#2895,#2903,#2912,#2920,#2928,#2936,#2944,
    #2952,#2960,#2968,#2976,#2984,#2992));
#2706 = ORIENTED_EDGE('',*,*,#2707,.T.);
#2707 = EDGE_CURVE('',#2708,#2710,#2712,.T.);
#2708 = VERTEX_POINT('',#2709);
#2709 = CARTESIAN_POINT('',(67.239544,11.539683,1.585));
#2710 = VERTEX_POINT('',#2711);
#2711 = CARTESIAN_POINT('',(67.34587,11.590339,1.585));
#2712 = LINE('',#2713,#2714);
#2713 = CARTESIAN_POINT('',(67.239544,11.539683,1.585));
#2714 = VECTOR('',#2715,1.);
#2715 = DIRECTION('',(0.902779519658,0.430103637378,0.));
#2716 = ORIENTED_EDGE('',*,*,#2717,.T.);
#2717 = EDGE_CURVE('',#2710,#2718,#2720,.T.);
#2718 = VERTEX_POINT('',#2719);
#2719 = CARTESIAN_POINT('',(67.6031,11.591018,1.585));
#2720 = LINE('',#2721,#2722);
#2721 = CARTESIAN_POINT('',(67.34587,11.590339,1.585));
#2722 = VECTOR('',#2723,1.);
#2723 = DIRECTION('',(0.999996516113,2.63965180749E-03,0.));
#2724 = ORIENTED_EDGE('',*,*,#2725,.T.);
#2725 = EDGE_CURVE('',#2718,#2726,#2728,.T.);
#2726 = VERTEX_POINT('',#2727);
#2727 = CARTESIAN_POINT('',(67.753906,11.542396,1.585));
#2728 = LINE('',#2729,#2730);
#2729 = CARTESIAN_POINT('',(67.6031,11.591018,1.585));
#2730 = VECTOR('',#2731,1.);
#2731 = DIRECTION('',(0.951754884535,-0.306859315915,0.));
#2732 = ORIENTED_EDGE('',*,*,#2733,.T.);
#2733 = EDGE_CURVE('',#2726,#2734,#2736,.T.);
#2734 = VERTEX_POINT('',#2735);
#2735 = CARTESIAN_POINT('',(67.722283,11.447528,1.585));
#2736 = CIRCLE('',#2737,4.999987888403E-02);
#2737 = AXIS2_PLACEMENT_3D('',#2738,#2739,#2740);
#2738 = CARTESIAN_POINT('',(67.738094888124,11.494961870624,1.585));
#2739 = DIRECTION('',(0.,0.,-1.));
#2740 = DIRECTION('',(0.316223003506,0.948684885541,0.));
#2741 = ORIENTED_EDGE('',*,*,#2742,.T.);
#2742 = EDGE_CURVE('',#2734,#2743,#2745,.T.);
#2743 = VERTEX_POINT('',#2744);
#2744 = CARTESIAN_POINT('',(67.587125,11.492581,1.585));
#2745 = LINE('',#2746,#2747);
#2746 = CARTESIAN_POINT('',(67.722283,11.447528,1.585));
#2747 = VECTOR('',#2748,1.);
#2748 = DIRECTION('',(-0.948682596142,0.316229871735,0.));
#2749 = ORIENTED_EDGE('',*,*,#2750,.T.);
#2750 = EDGE_CURVE('',#2743,#2751,#2753,.T.);
#2751 = VERTEX_POINT('',#2752);
#2752 = CARTESIAN_POINT('',(67.368947,11.492581,1.585));
#2753 = LINE('',#2754,#2755);
#2754 = CARTESIAN_POINT('',(67.587125,11.492581,1.585));
#2755 = VECTOR('',#2756,1.);
#2756 = DIRECTION('',(-1.,0.,0.));
#2757 = ORIENTED_EDGE('',*,*,#2758,.T.);
#2758 = EDGE_CURVE('',#2751,#2759,#2761,.T.);
#2759 = VERTEX_POINT('',#2760);
#2760 = CARTESIAN_POINT('',(67.216667,11.340302,1.585));
#2761 = CIRCLE('',#2762,0.215060043145);
#2762 = AXIS2_PLACEMENT_3D('',#2763,#2764,#2765);
#2763 = CARTESIAN_POINT('',(67.424442997193,11.284804638368,1.585));
#2764 = DIRECTION('',(0.,0.,1.));
#2765 = DIRECTION('',(-0.258048851758,0.966131869936,0.));
#2766 = ORIENTED_EDGE('',*,*,#2767,.T.);
#2767 = EDGE_CURVE('',#2759,#2768,#2770,.T.);
#2768 = VERTEX_POINT('',#2769);
#2769 = CARTESIAN_POINT('',(67.216667,11.26867,1.585));
#2770 = LINE('',#2771,#2772);
#2771 = CARTESIAN_POINT('',(67.216667,11.340302,1.585));
#2772 = VECTOR('',#2773,1.);
#2773 = DIRECTION('',(0.,-1.,0.));
#2774 = ORIENTED_EDGE('',*,*,#2775,.T.);
#2775 = EDGE_CURVE('',#2768,#2776,#2778,.T.);
#2776 = VERTEX_POINT('',#2777);
#2777 = CARTESIAN_POINT('',(67.255378,11.191247,1.585));
#2778 = LINE('',#2779,#2780);
#2779 = CARTESIAN_POINT('',(67.216667,11.26867,1.585));
#2780 = VECTOR('',#2781,1.);
#2781 = DIRECTION('',(0.447208974492,-0.894429501489,0.));
#2782 = ORIENTED_EDGE('',*,*,#2783,.T.);
#2783 = EDGE_CURVE('',#2776,#2784,#2786,.T.);
#2784 = VERTEX_POINT('',#2785);
#2785 = CARTESIAN_POINT('',(67.291523,11.155103,1.585));
#2786 = LINE('',#2787,#2788);
#2787 = CARTESIAN_POINT('',(67.255378,11.191247,1.585));
#2788 = VECTOR('',#2789,1.);
#2789 = DIRECTION('',(0.707116562784,-0.707096999454,0.));
#2790 = ORIENTED_EDGE('',*,*,#2791,.T.);
#2791 = EDGE_CURVE('',#2784,#2792,#2794,.T.);
#2792 = VERTEX_POINT('',#2793);
#2793 = CARTESIAN_POINT('',(67.374595,11.113567,1.585));
#2794 = LINE('',#2795,#2796);
#2795 = CARTESIAN_POINT('',(67.291523,11.155103,1.585));
#2796 = VECTOR('',#2797,1.);
#2797 = DIRECTION('',(0.894427191,-0.4472135955,0.));
#2798 = ORIENTED_EDGE('',*,*,#2799,.T.);
#2799 = EDGE_CURVE('',#2792,#2800,#2802,.T.);
#2800 = VERTEX_POINT('',#2801);
#2801 = CARTESIAN_POINT('',(67.56998,11.063493,1.585));
#2802 = LINE('',#2803,#2804);
#2803 = CARTESIAN_POINT('',(67.374595,11.113567,1.585));
#2804 = VECTOR('',#2805,1.);
#2805 = DIRECTION('',(0.968693343403,-0.248260360199,0.));
#2806 = ORIENTED_EDGE('',*,*,#2807,.T.);
#2807 = EDGE_CURVE('',#2800,#2808,#2810,.T.);
#2808 = VERTEX_POINT('',#2809);
#2809 = CARTESIAN_POINT('',(67.678212,11.006508,1.585));
#2810 = LINE('',#2811,#2812);
#2811 = CARTESIAN_POINT('',(67.56998,11.063493,1.585));
#2812 = VECTOR('',#2813,1.);
#2813 = DIRECTION('',(0.884848162196,-0.465879522902,0.));
#2814 = ORIENTED_EDGE('',*,*,#2815,.T.);
#2815 = EDGE_CURVE('',#2808,#2816,#2818,.T.);
#2816 = VERTEX_POINT('',#2817);
#2817 = CARTESIAN_POINT('',(67.735197,10.945895,1.585));
#2818 = LINE('',#2819,#2820);
#2819 = CARTESIAN_POINT('',(67.678212,11.006508,1.585));
#2820 = VECTOR('',#2821,1.);
#2821 = DIRECTION('',(0.68496603593,-0.728574999312,0.));
#2822 = ORIENTED_EDGE('',*,*,#2823,.T.);
#2823 = EDGE_CURVE('',#2816,#2824,#2826,.T.);
#2824 = VERTEX_POINT('',#2825);
#2825 = CARTESIAN_POINT('',(67.785852,10.839569,1.585));
#2826 = LINE('',#2827,#2828);
#2827 = CARTESIAN_POINT('',(67.735197,10.945895,1.585));
#2828 = VECTOR('',#2829,1.);
#2829 = DIRECTION('',(0.430096717347,-0.902782816477,0.));
#2830 = ORIENTED_EDGE('',*,*,#2831,.T.);
#2831 = EDGE_CURVE('',#2824,#2832,#2834,.T.);
#2832 = VERTEX_POINT('',#2833);
#2833 = CARTESIAN_POINT('',(67.785852,10.721786,1.585));
#2834 = LINE('',#2835,#2836);
#2835 = CARTESIAN_POINT('',(67.785852,10.839569,1.585));
#2836 = VECTOR('',#2837,1.);
#2837 = DIRECTION('',(0.,-1.,0.));
#2838 = ORIENTED_EDGE('',*,*,#2839,.T.);
#2839 = EDGE_CURVE('',#2832,#2840,#2842,.T.);
#2840 = VERTEX_POINT('',#2841);
#2841 = CARTESIAN_POINT('',(67.725832,10.602465,1.585));
#2842 = LINE('',#2843,#2844);
#2843 = CARTESIAN_POINT('',(67.785852,10.721786,1.585));
#2844 = VECTOR('',#2845,1.);
#2845 = DIRECTION('',(-0.44936554065,-0.893347978604,0.));
#2846 = ORIENTED_EDGE('',*,*,#2847,.T.);
#2847 = EDGE_CURVE('',#2840,#2848,#2850,.T.);
#2848 = VERTEX_POINT('',#2849);
#2849 = CARTESIAN_POINT('',(67.665217,10.545478,1.585));
#2850 = LINE('',#2851,#2852);
#2851 = CARTESIAN_POINT('',(67.725832,10.602465,1.585));
#2852 = VECTOR('',#2853,1.);
#2853 = DIRECTION('',(-0.728574281239,-0.684966799719,0.));
#2854 = ORIENTED_EDGE('',*,*,#2855,.T.);
#2855 = EDGE_CURVE('',#2848,#2856,#2858,.T.);
#2856 = VERTEX_POINT('',#2857);
#2857 = CARTESIAN_POINT('',(67.558891,10.494824,1.585));
#2858 = LINE('',#2859,#2860);
#2859 = CARTESIAN_POINT('',(67.665217,10.545478,1.585));
#2860 = VECTOR('',#2861,1.);
#2861 = DIRECTION('',(-0.902786113268,-0.430089797241,0.));
#2862 = ORIENTED_EDGE('',*,*,#2863,.T.);
#2863 = EDGE_CURVE('',#2856,#2864,#2866,.T.);
#2864 = VERTEX_POINT('',#2865);
#2865 = CARTESIAN_POINT('',(67.293712,10.495147,1.585));
#2866 = LINE('',#2867,#2868);
#2867 = CARTESIAN_POINT('',(67.558891,10.494824,1.585));
#2868 = VECTOR('',#2869,1.);
#2869 = DIRECTION('',(-0.999999258184,1.218044265923E-03,0.));
#2870 = ORIENTED_EDGE('',*,*,#2871,.T.);
#2871 = EDGE_CURVE('',#2864,#2872,#2874,.T.);
#2872 = VERTEX_POINT('',#2873);
#2873 = CARTESIAN_POINT('',(67.150856,10.542766,1.585));
#2874 = LINE('',#2875,#2876);
#2875 = CARTESIAN_POINT('',(67.293712,10.495147,1.585));
#2876 = VECTOR('',#2877,1.);
#2877 = DIRECTION('',(-0.948682633965,0.316229758266,0.));
#2878 = ORIENTED_EDGE('',*,*,#2879,.T.);
#2879 = EDGE_CURVE('',#2872,#2880,#2882,.T.);
#2880 = VERTEX_POINT('',#2881);
#2881 = CARTESIAN_POINT('',(67.182478,10.637634,1.585));
#2882 = CIRCLE('',#2883,4.999972076924E-02);
#2883 = AXIS2_PLACEMENT_3D('',#2884,#2885,#2886);
#2884 = CARTESIAN_POINT('',(67.166666961647,10.590200012784,1.585));
#2885 = DIRECTION('',(0.,0.,-1.));
#2886 = DIRECTION('',(-0.316220998917,-0.948685553724,-0.));
#2887 = ORIENTED_EDGE('',*,*,#2888,.T.);
#2888 = EDGE_CURVE('',#2880,#2889,#2891,.T.);
#2889 = VERTEX_POINT('',#2890);
#2890 = CARTESIAN_POINT('',(67.317637,10.592581,1.585));
#2891 = LINE('',#2892,#2893);
#2892 = CARTESIAN_POINT('',(67.182478,10.637634,1.585));
#2893 = VECTOR('',#2894,1.);
#2894 = DIRECTION('',(0.948683298051,-0.316227766017,0.));
#2895 = ORIENTED_EDGE('',*,*,#2896,.T.);
#2896 = EDGE_CURVE('',#2889,#2897,#2899,.T.);
#2897 = VERTEX_POINT('',#2898);
#2898 = CARTESIAN_POINT('',(67.535816,10.592581,1.585));
#2899 = LINE('',#2900,#2901);
#2900 = CARTESIAN_POINT('',(67.317637,10.592581,1.585));
#2901 = VECTOR('',#2902,1.);
#2902 = DIRECTION('',(1.,0.,0.));
#2903 = ORIENTED_EDGE('',*,*,#2904,.T.);
#2904 = EDGE_CURVE('',#2897,#2905,#2907,.T.);
#2905 = VERTEX_POINT('',#2906);
#2906 = CARTESIAN_POINT('',(67.688095,10.744862,1.585));
#2907 = CIRCLE('',#2908,0.215068068383);
#2908 = AXIS2_PLACEMENT_3D('',#2909,#2910,#2911);
#2909 = CARTESIAN_POINT('',(67.480311795161,10.800363475881,1.585));
#2910 = DIRECTION('',(0.,0.,1.));
#2911 = DIRECTION('',(0.258077385714,-0.966124248212,0.));
#2912 = ORIENTED_EDGE('',*,*,#2913,.T.);
#2913 = EDGE_CURVE('',#2905,#2914,#2916,.T.);
#2914 = VERTEX_POINT('',#2915);
#2915 = CARTESIAN_POINT('',(67.688095,10.816493,1.585));
#2916 = LINE('',#2917,#2918);
#2917 = CARTESIAN_POINT('',(67.688095,10.744862,1.585));
#2918 = VECTOR('',#2919,1.);
#2919 = DIRECTION('',(0.,1.,0.));
#2920 = ORIENTED_EDGE('',*,*,#2921,.T.);
#2921 = EDGE_CURVE('',#2914,#2922,#2924,.T.);
#2922 = VERTEX_POINT('',#2923);
#2923 = CARTESIAN_POINT('',(67.649383,10.893916,1.585));
#2924 = LINE('',#2925,#2926);
#2925 = CARTESIAN_POINT('',(67.688095,10.816493,1.585));
#2926 = VECTOR('',#2927,1.);
#2927 = DIRECTION('',(-0.447218216472,0.894424880499,0.));
#2928 = ORIENTED_EDGE('',*,*,#2929,.T.);
#2929 = EDGE_CURVE('',#2922,#2930,#2932,.T.);
#2930 = VERTEX_POINT('',#2931);
#2931 = CARTESIAN_POINT('',(67.613239,10.930061,1.585));
#2932 = LINE('',#2933,#2934);
#2933 = CARTESIAN_POINT('',(67.649383,10.893916,1.585));
#2934 = VECTOR('',#2935,1.);
#2935 = DIRECTION('',(-0.707096999454,0.707116562784,0.));
#2936 = ORIENTED_EDGE('',*,*,#2937,.T.);
#2937 = EDGE_CURVE('',#2930,#2938,#2940,.T.);
#2938 = VERTEX_POINT('',#2939);
#2939 = CARTESIAN_POINT('',(67.530168,10.971596,1.585));
#2940 = LINE('',#2941,#2942);
#2941 = CARTESIAN_POINT('',(67.613239,10.930061,1.585));
#2942 = VECTOR('',#2943,1.);
#2943 = DIRECTION('',(-0.894429344399,0.447209288676,0.));
#2944 = ORIENTED_EDGE('',*,*,#2945,.T.);
#2945 = EDGE_CURVE('',#2938,#2946,#2948,.T.);
#2946 = VERTEX_POINT('',#2947);
#2947 = CARTESIAN_POINT('',(67.334782,11.02167,1.585));
#2948 = LINE('',#2949,#2950);
#2949 = CARTESIAN_POINT('',(67.530168,10.971596,1.585));
#2950 = VECTOR('',#2951,1.);
#2951 = DIRECTION('',(-0.96869364897,0.248259167896,0.));
#2952 = ORIENTED_EDGE('',*,*,#2953,.T.);
#2953 = EDGE_CURVE('',#2946,#2954,#2956,.T.);
#2954 = VERTEX_POINT('',#2955);
#2955 = CARTESIAN_POINT('',(67.226549,11.078655,1.585));
#2956 = LINE('',#2957,#2958);
#2957 = CARTESIAN_POINT('',(67.334782,11.02167,1.585));
#2958 = VECTOR('',#2959,1.);
#2959 = DIRECTION('',(-0.884849936612,0.465876152725,0.));
#2960 = ORIENTED_EDGE('',*,*,#2961,.T.);
#2961 = EDGE_CURVE('',#2954,#2962,#2964,.T.);
#2962 = VERTEX_POINT('',#2963);
#2963 = CARTESIAN_POINT('',(67.169564,11.139269,1.585));
#2964 = LINE('',#2965,#2966);
#2965 = CARTESIAN_POINT('',(67.226549,11.078655,1.585));
#2966 = VECTOR('',#2967,1.);
#2967 = DIRECTION('',(-0.684960037333,0.728580638815,0.));
#2968 = ORIENTED_EDGE('',*,*,#2969,.T.);
#2969 = EDGE_CURVE('',#2962,#2970,#2972,.T.);
#2970 = VERTEX_POINT('',#2971);
#2971 = CARTESIAN_POINT('',(67.118909,11.245595,1.585));
#2972 = LINE('',#2973,#2974);
#2973 = CARTESIAN_POINT('',(67.169564,11.139269,1.585));
#2974 = VECTOR('',#2975,1.);
#2975 = DIRECTION('',(-0.430096717347,0.902782816478,0.));
#2976 = ORIENTED_EDGE('',*,*,#2977,.T.);
#2977 = EDGE_CURVE('',#2970,#2978,#2980,.T.);
#2978 = VERTEX_POINT('',#2979);
#2979 = CARTESIAN_POINT('',(67.118909,11.363378,1.585));
#2980 = LINE('',#2981,#2982);
#2981 = CARTESIAN_POINT('',(67.118909,11.245595,1.585));
#2982 = VECTOR('',#2983,1.);
#2983 = DIRECTION('',(0.,1.,0.));
#2984 = ORIENTED_EDGE('',*,*,#2985,.T.);
#2985 = EDGE_CURVE('',#2978,#2986,#2988,.T.);
#2986 = VERTEX_POINT('',#2987);
#2987 = CARTESIAN_POINT('',(67.178931,11.482698,1.585));
#2988 = LINE('',#2989,#2990);
#2989 = CARTESIAN_POINT('',(67.118909,11.363378,1.585));
#2990 = VECTOR('',#2991,1.);
#2991 = DIRECTION('',(0.449380496335,0.893340455545,0.));
#2992 = ORIENTED_EDGE('',*,*,#2993,.T.);
#2993 = EDGE_CURVE('',#2986,#2708,#2994,.T.);
#2994 = LINE('',#2995,#2996);
#2995 = CARTESIAN_POINT('',(67.178931,11.482698,1.585));
#2996 = VECTOR('',#2997,1.);
#2997 = DIRECTION('',(0.728574999312,0.68496603593,0.));
#2998 = PLANE('',#2999);
#2999 = AXIS2_PLACEMENT_3D('',#3000,#3001,#3002);
#3000 = CARTESIAN_POINT('',(0.,0.,1.585));
#3001 = DIRECTION('',(0.,0.,1.));
#3002 = DIRECTION('',(1.,0.,-0.));
#3003 = SHELL_BASED_SURFACE_MODEL('',(#3004));
#3004 = OPEN_SHELL('',(#3005));
#3005 = ADVANCED_FACE('',(#3006,#3076),#3110,.T.);
#3006 = FACE_BOUND('',#3007,.F.);
#3007 = EDGE_LOOP('',(#3008,#3019,#3027,#3036,#3044,#3053,#3061,#3070));
#3008 = ORIENTED_EDGE('',*,*,#3009,.T.);
#3009 = EDGE_CURVE('',#3010,#3012,#3014,.T.);
#3010 = VERTEX_POINT('',#3011);
#3011 = CARTESIAN_POINT('',(65.45,14.,1.585));
#3012 = VERTEX_POINT('',#3013);
#3013 = CARTESIAN_POINT('',(65.5,14.05,1.585));
#3014 = CIRCLE('',#3015,5.000014378934E-02);
#3015 = AXIS2_PLACEMENT_3D('',#3016,#3017,#3018);
#3016 = CARTESIAN_POINT('',(65.500000143789,13.999999856211,1.585));
#3017 = DIRECTION('',(0.,0.,-1.));
#3018 = DIRECTION('',(-0.999999999996,2.875774399662E-06,0.));
#3019 = ORIENTED_EDGE('',*,*,#3020,.T.);
#3020 = EDGE_CURVE('',#3012,#3021,#3023,.T.);
#3021 = VERTEX_POINT('',#3022);
#3022 = CARTESIAN_POINT('',(71.5,14.05,1.585));
#3023 = LINE('',#3024,#3025);
#3024 = CARTESIAN_POINT('',(65.5,14.05,1.585));
#3025 = VECTOR('',#3026,1.);
#3026 = DIRECTION('',(1.,0.,0.));
#3027 = ORIENTED_EDGE('',*,*,#3028,.T.);
#3028 = EDGE_CURVE('',#3021,#3029,#3031,.T.);
#3029 = VERTEX_POINT('',#3030);
#3030 = CARTESIAN_POINT('',(71.55,14.,1.585));
#3031 = CIRCLE('',#3032,5.000014378935E-02);
#3032 = AXIS2_PLACEMENT_3D('',#3033,#3034,#3035);
#3033 = CARTESIAN_POINT('',(71.499999856211,13.999999856211,1.585));
#3034 = DIRECTION('',(0.,0.,-1.));
#3035 = DIRECTION('',(2.875774754931E-06,0.999999999996,0.));
#3036 = ORIENTED_EDGE('',*,*,#3037,.T.);
#3037 = EDGE_CURVE('',#3029,#3038,#3040,.T.);
#3038 = VERTEX_POINT('',#3039);
#3039 = CARTESIAN_POINT('',(71.55,8.,1.585));
#3040 = LINE('',#3041,#3042);
#3041 = CARTESIAN_POINT('',(71.55,14.,1.585));
#3042 = VECTOR('',#3043,1.);
#3043 = DIRECTION('',(0.,-1.,0.));
#3044 = ORIENTED_EDGE('',*,*,#3045,.T.);
#3045 = EDGE_CURVE('',#3038,#3046,#3048,.T.);
#3046 = VERTEX_POINT('',#3047);
#3047 = CARTESIAN_POINT('',(71.5,7.95,1.585));
#3048 = CIRCLE('',#3049,5.000014378933E-02);
#3049 = AXIS2_PLACEMENT_3D('',#3050,#3051,#3052);
#3050 = CARTESIAN_POINT('',(71.499999856211,8.000000143789,1.585));
#3051 = DIRECTION('',(0.,0.,-1.));
#3052 = DIRECTION('',(0.999999999996,-2.875774399662E-06,0.));
#3053 = ORIENTED_EDGE('',*,*,#3054,.T.);
#3054 = EDGE_CURVE('',#3046,#3055,#3057,.T.);
#3055 = VERTEX_POINT('',#3056);
#3056 = CARTESIAN_POINT('',(65.5,7.95,1.585));
#3057 = LINE('',#3058,#3059);
#3058 = CARTESIAN_POINT('',(71.5,7.95,1.585));
#3059 = VECTOR('',#3060,1.);
#3060 = DIRECTION('',(-1.,0.,0.));
#3061 = ORIENTED_EDGE('',*,*,#3062,.T.);
#3062 = EDGE_CURVE('',#3055,#3063,#3065,.T.);
#3063 = VERTEX_POINT('',#3064);
#3064 = CARTESIAN_POINT('',(65.45,8.,1.585));
#3065 = CIRCLE('',#3066,5.000014378934E-02);
#3066 = AXIS2_PLACEMENT_3D('',#3067,#3068,#3069);
#3067 = CARTESIAN_POINT('',(65.500000143789,8.000000143789,1.585));
#3068 = DIRECTION('',(0.,0.,-1.));
#3069 = DIRECTION('',(-2.875774470715E-06,-0.999999999996,-0.));
#3070 = ORIENTED_EDGE('',*,*,#3071,.T.);
#3071 = EDGE_CURVE('',#3063,#3010,#3072,.T.);
#3072 = LINE('',#3073,#3074);
#3073 = CARTESIAN_POINT('',(65.45,8.,1.585));
#3074 = VECTOR('',#3075,1.);
#3075 = DIRECTION('',(0.,1.,0.));
#3076 = FACE_BOUND('',#3077,.F.);
#3077 = EDGE_LOOP('',(#3078,#3088,#3096,#3104));
#3078 = ORIENTED_EDGE('',*,*,#3079,.T.);
#3079 = EDGE_CURVE('',#3080,#3082,#3084,.T.);
#3080 = VERTEX_POINT('',#3081);
#3081 = CARTESIAN_POINT('',(71.45,8.05,1.585));
#3082 = VERTEX_POINT('',#3083);
#3083 = CARTESIAN_POINT('',(71.45,13.95,1.585));
#3084 = LINE('',#3085,#3086);
#3085 = CARTESIAN_POINT('',(71.45,8.05,1.585));
#3086 = VECTOR('',#3087,1.);
#3087 = DIRECTION('',(0.,1.,0.));
#3088 = ORIENTED_EDGE('',*,*,#3089,.T.);
#3089 = EDGE_CURVE('',#3082,#3090,#3092,.T.);
#3090 = VERTEX_POINT('',#3091);
#3091 = CARTESIAN_POINT('',(65.55,13.95,1.585));
#3092 = LINE('',#3093,#3094);
#3093 = CARTESIAN_POINT('',(71.45,13.95,1.585));
#3094 = VECTOR('',#3095,1.);
#3095 = DIRECTION('',(-1.,0.,0.));
#3096 = ORIENTED_EDGE('',*,*,#3097,.T.);
#3097 = EDGE_CURVE('',#3090,#3098,#3100,.T.);
#3098 = VERTEX_POINT('',#3099);
#3099 = CARTESIAN_POINT('',(65.55,8.05,1.585));
#3100 = LINE('',#3101,#3102);
#3101 = CARTESIAN_POINT('',(65.55,13.95,1.585));
#3102 = VECTOR('',#3103,1.);
#3103 = DIRECTION('',(0.,-1.,0.));
#3104 = ORIENTED_EDGE('',*,*,#3105,.T.);
#3105 = EDGE_CURVE('',#3098,#3080,#3106,.T.);
#3106 = LINE('',#3107,#3108);
#3107 = CARTESIAN_POINT('',(65.55,8.05,1.585));
#3108 = VECTOR('',#3109,1.);
#3109 = DIRECTION('',(1.,0.,0.));
#3110 = PLANE('',#3111);
#3111 = AXIS2_PLACEMENT_3D('',#3112,#3113,#3114);
#3112 = CARTESIAN_POINT('',(0.,0.,1.585));
#3113 = DIRECTION('',(0.,0.,1.));
#3114 = DIRECTION('',(1.,0.,-0.));
#3115 = SHELL_BASED_SURFACE_MODEL('',(#3116));
#3116 = OPEN_SHELL('',(#3117));
#3117 = ADVANCED_FACE('',(#3118),#3229,.T.);
#3118 = FACE_BOUND('',#3119,.F.);
#3119 = EDGE_LOOP('',(#3120,#3131,#3139,#3148,#3156,#3164,#3173,#3181,
    #3190,#3198,#3206,#3215,#3223));
#3120 = ORIENTED_EDGE('',*,*,#3121,.T.);
#3121 = EDGE_CURVE('',#3122,#3124,#3126,.T.);
#3122 = VERTEX_POINT('',#3123);
#3123 = CARTESIAN_POINT('',(96.379932,11.554162,1.585));
#3124 = VERTEX_POINT('',#3125);
#3125 = CARTESIAN_POINT('',(96.477212,11.531,1.585));
#3126 = CIRCLE('',#3127,4.999969160946E-02);
#3127 = AXIS2_PLACEMENT_3D('',#3128,#3129,#3130);
#3128 = CARTESIAN_POINT('',(96.428572047243,11.542581198419,1.585));
#3129 = DIRECTION('',(0.,0.,-1.));
#3130 = DIRECTION('',(-0.972806944947,0.231617460188,0.));
#3131 = ORIENTED_EDGE('',*,*,#3132,.T.);
#3132 = EDGE_CURVE('',#3124,#3133,#3135,.T.);
#3133 = VERTEX_POINT('',#3134);
#3134 = CARTESIAN_POINT('',(96.239116,10.531,1.585));
#3135 = LINE('',#3136,#3137);
#3136 = CARTESIAN_POINT('',(96.477212,11.531,1.585));
#3137 = VECTOR('',#3138,1.);
#3138 = DIRECTION('',(-0.231621228728,-0.97280604768,0.));
#3139 = ORIENTED_EDGE('',*,*,#3140,.T.);
#3140 = EDGE_CURVE('',#3133,#3141,#3143,.T.);
#3141 = VERTEX_POINT('',#3142);
#3142 = CARTESIAN_POINT('',(96.142164,10.529698,1.585));
#3143 = CIRCLE('',#3144,4.999982916869E-02);
#3144 = AXIS2_PLACEMENT_3D('',#3145,#3146,#3147);
#3145 = CARTESIAN_POINT('',(96.190475739219,10.542580498612,1.585));
#3146 = DIRECTION('',(-0.,0.,-1.));
#3147 = DIRECTION('',(0.972808539333,-0.231610763567,-0.));
#3148 = ORIENTED_EDGE('',*,*,#3149,.T.);
#3149 = EDGE_CURVE('',#3141,#3150,#3152,.T.);
#3150 = VERTEX_POINT('',#3151);
#3151 = CARTESIAN_POINT('',(96.,11.062814,1.585));
#3152 = LINE('',#3153,#3154);
#3153 = CARTESIAN_POINT('',(96.142164,10.529698,1.585));
#3154 = VECTOR('',#3155,1.);
#3155 = DIRECTION('',(-0.257662199333,0.966235059928,0.));
#3156 = ORIENTED_EDGE('',*,*,#3157,.T.);
#3157 = EDGE_CURVE('',#3150,#3158,#3160,.T.);
#3158 = VERTEX_POINT('',#3159);
#3159 = CARTESIAN_POINT('',(95.857836,10.529698,1.585));
#3160 = LINE('',#3161,#3162);
#3161 = CARTESIAN_POINT('',(96.,11.062814,1.585));
#3162 = VECTOR('',#3163,1.);
#3163 = DIRECTION('',(-0.257662199333,-0.966235059928,0.));
#3164 = ORIENTED_EDGE('',*,*,#3165,.T.);
#3165 = EDGE_CURVE('',#3158,#3166,#3168,.T.);
#3166 = VERTEX_POINT('',#3167);
#3167 = CARTESIAN_POINT('',(95.760884,10.531,1.585));
#3168 = CIRCLE('',#3169,5.00001042381E-02);
#3169 = AXIS2_PLACEMENT_3D('',#3170,#3171,#3172);
#3170 = CARTESIAN_POINT('',(95.809524275877,10.542581622787,1.585));
#3171 = DIRECTION('',(-0.,0.,-1.));
#3172 = DIRECTION('',(0.966232468087,-0.257671918562,-0.));
#3173 = ORIENTED_EDGE('',*,*,#3174,.T.);
#3174 = EDGE_CURVE('',#3166,#3175,#3177,.T.);
#3175 = VERTEX_POINT('',#3176);
#3176 = CARTESIAN_POINT('',(95.522789,11.531,1.585));
#3177 = LINE('',#3178,#3179);
#3178 = CARTESIAN_POINT('',(95.760884,10.531,1.585));
#3179 = VECTOR('',#3180,1.);
#3180 = DIRECTION('',(-0.231620308111,0.972806266875,0.));
#3181 = ORIENTED_EDGE('',*,*,#3182,.T.);
#3182 = EDGE_CURVE('',#3175,#3183,#3185,.T.);
#3183 = VERTEX_POINT('',#3184);
#3184 = CARTESIAN_POINT('',(95.620069,11.554162,1.585));
#3185 = CIRCLE('',#3186,4.999969160946E-02);
#3186 = AXIS2_PLACEMENT_3D('',#3187,#3188,#3189);
#3187 = CARTESIAN_POINT('',(95.571428952757,11.542581198419,1.585));
#3188 = DIRECTION('',(0.,0.,-1.));
#3189 = DIRECTION('',(-0.97280505522,-0.231625397007,-0.));
#3190 = ORIENTED_EDGE('',*,*,#3191,.T.);
#3191 = EDGE_CURVE('',#3183,#3192,#3194,.T.);
#3192 = VERTEX_POINT('',#3193);
#3193 = CARTESIAN_POINT('',(95.812268,10.746925,1.585));
#3194 = LINE('',#3195,#3196);
#3195 = CARTESIAN_POINT('',(95.620069,11.554162,1.585));
#3196 = VECTOR('',#3197,1.);
#3197 = DIRECTION('',(0.231620201462,-0.972806292267,0.));
#3198 = ORIENTED_EDGE('',*,*,#3199,.T.);
#3199 = EDGE_CURVE('',#3192,#3200,#3202,.T.);
#3200 = VERTEX_POINT('',#3201);
#3201 = CARTESIAN_POINT('',(95.951688,11.26975,1.585));
#3202 = LINE('',#3203,#3204);
#3203 = CARTESIAN_POINT('',(95.812268,10.746925,1.585));
#3204 = VECTOR('',#3205,1.);
#3205 = DIRECTION('',(0.25766265056,0.966234939601,0.));
#3206 = ORIENTED_EDGE('',*,*,#3207,.T.);
#3207 = EDGE_CURVE('',#3200,#3208,#3210,.T.);
#3208 = VERTEX_POINT('',#3209);
#3209 = CARTESIAN_POINT('',(96.048312,11.26975,1.585));
#3210 = CIRCLE('',#3211,5.000010350476E-02);
#3211 = AXIS2_PLACEMENT_3D('',#3212,#3213,#3214);
#3212 = CARTESIAN_POINT('',(96.,11.256867414604,1.585));
#3213 = DIRECTION('',(0.,0.,-1.));
#3214 = DIRECTION('',(-0.966237999795,0.257651174559,0.));
#3215 = ORIENTED_EDGE('',*,*,#3216,.T.);
#3216 = EDGE_CURVE('',#3208,#3217,#3219,.T.);
#3217 = VERTEX_POINT('',#3218);
#3218 = CARTESIAN_POINT('',(96.187731,10.746925,1.585));
#3219 = LINE('',#3220,#3221);
#3220 = CARTESIAN_POINT('',(96.048312,11.26975,1.585));
#3221 = VECTOR('',#3222,1.);
#3222 = DIRECTION('',(0.257660925151,-0.966235399709,0.));
#3223 = ORIENTED_EDGE('',*,*,#3224,.T.);
#3224 = EDGE_CURVE('',#3217,#3122,#3225,.T.);
#3225 = LINE('',#3226,#3227);
#3226 = CARTESIAN_POINT('',(96.187731,10.746925,1.585));
#3227 = VECTOR('',#3228,1.);
#3228 = DIRECTION('',(0.231622482369,0.972805749192,0.));
#3229 = PLANE('',#3230);
#3230 = AXIS2_PLACEMENT_3D('',#3231,#3232,#3233);
#3231 = CARTESIAN_POINT('',(0.,0.,1.585));
#3232 = DIRECTION('',(0.,0.,1.));
#3233 = DIRECTION('',(1.,0.,-0.));
#3234 = SHELL_BASED_SURFACE_MODEL('',(#3235));
#3235 = OPEN_SHELL('',(#3236));
#3236 = ADVANCED_FACE('',(#3237),#3531,.T.);
#3237 = FACE_BOUND('',#3238,.F.);
#3238 = EDGE_LOOP('',(#3239,#3249,#3257,#3265,#3274,#3282,#3290,#3299,
    #3307,#3315,#3323,#3331,#3339,#3347,#3355,#3363,#3371,#3379,#3387,
    #3395,#3403,#3411,#3420,#3428,#3436,#3445,#3453,#3461,#3469,#3477,
    #3485,#3493,#3501,#3509,#3517,#3525));
#3239 = ORIENTED_EDGE('',*,*,#3240,.T.);
#3240 = EDGE_CURVE('',#3241,#3243,#3245,.T.);
#3241 = VERTEX_POINT('',#3242);
#3242 = CARTESIAN_POINT('',(94.739544,11.539683,1.585));
#3243 = VERTEX_POINT('',#3244);
#3244 = CARTESIAN_POINT('',(94.84587,11.590339,1.585));
#3245 = LINE('',#3246,#3247);
#3246 = CARTESIAN_POINT('',(94.739544,11.539683,1.585));
#3247 = VECTOR('',#3248,1.);
#3248 = DIRECTION('',(0.902779519658,0.430103637378,0.));
#3249 = ORIENTED_EDGE('',*,*,#3250,.T.);
#3250 = EDGE_CURVE('',#3243,#3251,#3253,.T.);
#3251 = VERTEX_POINT('',#3252);
#3252 = CARTESIAN_POINT('',(95.1031,11.591018,1.585));
#3253 = LINE('',#3254,#3255);
#3254 = CARTESIAN_POINT('',(94.84587,11.590339,1.585));
#3255 = VECTOR('',#3256,1.);
#3256 = DIRECTION('',(0.999996516113,2.63965180749E-03,0.));
#3257 = ORIENTED_EDGE('',*,*,#3258,.T.);
#3258 = EDGE_CURVE('',#3251,#3259,#3261,.T.);
#3259 = VERTEX_POINT('',#3260);
#3260 = CARTESIAN_POINT('',(95.253906,11.542396,1.585));
#3261 = LINE('',#3262,#3263);
#3262 = CARTESIAN_POINT('',(95.1031,11.591018,1.585));
#3263 = VECTOR('',#3264,1.);
#3264 = DIRECTION('',(0.951754884535,-0.306859315915,0.));
#3265 = ORIENTED_EDGE('',*,*,#3266,.T.);
#3266 = EDGE_CURVE('',#3259,#3267,#3269,.T.);
#3267 = VERTEX_POINT('',#3268);
#3268 = CARTESIAN_POINT('',(95.222283,11.447528,1.585));
#3269 = CIRCLE('',#3270,4.999987888403E-02);
#3270 = AXIS2_PLACEMENT_3D('',#3271,#3272,#3273);
#3271 = CARTESIAN_POINT('',(95.238094888124,11.494961870624,1.585));
#3272 = DIRECTION('',(0.,0.,-1.));
#3273 = DIRECTION('',(0.316223003506,0.948684885541,0.));
#3274 = ORIENTED_EDGE('',*,*,#3275,.T.);
#3275 = EDGE_CURVE('',#3267,#3276,#3278,.T.);
#3276 = VERTEX_POINT('',#3277);
#3277 = CARTESIAN_POINT('',(95.087125,11.492581,1.585));
#3278 = LINE('',#3279,#3280);
#3279 = CARTESIAN_POINT('',(95.222283,11.447528,1.585));
#3280 = VECTOR('',#3281,1.);
#3281 = DIRECTION('',(-0.948682596142,0.316229871735,0.));
#3282 = ORIENTED_EDGE('',*,*,#3283,.T.);
#3283 = EDGE_CURVE('',#3276,#3284,#3286,.T.);
#3284 = VERTEX_POINT('',#3285);
#3285 = CARTESIAN_POINT('',(94.868947,11.492581,1.585));
#3286 = LINE('',#3287,#3288);
#3287 = CARTESIAN_POINT('',(95.087125,11.492581,1.585));
#3288 = VECTOR('',#3289,1.);
#3289 = DIRECTION('',(-1.,0.,0.));
#3290 = ORIENTED_EDGE('',*,*,#3291,.T.);
#3291 = EDGE_CURVE('',#3284,#3292,#3294,.T.);
#3292 = VERTEX_POINT('',#3293);
#3293 = CARTESIAN_POINT('',(94.716667,11.340302,1.585));
#3294 = CIRCLE('',#3295,0.215060043145);
#3295 = AXIS2_PLACEMENT_3D('',#3296,#3297,#3298);
#3296 = CARTESIAN_POINT('',(94.924442997193,11.284804638368,1.585));
#3297 = DIRECTION('',(0.,0.,1.));
#3298 = DIRECTION('',(-0.258048851758,0.966131869936,0.));
#3299 = ORIENTED_EDGE('',*,*,#3300,.T.);
#3300 = EDGE_CURVE('',#3292,#3301,#3303,.T.);
#3301 = VERTEX_POINT('',#3302);
#3302 = CARTESIAN_POINT('',(94.716667,11.26867,1.585));
#3303 = LINE('',#3304,#3305);
#3304 = CARTESIAN_POINT('',(94.716667,11.340302,1.585));
#3305 = VECTOR('',#3306,1.);
#3306 = DIRECTION('',(0.,-1.,0.));
#3307 = ORIENTED_EDGE('',*,*,#3308,.T.);
#3308 = EDGE_CURVE('',#3301,#3309,#3311,.T.);
#3309 = VERTEX_POINT('',#3310);
#3310 = CARTESIAN_POINT('',(94.755378,11.191247,1.585));
#3311 = LINE('',#3312,#3313);
#3312 = CARTESIAN_POINT('',(94.716667,11.26867,1.585));
#3313 = VECTOR('',#3314,1.);
#3314 = DIRECTION('',(0.447208974492,-0.894429501489,0.));
#3315 = ORIENTED_EDGE('',*,*,#3316,.T.);
#3316 = EDGE_CURVE('',#3309,#3317,#3319,.T.);
#3317 = VERTEX_POINT('',#3318);
#3318 = CARTESIAN_POINT('',(94.791523,11.155103,1.585));
#3319 = LINE('',#3320,#3321);
#3320 = CARTESIAN_POINT('',(94.755378,11.191247,1.585));
#3321 = VECTOR('',#3322,1.);
#3322 = DIRECTION('',(0.707116562784,-0.707096999454,0.));
#3323 = ORIENTED_EDGE('',*,*,#3324,.T.);
#3324 = EDGE_CURVE('',#3317,#3325,#3327,.T.);
#3325 = VERTEX_POINT('',#3326);
#3326 = CARTESIAN_POINT('',(94.874595,11.113567,1.585));
#3327 = LINE('',#3328,#3329);
#3328 = CARTESIAN_POINT('',(94.791523,11.155103,1.585));
#3329 = VECTOR('',#3330,1.);
#3330 = DIRECTION('',(0.894427191,-0.4472135955,0.));
#3331 = ORIENTED_EDGE('',*,*,#3332,.T.);
#3332 = EDGE_CURVE('',#3325,#3333,#3335,.T.);
#3333 = VERTEX_POINT('',#3334);
#3334 = CARTESIAN_POINT('',(95.06998,11.063493,1.585));
#3335 = LINE('',#3336,#3337);
#3336 = CARTESIAN_POINT('',(94.874595,11.113567,1.585));
#3337 = VECTOR('',#3338,1.);
#3338 = DIRECTION('',(0.968693343403,-0.248260360199,0.));
#3339 = ORIENTED_EDGE('',*,*,#3340,.T.);
#3340 = EDGE_CURVE('',#3333,#3341,#3343,.T.);
#3341 = VERTEX_POINT('',#3342);
#3342 = CARTESIAN_POINT('',(95.178212,11.006508,1.585));
#3343 = LINE('',#3344,#3345);
#3344 = CARTESIAN_POINT('',(95.06998,11.063493,1.585));
#3345 = VECTOR('',#3346,1.);
#3346 = DIRECTION('',(0.884848162196,-0.465879522902,0.));
#3347 = ORIENTED_EDGE('',*,*,#3348,.T.);
#3348 = EDGE_CURVE('',#3341,#3349,#3351,.T.);
#3349 = VERTEX_POINT('',#3350);
#3350 = CARTESIAN_POINT('',(95.235197,10.945895,1.585));
#3351 = LINE('',#3352,#3353);
#3352 = CARTESIAN_POINT('',(95.178212,11.006508,1.585));
#3353 = VECTOR('',#3354,1.);
#3354 = DIRECTION('',(0.68496603593,-0.728574999312,0.));
#3355 = ORIENTED_EDGE('',*,*,#3356,.T.);
#3356 = EDGE_CURVE('',#3349,#3357,#3359,.T.);
#3357 = VERTEX_POINT('',#3358);
#3358 = CARTESIAN_POINT('',(95.285852,10.839569,1.585));
#3359 = LINE('',#3360,#3361);
#3360 = CARTESIAN_POINT('',(95.235197,10.945895,1.585));
#3361 = VECTOR('',#3362,1.);
#3362 = DIRECTION('',(0.430096717347,-0.902782816477,0.));
#3363 = ORIENTED_EDGE('',*,*,#3364,.T.);
#3364 = EDGE_CURVE('',#3357,#3365,#3367,.T.);
#3365 = VERTEX_POINT('',#3366);
#3366 = CARTESIAN_POINT('',(95.285852,10.721786,1.585));
#3367 = LINE('',#3368,#3369);
#3368 = CARTESIAN_POINT('',(95.285852,10.839569,1.585));
#3369 = VECTOR('',#3370,1.);
#3370 = DIRECTION('',(0.,-1.,0.));
#3371 = ORIENTED_EDGE('',*,*,#3372,.T.);
#3372 = EDGE_CURVE('',#3365,#3373,#3375,.T.);
#3373 = VERTEX_POINT('',#3374);
#3374 = CARTESIAN_POINT('',(95.225832,10.602465,1.585));
#3375 = LINE('',#3376,#3377);
#3376 = CARTESIAN_POINT('',(95.285852,10.721786,1.585));
#3377 = VECTOR('',#3378,1.);
#3378 = DIRECTION('',(-0.44936554065,-0.893347978604,0.));
#3379 = ORIENTED_EDGE('',*,*,#3380,.T.);
#3380 = EDGE_CURVE('',#3373,#3381,#3383,.T.);
#3381 = VERTEX_POINT('',#3382);
#3382 = CARTESIAN_POINT('',(95.165217,10.545478,1.585));
#3383 = LINE('',#3384,#3385);
#3384 = CARTESIAN_POINT('',(95.225832,10.602465,1.585));
#3385 = VECTOR('',#3386,1.);
#3386 = DIRECTION('',(-0.728574281239,-0.684966799719,0.));
#3387 = ORIENTED_EDGE('',*,*,#3388,.T.);
#3388 = EDGE_CURVE('',#3381,#3389,#3391,.T.);
#3389 = VERTEX_POINT('',#3390);
#3390 = CARTESIAN_POINT('',(95.058891,10.494824,1.585));
#3391 = LINE('',#3392,#3393);
#3392 = CARTESIAN_POINT('',(95.165217,10.545478,1.585));
#3393 = VECTOR('',#3394,1.);
#3394 = DIRECTION('',(-0.902786113268,-0.430089797241,0.));
#3395 = ORIENTED_EDGE('',*,*,#3396,.T.);
#3396 = EDGE_CURVE('',#3389,#3397,#3399,.T.);
#3397 = VERTEX_POINT('',#3398);
#3398 = CARTESIAN_POINT('',(94.793712,10.495147,1.585));
#3399 = LINE('',#3400,#3401);
#3400 = CARTESIAN_POINT('',(95.058891,10.494824,1.585));
#3401 = VECTOR('',#3402,1.);
#3402 = DIRECTION('',(-0.999999258184,1.218044265923E-03,0.));
#3403 = ORIENTED_EDGE('',*,*,#3404,.T.);
#3404 = EDGE_CURVE('',#3397,#3405,#3407,.T.);
#3405 = VERTEX_POINT('',#3406);
#3406 = CARTESIAN_POINT('',(94.650856,10.542766,1.585));
#3407 = LINE('',#3408,#3409);
#3408 = CARTESIAN_POINT('',(94.793712,10.495147,1.585));
#3409 = VECTOR('',#3410,1.);
#3410 = DIRECTION('',(-0.948682633965,0.316229758266,0.));
#3411 = ORIENTED_EDGE('',*,*,#3412,.T.);
#3412 = EDGE_CURVE('',#3405,#3413,#3415,.T.);
#3413 = VERTEX_POINT('',#3414);
#3414 = CARTESIAN_POINT('',(94.682478,10.637634,1.585));
#3415 = CIRCLE('',#3416,4.999972076924E-02);
#3416 = AXIS2_PLACEMENT_3D('',#3417,#3418,#3419);
#3417 = CARTESIAN_POINT('',(94.666666961647,10.590200012784,1.585));
#3418 = DIRECTION('',(0.,0.,-1.));
#3419 = DIRECTION('',(-0.316220998917,-0.948685553724,-0.));
#3420 = ORIENTED_EDGE('',*,*,#3421,.T.);
#3421 = EDGE_CURVE('',#3413,#3422,#3424,.T.);
#3422 = VERTEX_POINT('',#3423);
#3423 = CARTESIAN_POINT('',(94.817637,10.592581,1.585));
#3424 = LINE('',#3425,#3426);
#3425 = CARTESIAN_POINT('',(94.682478,10.637634,1.585));
#3426 = VECTOR('',#3427,1.);
#3427 = DIRECTION('',(0.948683298051,-0.316227766017,0.));
#3428 = ORIENTED_EDGE('',*,*,#3429,.T.);
#3429 = EDGE_CURVE('',#3422,#3430,#3432,.T.);
#3430 = VERTEX_POINT('',#3431);
#3431 = CARTESIAN_POINT('',(95.035816,10.592581,1.585));
#3432 = LINE('',#3433,#3434);
#3433 = CARTESIAN_POINT('',(94.817637,10.592581,1.585));
#3434 = VECTOR('',#3435,1.);
#3435 = DIRECTION('',(1.,0.,0.));
#3436 = ORIENTED_EDGE('',*,*,#3437,.T.);
#3437 = EDGE_CURVE('',#3430,#3438,#3440,.T.);
#3438 = VERTEX_POINT('',#3439);
#3439 = CARTESIAN_POINT('',(95.188095,10.744862,1.585));
#3440 = CIRCLE('',#3441,0.215068068383);
#3441 = AXIS2_PLACEMENT_3D('',#3442,#3443,#3444);
#3442 = CARTESIAN_POINT('',(94.980311795161,10.800363475881,1.585));
#3443 = DIRECTION('',(0.,0.,1.));
#3444 = DIRECTION('',(0.258077385714,-0.966124248212,0.));
#3445 = ORIENTED_EDGE('',*,*,#3446,.T.);
#3446 = EDGE_CURVE('',#3438,#3447,#3449,.T.);
#3447 = VERTEX_POINT('',#3448);
#3448 = CARTESIAN_POINT('',(95.188095,10.816493,1.585));
#3449 = LINE('',#3450,#3451);
#3450 = CARTESIAN_POINT('',(95.188095,10.744862,1.585));
#3451 = VECTOR('',#3452,1.);
#3452 = DIRECTION('',(0.,1.,0.));
#3453 = ORIENTED_EDGE('',*,*,#3454,.T.);
#3454 = EDGE_CURVE('',#3447,#3455,#3457,.T.);
#3455 = VERTEX_POINT('',#3456);
#3456 = CARTESIAN_POINT('',(95.149383,10.893916,1.585));
#3457 = LINE('',#3458,#3459);
#3458 = CARTESIAN_POINT('',(95.188095,10.816493,1.585));
#3459 = VECTOR('',#3460,1.);
#3460 = DIRECTION('',(-0.447218216472,0.894424880499,0.));
#3461 = ORIENTED_EDGE('',*,*,#3462,.T.);
#3462 = EDGE_CURVE('',#3455,#3463,#3465,.T.);
#3463 = VERTEX_POINT('',#3464);
#3464 = CARTESIAN_POINT('',(95.113239,10.930061,1.585));
#3465 = LINE('',#3466,#3467);
#3466 = CARTESIAN_POINT('',(95.149383,10.893916,1.585));
#3467 = VECTOR('',#3468,1.);
#3468 = DIRECTION('',(-0.707096999454,0.707116562784,0.));
#3469 = ORIENTED_EDGE('',*,*,#3470,.T.);
#3470 = EDGE_CURVE('',#3463,#3471,#3473,.T.);
#3471 = VERTEX_POINT('',#3472);
#3472 = CARTESIAN_POINT('',(95.030168,10.971596,1.585));
#3473 = LINE('',#3474,#3475);
#3474 = CARTESIAN_POINT('',(95.113239,10.930061,1.585));
#3475 = VECTOR('',#3476,1.);
#3476 = DIRECTION('',(-0.894429344399,0.447209288676,0.));
#3477 = ORIENTED_EDGE('',*,*,#3478,.T.);
#3478 = EDGE_CURVE('',#3471,#3479,#3481,.T.);
#3479 = VERTEX_POINT('',#3480);
#3480 = CARTESIAN_POINT('',(94.834782,11.02167,1.585));
#3481 = LINE('',#3482,#3483);
#3482 = CARTESIAN_POINT('',(95.030168,10.971596,1.585));
#3483 = VECTOR('',#3484,1.);
#3484 = DIRECTION('',(-0.96869364897,0.248259167896,0.));
#3485 = ORIENTED_EDGE('',*,*,#3486,.T.);
#3486 = EDGE_CURVE('',#3479,#3487,#3489,.T.);
#3487 = VERTEX_POINT('',#3488);
#3488 = CARTESIAN_POINT('',(94.726549,11.078655,1.585));
#3489 = LINE('',#3490,#3491);
#3490 = CARTESIAN_POINT('',(94.834782,11.02167,1.585));
#3491 = VECTOR('',#3492,1.);
#3492 = DIRECTION('',(-0.884849936612,0.465876152725,0.));
#3493 = ORIENTED_EDGE('',*,*,#3494,.T.);
#3494 = EDGE_CURVE('',#3487,#3495,#3497,.T.);
#3495 = VERTEX_POINT('',#3496);
#3496 = CARTESIAN_POINT('',(94.669564,11.139269,1.585));
#3497 = LINE('',#3498,#3499);
#3498 = CARTESIAN_POINT('',(94.726549,11.078655,1.585));
#3499 = VECTOR('',#3500,1.);
#3500 = DIRECTION('',(-0.684960037333,0.728580638815,0.));
#3501 = ORIENTED_EDGE('',*,*,#3502,.T.);
#3502 = EDGE_CURVE('',#3495,#3503,#3505,.T.);
#3503 = VERTEX_POINT('',#3504);
#3504 = CARTESIAN_POINT('',(94.618909,11.245595,1.585));
#3505 = LINE('',#3506,#3507);
#3506 = CARTESIAN_POINT('',(94.669564,11.139269,1.585));
#3507 = VECTOR('',#3508,1.);
#3508 = DIRECTION('',(-0.430096717347,0.902782816478,0.));
#3509 = ORIENTED_EDGE('',*,*,#3510,.T.);
#3510 = EDGE_CURVE('',#3503,#3511,#3513,.T.);
#3511 = VERTEX_POINT('',#3512);
#3512 = CARTESIAN_POINT('',(94.618909,11.363378,1.585));
#3513 = LINE('',#3514,#3515);
#3514 = CARTESIAN_POINT('',(94.618909,11.245595,1.585));
#3515 = VECTOR('',#3516,1.);
#3516 = DIRECTION('',(0.,1.,0.));
#3517 = ORIENTED_EDGE('',*,*,#3518,.T.);
#3518 = EDGE_CURVE('',#3511,#3519,#3521,.T.);
#3519 = VERTEX_POINT('',#3520);
#3520 = CARTESIAN_POINT('',(94.678931,11.482698,1.585));
#3521 = LINE('',#3522,#3523);
#3522 = CARTESIAN_POINT('',(94.618909,11.363378,1.585));
#3523 = VECTOR('',#3524,1.);
#3524 = DIRECTION('',(0.449380496335,0.893340455545,0.));
#3525 = ORIENTED_EDGE('',*,*,#3526,.T.);
#3526 = EDGE_CURVE('',#3519,#3241,#3527,.T.);
#3527 = LINE('',#3528,#3529);
#3528 = CARTESIAN_POINT('',(94.678931,11.482698,1.585));
#3529 = VECTOR('',#3530,1.);
#3530 = DIRECTION('',(0.728574999312,0.68496603593,0.));
#3531 = PLANE('',#3532);
#3532 = AXIS2_PLACEMENT_3D('',#3533,#3534,#3535);
#3533 = CARTESIAN_POINT('',(0.,0.,1.585));
#3534 = DIRECTION('',(0.,0.,1.));
#3535 = DIRECTION('',(1.,0.,-0.));
#3536 = SHELL_BASED_SURFACE_MODEL('',(#3537));
#3537 = OPEN_SHELL('',(#3538));
#3538 = ADVANCED_FACE('',(#3539),#3666,.T.);
#3539 = FACE_BOUND('',#3540,.F.);
#3540 = EDGE_LOOP('',(#3541,#3552,#3560,#3568,#3576,#3585,#3593,#3601,
    #3610,#3618,#3626,#3635,#3643,#3651,#3660));
#3541 = ORIENTED_EDGE('',*,*,#3542,.T.);
#3542 = EDGE_CURVE('',#3543,#3545,#3547,.T.);
#3543 = VERTEX_POINT('',#3544);
#3544 = CARTESIAN_POINT('',(96.952566,11.606011,1.585));
#3545 = VERTEX_POINT('',#3546);
#3546 = CARTESIAN_POINT('',(97.047434,11.574388,1.585));
#3547 = CIRCLE('',#3548,4.999987888244E-02);
#3548 = AXIS2_PLACEMENT_3D('',#3549,#3550,#3551);
#3549 = CARTESIAN_POINT('',(96.999999970796,11.590199412389,1.585));
#3550 = DIRECTION('',(0.,0.,-1.));
#3551 = DIRECTION('',(-0.948681713962,0.316232518243,0.));
#3552 = ORIENTED_EDGE('',*,*,#3553,.T.);
#3553 = EDGE_CURVE('',#3545,#3554,#3556,.T.);
#3554 = VERTEX_POINT('',#3555);
#3555 = CARTESIAN_POINT('',(96.831276,10.925915,1.585));
#3556 = LINE('',#3557,#3558);
#3557 = CARTESIAN_POINT('',(97.047434,11.574388,1.585));
#3558 = VECTOR('',#3559,1.);
#3559 = DIRECTION('',(-0.316228204902,-0.948683151755,0.));
#3560 = ORIENTED_EDGE('',*,*,#3561,.T.);
#3561 = EDGE_CURVE('',#3554,#3562,#3564,.T.);
#3562 = VERTEX_POINT('',#3563);
#3563 = CARTESIAN_POINT('',(97.188095,10.925915,1.585));
#3564 = LINE('',#3565,#3566);
#3565 = CARTESIAN_POINT('',(96.831276,10.925915,1.585));
#3566 = VECTOR('',#3567,1.);
#3567 = DIRECTION('',(1.,0.,0.));
#3568 = ORIENTED_EDGE('',*,*,#3569,.T.);
#3569 = EDGE_CURVE('',#3562,#3570,#3572,.T.);
#3570 = VERTEX_POINT('',#3571);
#3571 = CARTESIAN_POINT('',(97.188095,11.209248,1.585));
#3572 = LINE('',#3573,#3574);
#3573 = CARTESIAN_POINT('',(97.188095,10.925915,1.585));
#3574 = VECTOR('',#3575,1.);
#3575 = DIRECTION('',(0.,1.,0.));
#3576 = ORIENTED_EDGE('',*,*,#3577,.T.);
#3577 = EDGE_CURVE('',#3570,#3578,#3580,.T.);
#3578 = VERTEX_POINT('',#3579);
#3579 = CARTESIAN_POINT('',(97.288095,11.209248,1.585));
#3580 = CIRCLE('',#3581,5.000000000002E-02);
#3581 = AXIS2_PLACEMENT_3D('',#3582,#3583,#3584);
#3582 = CARTESIAN_POINT('',(97.238095,11.209247952288,1.585));
#3583 = DIRECTION('',(0.,0.,-1.));
#3584 = DIRECTION('',(-1.,9.542362278122E-07,0.));
#3585 = ORIENTED_EDGE('',*,*,#3586,.T.);
#3586 = EDGE_CURVE('',#3578,#3587,#3589,.T.);
#3587 = VERTEX_POINT('',#3588);
#3588 = CARTESIAN_POINT('',(97.288095,10.925915,1.585));
#3589 = LINE('',#3590,#3591);
#3590 = CARTESIAN_POINT('',(97.288095,11.209248,1.585));
#3591 = VECTOR('',#3592,1.);
#3592 = DIRECTION('',(0.,-1.,0.));
#3593 = ORIENTED_EDGE('',*,*,#3594,.T.);
#3594 = EDGE_CURVE('',#3587,#3595,#3597,.T.);
#3595 = VERTEX_POINT('',#3596);
#3596 = CARTESIAN_POINT('',(97.380952,10.925915,1.585));
#3597 = LINE('',#3598,#3599);
#3598 = CARTESIAN_POINT('',(97.288095,10.925915,1.585));
#3599 = VECTOR('',#3600,1.);
#3600 = DIRECTION('',(1.,0.,0.));
#3601 = ORIENTED_EDGE('',*,*,#3602,.T.);
#3602 = EDGE_CURVE('',#3595,#3603,#3605,.T.);
#3603 = VERTEX_POINT('',#3604);
#3604 = CARTESIAN_POINT('',(97.380952,10.825915,1.585));
#3605 = CIRCLE('',#3606,5.000000000003E-02);
#3606 = AXIS2_PLACEMENT_3D('',#3607,#3608,#3609);
#3607 = CARTESIAN_POINT('',(97.380951952288,10.875915,1.585));
#3608 = DIRECTION('',(0.,0.,-1.));
#3609 = DIRECTION('',(9.54236725192E-07,1.,0.));
#3610 = ORIENTED_EDGE('',*,*,#3611,.T.);
#3611 = EDGE_CURVE('',#3603,#3612,#3614,.T.);
#3612 = VERTEX_POINT('',#3613);
#3613 = CARTESIAN_POINT('',(97.288095,10.825915,1.585));
#3614 = LINE('',#3615,#3616);
#3615 = CARTESIAN_POINT('',(97.380952,10.825915,1.585));
#3616 = VECTOR('',#3617,1.);
#3617 = DIRECTION('',(-1.,0.,0.));
#3618 = ORIENTED_EDGE('',*,*,#3619,.T.);
#3619 = EDGE_CURVE('',#3612,#3620,#3622,.T.);
#3620 = VERTEX_POINT('',#3621);
#3621 = CARTESIAN_POINT('',(97.288095,10.542581,1.585));
#3622 = LINE('',#3623,#3624);
#3623 = CARTESIAN_POINT('',(97.288095,10.825915,1.585));
#3624 = VECTOR('',#3625,1.);
#3625 = DIRECTION('',(0.,-1.,0.));
#3626 = ORIENTED_EDGE('',*,*,#3627,.T.);
#3627 = EDGE_CURVE('',#3620,#3628,#3630,.T.);
#3628 = VERTEX_POINT('',#3629);
#3629 = CARTESIAN_POINT('',(97.188095,10.542581,1.585));
#3630 = CIRCLE('',#3631,5.000000000002E-02);
#3631 = AXIS2_PLACEMENT_3D('',#3632,#3633,#3634);
#3632 = CARTESIAN_POINT('',(97.238095,10.542581047712,1.585));
#3633 = DIRECTION('',(-0.,0.,-1.));
#3634 = DIRECTION('',(1.,-9.542364765021E-07,-0.));
#3635 = ORIENTED_EDGE('',*,*,#3636,.T.);
#3636 = EDGE_CURVE('',#3628,#3637,#3639,.T.);
#3637 = VERTEX_POINT('',#3638);
#3638 = CARTESIAN_POINT('',(97.188095,10.825915,1.585));
#3639 = LINE('',#3640,#3641);
#3640 = CARTESIAN_POINT('',(97.188095,10.542581,1.585));
#3641 = VECTOR('',#3642,1.);
#3642 = DIRECTION('',(0.,1.,0.));
#3643 = ORIENTED_EDGE('',*,*,#3644,.T.);
#3644 = EDGE_CURVE('',#3637,#3645,#3647,.T.);
#3645 = VERTEX_POINT('',#3646);
#3646 = CARTESIAN_POINT('',(96.761905,10.825915,1.585));
#3647 = LINE('',#3648,#3649);
#3648 = CARTESIAN_POINT('',(97.188095,10.825915,1.585));
#3649 = VECTOR('',#3650,1.);
#3650 = DIRECTION('',(-1.,0.,0.));
#3651 = ORIENTED_EDGE('',*,*,#3652,.T.);
#3652 = EDGE_CURVE('',#3645,#3653,#3655,.T.);
#3653 = VERTEX_POINT('',#3654);
#3654 = CARTESIAN_POINT('',(96.714471,10.891726,1.585));
#3655 = CIRCLE('',#3656,4.999945201286E-02);
#3656 = AXIS2_PLACEMENT_3D('',#3657,#3658,#3659);
#3657 = CARTESIAN_POINT('',(96.761904534043,10.875914452011,1.585));
#3658 = DIRECTION('',(0.,0.,-1.));
#3659 = DIRECTION('',(9.319250682774E-06,-0.999999999957,0.));
#3660 = ORIENTED_EDGE('',*,*,#3661,.T.);
#3661 = EDGE_CURVE('',#3653,#3543,#3662,.T.);
#3662 = LINE('',#3663,#3664);
#3663 = CARTESIAN_POINT('',(96.714471,10.891726,1.585));
#3664 = VECTOR('',#3665,1.);
#3665 = DIRECTION('',(0.316227766017,0.948683298051,0.));
#3666 = PLANE('',#3667);
#3667 = AXIS2_PLACEMENT_3D('',#3668,#3669,#3670);
#3668 = CARTESIAN_POINT('',(0.,0.,1.585));
#3669 = DIRECTION('',(0.,0.,1.));
#3670 = DIRECTION('',(1.,0.,-0.));
#3671 = SHELL_BASED_SURFACE_MODEL('',(#3672));
#3672 = OPEN_SHELL('',(#3673));
#3673 = ADVANCED_FACE('',(#3674,#3744),#3778,.T.);
#3674 = FACE_BOUND('',#3675,.F.);
#3675 = EDGE_LOOP('',(#3676,#3687,#3695,#3704,#3712,#3721,#3729,#3738));
#3676 = ORIENTED_EDGE('',*,*,#3677,.T.);
#3677 = EDGE_CURVE('',#3678,#3680,#3682,.T.);
#3678 = VERTEX_POINT('',#3679);
#3679 = CARTESIAN_POINT('',(92.95,14.,1.585));
#3680 = VERTEX_POINT('',#3681);
#3681 = CARTESIAN_POINT('',(93.,14.05,1.585));
#3682 = CIRCLE('',#3683,5.000014378934E-02);
#3683 = AXIS2_PLACEMENT_3D('',#3684,#3685,#3686);
#3684 = CARTESIAN_POINT('',(93.000000143789,13.999999856211,1.585));
#3685 = DIRECTION('',(0.,0.,-1.));
#3686 = DIRECTION('',(-0.999999999996,2.875774399662E-06,0.));
#3687 = ORIENTED_EDGE('',*,*,#3688,.T.);
#3688 = EDGE_CURVE('',#3680,#3689,#3691,.T.);
#3689 = VERTEX_POINT('',#3690);
#3690 = CARTESIAN_POINT('',(99.,14.05,1.585));
#3691 = LINE('',#3692,#3693);
#3692 = CARTESIAN_POINT('',(93.,14.05,1.585));
#3693 = VECTOR('',#3694,1.);
#3694 = DIRECTION('',(1.,0.,0.));
#3695 = ORIENTED_EDGE('',*,*,#3696,.T.);
#3696 = EDGE_CURVE('',#3689,#3697,#3699,.T.);
#3697 = VERTEX_POINT('',#3698);
#3698 = CARTESIAN_POINT('',(99.05,14.,1.585));
#3699 = CIRCLE('',#3700,5.000014378935E-02);
#3700 = AXIS2_PLACEMENT_3D('',#3701,#3702,#3703);
#3701 = CARTESIAN_POINT('',(98.999999856211,13.999999856211,1.585));
#3702 = DIRECTION('',(0.,0.,-1.));
#3703 = DIRECTION('',(2.875774754931E-06,0.999999999996,0.));
#3704 = ORIENTED_EDGE('',*,*,#3705,.T.);
#3705 = EDGE_CURVE('',#3697,#3706,#3708,.T.);
#3706 = VERTEX_POINT('',#3707);
#3707 = CARTESIAN_POINT('',(99.05,8.,1.585));
#3708 = LINE('',#3709,#3710);
#3709 = CARTESIAN_POINT('',(99.05,14.,1.585));
#3710 = VECTOR('',#3711,1.);
#3711 = DIRECTION('',(0.,-1.,0.));
#3712 = ORIENTED_EDGE('',*,*,#3713,.T.);
#3713 = EDGE_CURVE('',#3706,#3714,#3716,.T.);
#3714 = VERTEX_POINT('',#3715);
#3715 = CARTESIAN_POINT('',(99.,7.95,1.585));
#3716 = CIRCLE('',#3717,5.000014378933E-02);
#3717 = AXIS2_PLACEMENT_3D('',#3718,#3719,#3720);
#3718 = CARTESIAN_POINT('',(98.999999856211,8.000000143789,1.585));
#3719 = DIRECTION('',(0.,0.,-1.));
#3720 = DIRECTION('',(0.999999999996,-2.875774399662E-06,0.));
#3721 = ORIENTED_EDGE('',*,*,#3722,.T.);
#3722 = EDGE_CURVE('',#3714,#3723,#3725,.T.);
#3723 = VERTEX_POINT('',#3724);
#3724 = CARTESIAN_POINT('',(93.,7.95,1.585));
#3725 = LINE('',#3726,#3727);
#3726 = CARTESIAN_POINT('',(99.,7.95,1.585));
#3727 = VECTOR('',#3728,1.);
#3728 = DIRECTION('',(-1.,0.,0.));
#3729 = ORIENTED_EDGE('',*,*,#3730,.T.);
#3730 = EDGE_CURVE('',#3723,#3731,#3733,.T.);
#3731 = VERTEX_POINT('',#3732);
#3732 = CARTESIAN_POINT('',(92.95,8.,1.585));
#3733 = CIRCLE('',#3734,5.000014378934E-02);
#3734 = AXIS2_PLACEMENT_3D('',#3735,#3736,#3737);
#3735 = CARTESIAN_POINT('',(93.000000143789,8.000000143789,1.585));
#3736 = DIRECTION('',(0.,0.,-1.));
#3737 = DIRECTION('',(-2.875774470715E-06,-0.999999999996,-0.));
#3738 = ORIENTED_EDGE('',*,*,#3739,.T.);
#3739 = EDGE_CURVE('',#3731,#3678,#3740,.T.);
#3740 = LINE('',#3741,#3742);
#3741 = CARTESIAN_POINT('',(92.95,8.,1.585));
#3742 = VECTOR('',#3743,1.);
#3743 = DIRECTION('',(0.,1.,0.));
#3744 = FACE_BOUND('',#3745,.F.);
#3745 = EDGE_LOOP('',(#3746,#3756,#3764,#3772));
#3746 = ORIENTED_EDGE('',*,*,#3747,.T.);
#3747 = EDGE_CURVE('',#3748,#3750,#3752,.T.);
#3748 = VERTEX_POINT('',#3749);
#3749 = CARTESIAN_POINT('',(98.95,8.05,1.585));
#3750 = VERTEX_POINT('',#3751);
#3751 = CARTESIAN_POINT('',(98.95,13.95,1.585));
#3752 = LINE('',#3753,#3754);
#3753 = CARTESIAN_POINT('',(98.95,8.05,1.585));
#3754 = VECTOR('',#3755,1.);
#3755 = DIRECTION('',(0.,1.,0.));
#3756 = ORIENTED_EDGE('',*,*,#3757,.T.);
#3757 = EDGE_CURVE('',#3750,#3758,#3760,.T.);
#3758 = VERTEX_POINT('',#3759);
#3759 = CARTESIAN_POINT('',(93.05,13.95,1.585));
#3760 = LINE('',#3761,#3762);
#3761 = CARTESIAN_POINT('',(98.95,13.95,1.585));
#3762 = VECTOR('',#3763,1.);
#3763 = DIRECTION('',(-1.,0.,0.));
#3764 = ORIENTED_EDGE('',*,*,#3765,.T.);
#3765 = EDGE_CURVE('',#3758,#3766,#3768,.T.);
#3766 = VERTEX_POINT('',#3767);
#3767 = CARTESIAN_POINT('',(93.05,8.05,1.585));
#3768 = LINE('',#3769,#3770);
#3769 = CARTESIAN_POINT('',(93.05,13.95,1.585));
#3770 = VECTOR('',#3771,1.);
#3771 = DIRECTION('',(0.,-1.,0.));
#3772 = ORIENTED_EDGE('',*,*,#3773,.T.);
#3773 = EDGE_CURVE('',#3766,#3748,#3774,.T.);
#3774 = LINE('',#3775,#3776);
#3775 = CARTESIAN_POINT('',(93.05,8.05,1.585));
#3776 = VECTOR('',#3777,1.);
#3777 = DIRECTION('',(1.,0.,0.));
#3778 = PLANE('',#3779);
#3779 = AXIS2_PLACEMENT_3D('',#3780,#3781,#3782);
#3780 = CARTESIAN_POINT('',(0.,0.,1.585));
#3781 = DIRECTION('',(0.,0.,1.));
#3782 = DIRECTION('',(1.,0.,-0.));
#3783 = SHELL_BASED_SURFACE_MODEL('',(#3784));
#3784 = OPEN_SHELL('',(#3785));
#3785 = ADVANCED_FACE('',(#3786,#3856),#3890,.T.);
#3786 = FACE_BOUND('',#3787,.F.);
#3787 = EDGE_LOOP('',(#3788,#3799,#3807,#3816,#3824,#3833,#3841,#3850));
#3788 = ORIENTED_EDGE('',*,*,#3789,.T.);
#3789 = EDGE_CURVE('',#3790,#3792,#3794,.T.);
#3790 = VERTEX_POINT('',#3791);
#3791 = CARTESIAN_POINT('',(24.2565,107.275,1.585));
#3792 = VERTEX_POINT('',#3793);
#3793 = CARTESIAN_POINT('',(24.32,107.3385,1.585));
#3794 = CIRCLE('',#3795,6.350155257215E-02);
#3795 = AXIS2_PLACEMENT_3D('',#3796,#3797,#3798);
#3796 = CARTESIAN_POINT('',(24.320001552553,107.27499844744,1.585));
#3797 = DIRECTION('',(0.,0.,-1.));
#3798 = DIRECTION('',(-0.999999999701,2.444905870125E-05,0.));
#3799 = ORIENTED_EDGE('',*,*,#3800,.T.);
#3800 = EDGE_CURVE('',#3792,#3801,#3803,.T.);
#3801 = VERTEX_POINT('',#3802);
#3802 = CARTESIAN_POINT('',(47.18,107.3385,1.585));
#3803 = LINE('',#3804,#3805);
#3804 = CARTESIAN_POINT('',(24.32,107.3385,1.585));
#3805 = VECTOR('',#3806,1.);
#3806 = DIRECTION('',(1.,0.,0.));
#3807 = ORIENTED_EDGE('',*,*,#3808,.T.);
#3808 = EDGE_CURVE('',#3801,#3809,#3811,.T.);
#3809 = VERTEX_POINT('',#3810);
#3810 = CARTESIAN_POINT('',(47.2435,107.275,1.585));
#3811 = CIRCLE('',#3812,6.350155257216E-02);
#3812 = AXIS2_PLACEMENT_3D('',#3813,#3814,#3815);
#3813 = CARTESIAN_POINT('',(47.179998447447,107.27499844744,1.585));
#3814 = DIRECTION('',(0.,0.,-1.));
#3815 = DIRECTION('',(2.444905858935E-05,0.999999999701,0.));
#3816 = ORIENTED_EDGE('',*,*,#3817,.T.);
#3817 = EDGE_CURVE('',#3809,#3818,#3820,.T.);
#3818 = VERTEX_POINT('',#3819);
#3819 = CARTESIAN_POINT('',(47.2435,56.475,1.585));
#3820 = LINE('',#3821,#3822);
#3821 = CARTESIAN_POINT('',(47.2435,107.275,1.585));
#3822 = VECTOR('',#3823,1.);
#3823 = DIRECTION('',(0.,-1.,0.));
#3824 = ORIENTED_EDGE('',*,*,#3825,.T.);
#3825 = EDGE_CURVE('',#3818,#3826,#3828,.T.);
#3826 = VERTEX_POINT('',#3827);
#3827 = CARTESIAN_POINT('',(47.18,56.4115,1.585));
#3828 = CIRCLE('',#3829,6.350155257214E-02);
#3829 = AXIS2_PLACEMENT_3D('',#3830,#3831,#3832);
#3830 = CARTESIAN_POINT('',(47.179998447447,56.475001552553,1.585));
#3831 = DIRECTION('',(0.,0.,-1.));
#3832 = DIRECTION('',(0.999999999701,-2.444905825368E-05,0.));
#3833 = ORIENTED_EDGE('',*,*,#3834,.T.);
#3834 = EDGE_CURVE('',#3826,#3835,#3837,.T.);
#3835 = VERTEX_POINT('',#3836);
#3836 = CARTESIAN_POINT('',(24.32,56.4115,1.585));
#3837 = LINE('',#3838,#3839);
#3838 = CARTESIAN_POINT('',(47.18,56.4115,1.585));
#3839 = VECTOR('',#3840,1.);
#3840 = DIRECTION('',(-1.,0.,0.));
#3841 = ORIENTED_EDGE('',*,*,#3842,.T.);
#3842 = EDGE_CURVE('',#3835,#3843,#3845,.T.);
#3843 = VERTEX_POINT('',#3844);
#3844 = CARTESIAN_POINT('',(24.2565,56.475,1.585));
#3845 = CIRCLE('',#3846,6.350155257216E-02);
#3846 = AXIS2_PLACEMENT_3D('',#3847,#3848,#3849);
#3847 = CARTESIAN_POINT('',(24.320001552553,56.475001552553,1.585));
#3848 = DIRECTION('',(0.,0.,-1.));
#3849 = DIRECTION('',(-2.444905858935E-05,-0.999999999701,-0.));
#3850 = ORIENTED_EDGE('',*,*,#3851,.T.);
#3851 = EDGE_CURVE('',#3843,#3790,#3852,.T.);
#3852 = LINE('',#3853,#3854);
#3853 = CARTESIAN_POINT('',(24.2565,56.475,1.585));
#3854 = VECTOR('',#3855,1.);
#3855 = DIRECTION('',(0.,1.,0.));
#3856 = FACE_BOUND('',#3857,.F.);
#3857 = EDGE_LOOP('',(#3858,#3868,#3876,#3884));
#3858 = ORIENTED_EDGE('',*,*,#3859,.T.);
#3859 = EDGE_CURVE('',#3860,#3862,#3864,.T.);
#3860 = VERTEX_POINT('',#3861);
#3861 = CARTESIAN_POINT('',(47.1165,56.5385,1.585));
#3862 = VERTEX_POINT('',#3863);
#3863 = CARTESIAN_POINT('',(47.1165,107.2115,1.585));
#3864 = LINE('',#3865,#3866);
#3865 = CARTESIAN_POINT('',(47.1165,56.5385,1.585));
#3866 = VECTOR('',#3867,1.);
#3867 = DIRECTION('',(0.,1.,0.));
#3868 = ORIENTED_EDGE('',*,*,#3869,.T.);
#3869 = EDGE_CURVE('',#3862,#3870,#3872,.T.);
#3870 = VERTEX_POINT('',#3871);
#3871 = CARTESIAN_POINT('',(24.3835,107.2115,1.585));
#3872 = LINE('',#3873,#3874);
#3873 = CARTESIAN_POINT('',(47.1165,107.2115,1.585));
#3874 = VECTOR('',#3875,1.);
#3875 = DIRECTION('',(-1.,0.,0.));
#3876 = ORIENTED_EDGE('',*,*,#3877,.T.);
#3877 = EDGE_CURVE('',#3870,#3878,#3880,.T.);
#3878 = VERTEX_POINT('',#3879);
#3879 = CARTESIAN_POINT('',(24.3835,56.5385,1.585));
#3880 = LINE('',#3881,#3882);
#3881 = CARTESIAN_POINT('',(24.3835,107.2115,1.585));
#3882 = VECTOR('',#3883,1.);
#3883 = DIRECTION('',(0.,-1.,0.));
#3884 = ORIENTED_EDGE('',*,*,#3885,.T.);
#3885 = EDGE_CURVE('',#3878,#3860,#3886,.T.);
#3886 = LINE('',#3887,#3888);
#3887 = CARTESIAN_POINT('',(24.3835,56.5385,1.585));
#3888 = VECTOR('',#3889,1.);
#3889 = DIRECTION('',(1.,0.,0.));
#3890 = PLANE('',#3891);
#3891 = AXIS2_PLACEMENT_3D('',#3892,#3893,#3894);
#3892 = CARTESIAN_POINT('',(0.,0.,1.585));
#3893 = DIRECTION('',(0.,0.,1.));
#3894 = DIRECTION('',(1.,0.,-0.));
#3895 = SHELL_BASED_SURFACE_MODEL('',(#3896));
#3896 = OPEN_SHELL('',(#3897));
#3897 = ADVANCED_FACE('',(#3898),#4002,.T.);
#3898 = FACE_BOUND('',#3899,.F.);
#3899 = EDGE_LOOP('',(#3900,#3911,#3919,#3928,#3936,#3945,#3953,#3962,
    #3970,#3979,#3987,#3996));
#3900 = ORIENTED_EDGE('',*,*,#3901,.T.);
#3901 = EDGE_CURVE('',#3902,#3904,#3906,.T.);
#3902 = VERTEX_POINT('',#3903);
#3903 = CARTESIAN_POINT('',(22.485187,59.385965,1.585));
#3904 = VERTEX_POINT('',#3905);
#3905 = CARTESIAN_POINT('',(22.499819,59.534524,1.585));
#3906 = CIRCLE('',#3907,7.500006711464E-02);
#3907 = AXIS2_PLACEMENT_3D('',#3908,#3909,#3910);
#3908 = CARTESIAN_POINT('',(22.499818932885,59.459523932885,1.585));
#3909 = DIRECTION('',(0.,0.,-1.));
#3910 = DIRECTION('',(-0.195092263891,-0.980784894138,-0.));
#3911 = ORIENTED_EDGE('',*,*,#3912,.T.);
#3912 = EDGE_CURVE('',#3904,#3913,#3915,.T.);
#3913 = VERTEX_POINT('',#3914);
#3914 = CARTESIAN_POINT('',(23.323974,59.533083,1.585));
#3915 = LINE('',#3916,#3917);
#3916 = CARTESIAN_POINT('',(22.499819,59.534524,1.585));
#3917 = VECTOR('',#3918,1.);
#3918 = DIRECTION('',(0.999998471452,-1.748454838424E-03,0.));
#3919 = ORIENTED_EDGE('',*,*,#3920,.T.);
#3920 = EDGE_CURVE('',#3913,#3921,#3923,.T.);
#3921 = VERTEX_POINT('',#3922);
#3922 = CARTESIAN_POINT('',(23.573378,59.28368,1.585));
#3923 = CIRCLE('',#3924,0.347873191155);
#3924 = AXIS2_PLACEMENT_3D('',#3925,#3926,#3927);
#3925 = CARTESIAN_POINT('',(23.236644936593,59.196349586439,1.585));
#3926 = DIRECTION('',(0.,0.,-1.));
#3927 = DIRECTION('',(0.251037060709,0.967977476055,0.));
#3928 = ORIENTED_EDGE('',*,*,#3929,.T.);
#3929 = EDGE_CURVE('',#3921,#3930,#3932,.T.);
#3930 = VERTEX_POINT('',#3931);
#3931 = CARTESIAN_POINT('',(23.572156,59.058762,1.585));
#3932 = LINE('',#3933,#3934);
#3933 = CARTESIAN_POINT('',(23.573378,59.28368,1.585));
#3934 = VECTOR('',#3935,1.);
#3935 = DIRECTION('',(-5.433010984493E-03,-0.999985241087,0.));
#3936 = ORIENTED_EDGE('',*,*,#3937,.T.);
#3937 = EDGE_CURVE('',#3930,#3938,#3940,.T.);
#3938 = VERTEX_POINT('',#3939);
#3939 = CARTESIAN_POINT('',(23.323974,58.814537,1.585));
#3940 = CIRCLE('',#3941,0.348632713765);
#3941 = AXIS2_PLACEMENT_3D('',#3942,#3943,#3944);
#3942 = CARTESIAN_POINT('',(23.236205973942,59.151941123728,1.585));
#3943 = DIRECTION('',(0.,0.,-1.));
#3944 = DIRECTION('',(0.963621636162,-0.267270167283,0.));
#3945 = ORIENTED_EDGE('',*,*,#3946,.T.);
#3946 = EDGE_CURVE('',#3938,#3947,#3949,.T.);
#3947 = VERTEX_POINT('',#3948);
#3948 = CARTESIAN_POINT('',(22.485187,58.814537,1.585));
#3949 = LINE('',#3950,#3951);
#3950 = CARTESIAN_POINT('',(23.323974,58.814537,1.585));
#3951 = VECTOR('',#3952,1.);
#3952 = DIRECTION('',(-1.,0.,0.));
#3953 = ORIENTED_EDGE('',*,*,#3954,.T.);
#3954 = EDGE_CURVE('',#3947,#3955,#3957,.T.);
#3955 = VERTEX_POINT('',#3956);
#3956 = CARTESIAN_POINT('',(22.499819,58.963096,1.585));
#3957 = CIRCLE('',#3958,7.500006711464E-02);
#3958 = AXIS2_PLACEMENT_3D('',#3959,#3960,#3961);
#3959 = CARTESIAN_POINT('',(22.499818932885,58.888095932885,1.585));
#3960 = DIRECTION('',(0.,0.,-1.));
#3961 = DIRECTION('',(-0.195092263891,-0.980784894138,-0.));
#3962 = ORIENTED_EDGE('',*,*,#3963,.T.);
#3963 = EDGE_CURVE('',#3955,#3964,#3966,.T.);
#3964 = VERTEX_POINT('',#3965);
#3965 = CARTESIAN_POINT('',(23.291637,58.963096,1.585));
#3966 = LINE('',#3967,#3968);
#3967 = CARTESIAN_POINT('',(22.499819,58.963096,1.585));
#3968 = VECTOR('',#3969,1.);
#3969 = DIRECTION('',(1.,0.,0.));
#3970 = ORIENTED_EDGE('',*,*,#3971,.T.);
#3971 = EDGE_CURVE('',#3964,#3972,#3974,.T.);
#3972 = VERTEX_POINT('',#3973);
#3973 = CARTESIAN_POINT('',(23.424819,59.096277,1.585));
#3974 = CIRCLE('',#3975,0.186872595955);
#3975 = AXIS2_PLACEMENT_3D('',#3976,#3977,#3978);
#3976 = CARTESIAN_POINT('',(23.24409536766,59.143819989314,1.585));
#3977 = DIRECTION('',(0.,0.,1.));
#3978 = DIRECTION('',(0.254406656561,-0.967097333828,0.));
#3979 = ORIENTED_EDGE('',*,*,#3980,.T.);
#3980 = EDGE_CURVE('',#3972,#3981,#3983,.T.);
#3981 = VERTEX_POINT('',#3982);
#3982 = CARTESIAN_POINT('',(23.424819,59.251343,1.585));
#3983 = LINE('',#3984,#3985);
#3984 = CARTESIAN_POINT('',(23.424819,59.096277,1.585));
#3985 = VECTOR('',#3986,1.);
#3986 = DIRECTION('',(0.,1.,0.));
#3987 = ORIENTED_EDGE('',*,*,#3988,.T.);
#3988 = EDGE_CURVE('',#3981,#3989,#3991,.T.);
#3989 = VERTEX_POINT('',#3990);
#3990 = CARTESIAN_POINT('',(23.291637,59.384524,1.585));
#3991 = CIRCLE('',#3992,0.18686362259);
#3992 = AXIS2_PLACEMENT_3D('',#3993,#3994,#3995);
#3993 = CARTESIAN_POINT('',(23.244102713837,59.203807356919,1.585));
#3994 = DIRECTION('',(0.,0.,1.));
#3995 = DIRECTION('',(0.967102551356,0.25438682191,-0.));
#3996 = ORIENTED_EDGE('',*,*,#3997,.T.);
#3997 = EDGE_CURVE('',#3989,#3902,#3998,.T.);
#3998 = LINE('',#3999,#4000);
#3999 = CARTESIAN_POINT('',(23.291637,59.384524,1.585));
#4000 = VECTOR('',#4001,1.);
#4001 = DIRECTION('',(-0.999998403599,1.786840721168E-03,0.));
#4002 = PLANE('',#4003);
#4003 = AXIS2_PLACEMENT_3D('',#4004,#4005,#4006);
#4004 = CARTESIAN_POINT('',(0.,0.,1.585));
#4005 = DIRECTION('',(0.,0.,1.));
#4006 = DIRECTION('',(1.,0.,-0.));
#4007 = SHELL_BASED_SURFACE_MODEL('',(#4008));
#4008 = OPEN_SHELL('',(#4009));
#4009 = ADVANCED_FACE('',(#4010),#4079,.T.);
#4010 = FACE_BOUND('',#4011,.F.);
#4011 = EDGE_LOOP('',(#4012,#4023,#4031,#4040,#4048,#4057,#4065,#4073));
#4012 = ORIENTED_EDGE('',*,*,#4013,.T.);
#4013 = EDGE_CURVE('',#4014,#4016,#4018,.T.);
#4014 = VERTEX_POINT('',#4015);
#4015 = CARTESIAN_POINT('',(85.804567,62.087961,1.585));
#4016 = VERTEX_POINT('',#4017);
#4017 = CARTESIAN_POINT('',(85.92,62.065,1.585));
#4018 = CIRCLE('',#4019,6.000007318647E-02);
#4019 = AXIS2_PLACEMENT_3D('',#4020,#4021,#4022);
#4020 = CARTESIAN_POINT('',(85.859999926814,62.065000176686,1.585));
#4021 = DIRECTION('',(0.,0.,-1.));
#4022 = DIRECTION('',(-0.923880986637,0.382679921777,0.));
#4023 = ORIENTED_EDGE('',*,*,#4024,.T.);
#4024 = EDGE_CURVE('',#4016,#4025,#4027,.T.);
#4025 = VERTEX_POINT('',#4026);
#4026 = CARTESIAN_POINT('',(85.92,59.565,1.585));
#4027 = LINE('',#4028,#4029);
#4028 = CARTESIAN_POINT('',(85.92,62.065,1.585));
#4029 = VECTOR('',#4030,1.);
#4030 = DIRECTION('',(0.,-1.,0.));
#4031 = ORIENTED_EDGE('',*,*,#4032,.T.);
#4032 = EDGE_CURVE('',#4025,#4033,#4035,.T.);
#4033 = VERTEX_POINT('',#4034);
#4034 = CARTESIAN_POINT('',(85.86,59.505,1.585));
#4035 = CIRCLE('',#4036,5.999932016262E-02);
#4036 = AXIS2_PLACEMENT_3D('',#4037,#4038,#4039);
#4037 = CARTESIAN_POINT('',(85.860000679841,59.564999320159,1.585));
#4038 = DIRECTION('',(0.,0.,-1.));
#4039 = DIRECTION('',(0.999999999936,1.133081541087E-05,0.));
#4040 = ORIENTED_EDGE('',*,*,#4041,.T.);
#4041 = EDGE_CURVE('',#4033,#4042,#4044,.T.);
#4042 = VERTEX_POINT('',#4043);
#4043 = CARTESIAN_POINT('',(83.36,59.505,1.585));
#4044 = LINE('',#4045,#4046);
#4045 = CARTESIAN_POINT('',(85.86,59.505,1.585));
#4046 = VECTOR('',#4047,1.);
#4047 = DIRECTION('',(-1.,0.,0.));
#4048 = ORIENTED_EDGE('',*,*,#4049,.T.);
#4049 = EDGE_CURVE('',#4042,#4050,#4052,.T.);
#4050 = VERTEX_POINT('',#4051);
#4051 = CARTESIAN_POINT('',(83.36,59.625,1.585));
#4052 = CIRCLE('',#4053,6.000000000042E-02);
#4053 = AXIS2_PLACEMENT_3D('',#4054,#4055,#4056);
#4054 = CARTESIAN_POINT('',(83.359999774412,59.565,1.585));
#4055 = DIRECTION('',(0.,0.,-1.));
#4056 = DIRECTION('',(3.759794016836E-06,-0.999999999993,0.));
#4057 = ORIENTED_EDGE('',*,*,#4058,.T.);
#4058 = EDGE_CURVE('',#4050,#4059,#4061,.T.);
#4059 = VERTEX_POINT('',#4060);
#4060 = CARTESIAN_POINT('',(85.8,59.625,1.585));
#4061 = LINE('',#4062,#4063);
#4062 = CARTESIAN_POINT('',(83.36,59.625,1.585));
#4063 = VECTOR('',#4064,1.);
#4064 = DIRECTION('',(1.,0.,0.));
#4065 = ORIENTED_EDGE('',*,*,#4066,.T.);
#4066 = EDGE_CURVE('',#4059,#4067,#4069,.T.);
#4067 = VERTEX_POINT('',#4068);
#4068 = CARTESIAN_POINT('',(85.8,62.065,1.585));
#4069 = LINE('',#4070,#4071);
#4070 = CARTESIAN_POINT('',(85.8,59.625,1.585));
#4071 = VECTOR('',#4072,1.);
#4072 = DIRECTION('',(0.,1.,0.));
#4073 = ORIENTED_EDGE('',*,*,#4074,.T.);
#4074 = EDGE_CURVE('',#4067,#4014,#4075,.T.);
#4075 = LINE('',#4076,#4077);
#4076 = CARTESIAN_POINT('',(85.8,62.065,1.585));
#4077 = VECTOR('',#4078,1.);
#4078 = DIRECTION('',(0.195081000118,0.980787134598,0.));
#4079 = PLANE('',#4080);
#4080 = AXIS2_PLACEMENT_3D('',#4081,#4082,#4083);
#4081 = CARTESIAN_POINT('',(0.,0.,1.585));
#4082 = DIRECTION('',(0.,0.,1.));
#4083 = DIRECTION('',(1.,0.,-0.));
#4084 = SHELL_BASED_SURFACE_MODEL('',(#4085));
#4085 = OPEN_SHELL('',(#4086));
#4086 = ADVANCED_FACE('',(#4087),#4281,.T.);
#4087 = FACE_BOUND('',#4088,.F.);
#4088 = EDGE_LOOP('',(#4089,#4100,#4108,#4117,#4125,#4134,#4142,#4150,
    #4158,#4167,#4175,#4184,#4192,#4201,#4209,#4217,#4225,#4234,#4242,
    #4250,#4259,#4267,#4275));
#4089 = ORIENTED_EDGE('',*,*,#4090,.T.);
#4090 = EDGE_CURVE('',#4091,#4093,#4095,.T.);
#4091 = VERTEX_POINT('',#4092);
#4092 = CARTESIAN_POINT('',(22.458151,60.521884,1.585));
#4093 = VERTEX_POINT('',#4094);
#4094 = CARTESIAN_POINT('',(22.549207,60.515967,1.585));
#4095 = CIRCLE('',#4096,7.499904172405E-02);
#4096 = AXIS2_PLACEMENT_3D('',#4097,#4098,#4099);
#4097 = CARTESIAN_POINT('',(22.499819044959,60.459525117002,1.585));
#4098 = DIRECTION('',(0.,0.,-1.));
#4099 = DIRECTION('',(-0.555581031454,0.831462396918,0.));
#4100 = ORIENTED_EDGE('',*,*,#4101,.T.);
#4101 = EDGE_CURVE('',#4093,#4102,#4104,.T.);
#4102 = VERTEX_POINT('',#4103);
#4103 = CARTESIAN_POINT('',(22.808516,60.289072,1.585));
#4104 = LINE('',#4105,#4106);
#4105 = CARTESIAN_POINT('',(22.549207,60.515967,1.585));
#4106 = VECTOR('',#4107,1.);
#4107 = DIRECTION('',(0.752577234061,-0.658503991463,0.));
#4108 = ORIENTED_EDGE('',*,*,#4109,.T.);
#4109 = EDGE_CURVE('',#4102,#4110,#4112,.T.);
#4110 = VERTEX_POINT('',#4111);
#4111 = CARTESIAN_POINT('',(23.056615,60.533083,1.585));
#4112 = CIRCLE('',#4113,0.348517853144);
#4113 = AXIS2_PLACEMENT_3D('',#4114,#4115,#4116);
#4114 = CARTESIAN_POINT('',(23.144315486868,60.195779992953,1.585));
#4115 = DIRECTION('',(0.,0.,-1.));
#4116 = DIRECTION('',(-0.963507274705,0.267682146568,0.));
#4117 = ORIENTED_EDGE('',*,*,#4118,.T.);
#4118 = EDGE_CURVE('',#4110,#4119,#4121,.T.);
#4119 = VERTEX_POINT('',#4120);
#4120 = CARTESIAN_POINT('',(23.323974,60.533083,1.585));
#4121 = LINE('',#4122,#4123);
#4122 = CARTESIAN_POINT('',(23.056615,60.533083,1.585));
#4123 = VECTOR('',#4124,1.);
#4124 = DIRECTION('',(1.,0.,0.));
#4125 = ORIENTED_EDGE('',*,*,#4126,.T.);
#4126 = EDGE_CURVE('',#4119,#4127,#4129,.T.);
#4127 = VERTEX_POINT('',#4128);
#4128 = CARTESIAN_POINT('',(23.573378,60.28368,1.585));
#4129 = CIRCLE('',#4130,0.347873191155);
#4130 = AXIS2_PLACEMENT_3D('',#4131,#4132,#4133);
#4131 = CARTESIAN_POINT('',(23.236644936593,60.196349586439,1.585));
#4132 = DIRECTION('',(0.,0.,-1.));
#4133 = DIRECTION('',(0.251037060709,0.967977476055,0.));
#4134 = ORIENTED_EDGE('',*,*,#4135,.T.);
#4135 = EDGE_CURVE('',#4127,#4136,#4138,.T.);
#4136 = VERTEX_POINT('',#4137);
#4137 = CARTESIAN_POINT('',(23.572156,59.963524,1.585));
#4138 = LINE('',#4139,#4140);
#4139 = CARTESIAN_POINT('',(23.573378,60.28368,1.585));
#4140 = VECTOR('',#4141,1.);
#4141 = DIRECTION('',(-3.816861463343E-03,-0.999992715758,0.));
#4142 = ORIENTED_EDGE('',*,*,#4143,.T.);
#4143 = EDGE_CURVE('',#4136,#4144,#4146,.T.);
#4144 = VERTEX_POINT('',#4145);
#4145 = CARTESIAN_POINT('',(23.50995,59.840812,1.585));
#4146 = LINE('',#4147,#4148);
#4147 = CARTESIAN_POINT('',(23.572156,59.963524,1.585));
#4148 = VECTOR('',#4149,1.);
#4149 = DIRECTION('',(-0.452149402815,-0.891942216477,0.));
#4150 = ORIENTED_EDGE('',*,*,#4151,.T.);
#4151 = EDGE_CURVE('',#4144,#4152,#4154,.T.);
#4152 = VERTEX_POINT('',#4153);
#4153 = CARTESIAN_POINT('',(23.446247,59.778116,1.585));
#4154 = LINE('',#4155,#4156);
#4155 = CARTESIAN_POINT('',(23.50995,59.840812,1.585));
#4156 = VECTOR('',#4157,1.);
#4157 = DIRECTION('',(-0.712717566469,-0.701451117645,0.));
#4158 = ORIENTED_EDGE('',*,*,#4159,.T.);
#4159 = EDGE_CURVE('',#4152,#4160,#4162,.T.);
#4160 = VERTEX_POINT('',#4161);
#4161 = CARTESIAN_POINT('',(23.351548,59.893511,1.585));
#4162 = CIRCLE('',#4163,7.50001266804E-02);
#4163 = AXIS2_PLACEMENT_3D('',#4164,#4165,#4166);
#4164 = CARTESIAN_POINT('',(23.404580248312,59.840477051994,1.585));
#4165 = DIRECTION('',(0.,0.,-1.));
#4166 = DIRECTION('',(0.555555750804,-0.831479288827,0.));
#4167 = ORIENTED_EDGE('',*,*,#4168,.T.);
#4168 = EDGE_CURVE('',#4160,#4169,#4171,.T.);
#4169 = VERTEX_POINT('',#4170);
#4170 = CARTESIAN_POINT('',(23.390561,59.932524,1.585));
#4171 = LINE('',#4172,#4173);
#4172 = CARTESIAN_POINT('',(23.351548,59.893511,1.585));
#4173 = VECTOR('',#4174,1.);
#4174 = DIRECTION('',(0.707106781187,0.707106781187,0.));
#4175 = ORIENTED_EDGE('',*,*,#4176,.T.);
#4176 = EDGE_CURVE('',#4169,#4177,#4179,.T.);
#4177 = VERTEX_POINT('',#4178);
#4178 = CARTESIAN_POINT('',(23.390561,60.319859,1.585));
#4179 = CIRCLE('',#4180,0.358499305982);
#4180 = AXIS2_PLACEMENT_3D('',#4181,#4182,#4183);
#4181 = CARTESIAN_POINT('',(23.08887465322,60.1261915,1.585));
#4182 = DIRECTION('',(0.,-0.,1.));
#4183 = DIRECTION('',(0.841525608965,-0.540217224324,-0.));
#4184 = ORIENTED_EDGE('',*,*,#4185,.T.);
#4185 = EDGE_CURVE('',#4177,#4186,#4188,.T.);
#4186 = VERTEX_POINT('',#4187);
#4187 = CARTESIAN_POINT('',(23.360153,60.350266,1.585));
#4188 = LINE('',#4189,#4190);
#4189 = CARTESIAN_POINT('',(23.390561,60.319859,1.585));
#4190 = VECTOR('',#4191,1.);
#4191 = DIRECTION('',(-0.707118408268,0.707095153914,0.));
#4192 = ORIENTED_EDGE('',*,*,#4193,.T.);
#4193 = EDGE_CURVE('',#4186,#4194,#4196,.T.);
#4194 = VERTEX_POINT('',#4195);
#4195 = CARTESIAN_POINT('',(23.020436,60.350266,1.585));
#4196 = CIRCLE('',#4197,0.305621483548);
#4197 = AXIS2_PLACEMENT_3D('',#4198,#4199,#4200);
#4198 = CARTESIAN_POINT('',(23.1902945,60.096194,1.585));
#4199 = DIRECTION('',(0.,0.,1.));
#4200 = DIRECTION('',(0.555780627814,0.831328992485,-0.));
#4201 = ORIENTED_EDGE('',*,*,#4202,.T.);
#4202 = EDGE_CURVE('',#4194,#4203,#4205,.T.);
#4203 = VERTEX_POINT('',#4204);
#4204 = CARTESIAN_POINT('',(22.990029,60.319859,1.585));
#4205 = LINE('',#4206,#4207);
#4206 = CARTESIAN_POINT('',(23.020436,60.350266,1.585));
#4207 = VECTOR('',#4208,1.);
#4208 = DIRECTION('',(-0.707106781187,-0.707106781187,0.));
#4209 = ORIENTED_EDGE('',*,*,#4210,.T.);
#4210 = EDGE_CURVE('',#4203,#4211,#4213,.T.);
#4211 = VERTEX_POINT('',#4212);
#4212 = CARTESIAN_POINT('',(22.955771,60.251343,1.585));
#4213 = LINE('',#4214,#4215);
#4214 = CARTESIAN_POINT('',(22.990029,60.319859,1.585));
#4215 = VECTOR('',#4216,1.);
#4216 = DIRECTION('',(-0.4472135955,-0.894427191,0.));
#4217 = ORIENTED_EDGE('',*,*,#4218,.T.);
#4218 = EDGE_CURVE('',#4211,#4219,#4221,.T.);
#4219 = VERTEX_POINT('',#4220);
#4220 = CARTESIAN_POINT('',(22.95433,60.111559,1.585));
#4221 = LINE('',#4222,#4223);
#4222 = CARTESIAN_POINT('',(22.955771,60.251343,1.585));
#4223 = VECTOR('',#4224,1.);
#4224 = DIRECTION('',(-1.030821437469E-02,-0.999946868947,0.));
#4225 = ORIENTED_EDGE('',*,*,#4226,.T.);
#4226 = EDGE_CURVE('',#4219,#4227,#4229,.T.);
#4227 = VERTEX_POINT('',#4228);
#4228 = CARTESIAN_POINT('',(22.831383,60.069748,1.585));
#4229 = CIRCLE('',#4230,7.500015628755E-02);
#4230 = AXIS2_PLACEMENT_3D('',#4231,#4232,#4233);
#4231 = CARTESIAN_POINT('',(22.880771046102,60.126191284325,1.585));
#4232 = DIRECTION('',(-0.,0.,-1.));
#4233 = DIRECTION('',(0.980784008184,-0.195096717785,-0.));
#4234 = ORIENTED_EDGE('',*,*,#4235,.T.);
#4235 = EDGE_CURVE('',#4227,#4236,#4238,.T.);
#4236 = VERTEX_POINT('',#4237);
#4237 = CARTESIAN_POINT('',(22.574819,60.294242,1.585));
#4238 = LINE('',#4239,#4240);
#4239 = CARTESIAN_POINT('',(22.831383,60.069748,1.585));
#4240 = VECTOR('',#4241,1.);
#4241 = DIRECTION('',(-0.752575967874,0.658505438534,0.));
#4242 = ORIENTED_EDGE('',*,*,#4243,.T.);
#4243 = EDGE_CURVE('',#4236,#4244,#4246,.T.);
#4244 = VERTEX_POINT('',#4245);
#4245 = CARTESIAN_POINT('',(22.573378,59.825845,1.585));
#4246 = LINE('',#4247,#4248);
#4247 = CARTESIAN_POINT('',(22.574819,60.294242,1.585));
#4248 = VECTOR('',#4249,1.);
#4249 = DIRECTION('',(-3.076435546862E-03,-0.999995267761,0.));
#4250 = ORIENTED_EDGE('',*,*,#4251,.T.);
#4251 = EDGE_CURVE('',#4244,#4252,#4254,.T.);
#4252 = VERTEX_POINT('',#4253);
#4253 = CARTESIAN_POINT('',(22.424819,59.840477,1.585));
#4254 = CIRCLE('',#4255,7.500006711464E-02);
#4255 = AXIS2_PLACEMENT_3D('',#4256,#4257,#4258);
#4256 = CARTESIAN_POINT('',(22.499819067115,59.840476932885,1.585));
#4257 = DIRECTION('',(-0.,0.,-1.));
#4258 = DIRECTION('',(0.980784894138,-0.195092263891,-0.));
#4259 = ORIENTED_EDGE('',*,*,#4260,.T.);
#4260 = EDGE_CURVE('',#4252,#4261,#4263,.T.);
#4261 = VERTEX_POINT('',#4262);
#4262 = CARTESIAN_POINT('',(22.42626,60.474156,1.585));
#4263 = LINE('',#4264,#4265);
#4264 = CARTESIAN_POINT('',(22.424819,59.840477,1.585));
#4265 = VECTOR('',#4266,1.);
#4266 = DIRECTION('',(2.274016140951E-03,0.999997414422,0.));
#4267 = ORIENTED_EDGE('',*,*,#4268,.T.);
#4268 = EDGE_CURVE('',#4261,#4269,#4271,.T.);
#4269 = VERTEX_POINT('',#4270);
#4270 = CARTESIAN_POINT('',(22.437459,60.501192,1.585));
#4271 = LINE('',#4272,#4273);
#4272 = CARTESIAN_POINT('',(22.42626,60.474156,1.585));
#4273 = VECTOR('',#4274,1.);
#4274 = DIRECTION('',(0.38269282806,0.923875640631,0.));
#4275 = ORIENTED_EDGE('',*,*,#4276,.T.);
#4276 = EDGE_CURVE('',#4269,#4091,#4277,.T.);
#4277 = LINE('',#4278,#4279);
#4278 = CARTESIAN_POINT('',(22.437459,60.501192,1.585));
#4279 = VECTOR('',#4280,1.);
#4280 = DIRECTION('',(0.707106781187,0.707106781186,0.));
#4281 = PLANE('',#4282);
#4282 = AXIS2_PLACEMENT_3D('',#4283,#4284,#4285);
#4283 = CARTESIAN_POINT('',(0.,0.,1.585));
#4284 = DIRECTION('',(0.,0.,1.));
#4285 = DIRECTION('',(1.,0.,-0.));
#4286 = SHELL_BASED_SURFACE_MODEL('',(#4287));
#4287 = OPEN_SHELL('',(#4288));
#4288 = ADVANCED_FACE('',(#4289,#4359,#4443,#4577,#4611),#4645,.T.);
#4289 = FACE_BOUND('',#4290,.F.);
#4290 = EDGE_LOOP('',(#4291,#4302,#4310,#4319,#4327,#4336,#4344,#4353));
#4291 = ORIENTED_EDGE('',*,*,#4292,.T.);
#4292 = EDGE_CURVE('',#4293,#4295,#4297,.T.);
#4293 = VERTEX_POINT('',#4294);
#4294 = CARTESIAN_POINT('',(81.48,72.585,1.585));
#4295 = VERTEX_POINT('',#4296);
#4296 = CARTESIAN_POINT('',(81.54,72.645,1.585));
#4297 = CIRCLE('',#4298,5.999932016257E-02);
#4298 = AXIS2_PLACEMENT_3D('',#4299,#4300,#4301);
#4299 = CARTESIAN_POINT('',(81.539999320159,72.585000679841,1.585));
#4300 = DIRECTION('',(0.,0.,-1.));
#4301 = DIRECTION('',(-0.999999999936,-1.133081635828E-05,-0.));
#4302 = ORIENTED_EDGE('',*,*,#4303,.T.);
#4303 = EDGE_CURVE('',#4295,#4304,#4306,.T.);
#4304 = VERTEX_POINT('',#4305);
#4305 = CARTESIAN_POINT('',(85.56,72.645,1.585));
#4306 = LINE('',#4307,#4308);
#4307 = CARTESIAN_POINT('',(81.54,72.645,1.585));
#4308 = VECTOR('',#4309,1.);
#4309 = DIRECTION('',(1.,0.,0.));
#4310 = ORIENTED_EDGE('',*,*,#4311,.T.);
#4311 = EDGE_CURVE('',#4304,#4312,#4314,.T.);
#4312 = VERTEX_POINT('',#4313);
#4313 = CARTESIAN_POINT('',(85.62,72.585,1.585));
#4314 = CIRCLE('',#4315,5.999932016259E-02);
#4315 = AXIS2_PLACEMENT_3D('',#4316,#4317,#4318);
#4316 = CARTESIAN_POINT('',(85.560000679841,72.585000679841,1.585));
#4317 = DIRECTION('',(0.,0.,-1.));
#4318 = DIRECTION('',(-1.133081612143E-05,0.999999999936,0.));
#4319 = ORIENTED_EDGE('',*,*,#4320,.T.);
#4320 = EDGE_CURVE('',#4312,#4321,#4323,.T.);
#4321 = VERTEX_POINT('',#4322);
#4322 = CARTESIAN_POINT('',(85.62,59.865,1.585));
#4323 = LINE('',#4324,#4325);
#4324 = CARTESIAN_POINT('',(85.62,72.585,1.585));
#4325 = VECTOR('',#4326,1.);
#4326 = DIRECTION('',(0.,-1.,0.));
#4327 = ORIENTED_EDGE('',*,*,#4328,.T.);
#4328 = EDGE_CURVE('',#4321,#4329,#4331,.T.);
#4329 = VERTEX_POINT('',#4330);
#4330 = CARTESIAN_POINT('',(85.56,59.805,1.585));
#4331 = CIRCLE('',#4332,5.999932016262E-02);
#4332 = AXIS2_PLACEMENT_3D('',#4333,#4334,#4335);
#4333 = CARTESIAN_POINT('',(85.560000679841,59.864999320159,1.585));
#4334 = DIRECTION('',(0.,0.,-1.));
#4335 = DIRECTION('',(0.999999999936,1.133081552929E-05,0.));
#4336 = ORIENTED_EDGE('',*,*,#4337,.T.);
#4337 = EDGE_CURVE('',#4329,#4338,#4340,.T.);
#4338 = VERTEX_POINT('',#4339);
#4339 = CARTESIAN_POINT('',(81.54,59.805,1.585));
#4340 = LINE('',#4341,#4342);
#4341 = CARTESIAN_POINT('',(85.56,59.805,1.585));
#4342 = VECTOR('',#4343,1.);
#4343 = DIRECTION('',(-1.,0.,0.));
#4344 = ORIENTED_EDGE('',*,*,#4345,.T.);
#4345 = EDGE_CURVE('',#4338,#4346,#4348,.T.);
#4346 = VERTEX_POINT('',#4347);
#4347 = CARTESIAN_POINT('',(81.48,59.865,1.585));
#4348 = CIRCLE('',#4349,5.999932016259E-02);
#4349 = AXIS2_PLACEMENT_3D('',#4350,#4351,#4352);
#4350 = CARTESIAN_POINT('',(81.539999320159,59.864999320159,1.585));
#4351 = DIRECTION('',(0.,0.,-1.));
#4352 = DIRECTION('',(1.133081612143E-05,-0.999999999936,0.));
#4353 = ORIENTED_EDGE('',*,*,#4354,.T.);
#4354 = EDGE_CURVE('',#4346,#4293,#4355,.T.);
#4355 = LINE('',#4356,#4357);
#4356 = CARTESIAN_POINT('',(81.48,59.865,1.585));
#4357 = VECTOR('',#4358,1.);
#4358 = DIRECTION('',(0.,1.,0.));
#4359 = FACE_BOUND('',#4360,.F.);
#4360 = EDGE_LOOP('',(#4361,#4371,#4379,#4387,#4395,#4403,#4411,#4420,
    #4428,#4437));
#4361 = ORIENTED_EDGE('',*,*,#4362,.T.);
#4362 = EDGE_CURVE('',#4363,#4365,#4367,.T.);
#4363 = VERTEX_POINT('',#4364);
#4364 = CARTESIAN_POINT('',(83.19,72.145,1.585));
#4365 = VERTEX_POINT('',#4366);
#4366 = CARTESIAN_POINT('',(83.19,72.525,1.585));
#4367 = LINE('',#4368,#4369);
#4368 = CARTESIAN_POINT('',(83.19,72.145,1.585));
#4369 = VECTOR('',#4370,1.);
#4370 = DIRECTION('',(0.,1.,0.));
#4371 = ORIENTED_EDGE('',*,*,#4372,.T.);
#4372 = EDGE_CURVE('',#4365,#4373,#4375,.T.);
#4373 = VERTEX_POINT('',#4374);
#4374 = CARTESIAN_POINT('',(81.6,72.525,1.585));
#4375 = LINE('',#4376,#4377);
#4376 = CARTESIAN_POINT('',(83.19,72.525,1.585));
#4377 = VECTOR('',#4378,1.);
#4378 = DIRECTION('',(-1.,0.,0.));
#4379 = ORIENTED_EDGE('',*,*,#4380,.T.);
#4380 = EDGE_CURVE('',#4373,#4381,#4383,.T.);
#4381 = VERTEX_POINT('',#4382);
#4382 = CARTESIAN_POINT('',(81.6,59.925,1.585));
#4383 = LINE('',#4384,#4385);
#4384 = CARTESIAN_POINT('',(81.6,72.525,1.585));
#4385 = VECTOR('',#4386,1.);
#4386 = DIRECTION('',(0.,-1.,0.));
#4387 = ORIENTED_EDGE('',*,*,#4388,.T.);
#4388 = EDGE_CURVE('',#4381,#4389,#4391,.T.);
#4389 = VERTEX_POINT('',#4390);
#4390 = CARTESIAN_POINT('',(83.19,59.925,1.585));
#4391 = LINE('',#4392,#4393);
#4392 = CARTESIAN_POINT('',(81.6,59.925,1.585));
#4393 = VECTOR('',#4394,1.);
#4394 = DIRECTION('',(1.,0.,0.));
#4395 = ORIENTED_EDGE('',*,*,#4396,.T.);
#4396 = EDGE_CURVE('',#4389,#4397,#4399,.T.);
#4397 = VERTEX_POINT('',#4398);
#4398 = CARTESIAN_POINT('',(83.19,60.305,1.585));
#4399 = LINE('',#4400,#4401);
#4400 = CARTESIAN_POINT('',(83.19,59.925,1.585));
#4401 = VECTOR('',#4402,1.);
#4402 = DIRECTION('',(0.,1.,0.));
#4403 = ORIENTED_EDGE('',*,*,#4404,.T.);
#4404 = EDGE_CURVE('',#4397,#4405,#4407,.T.);
#4405 = VERTEX_POINT('',#4406);
#4406 = CARTESIAN_POINT('',(82.04,60.305,1.585));
#4407 = LINE('',#4408,#4409);
#4408 = CARTESIAN_POINT('',(83.19,60.305,1.585));
#4409 = VECTOR('',#4410,1.);
#4410 = DIRECTION('',(-1.,0.,0.));
#4411 = ORIENTED_EDGE('',*,*,#4412,.T.);
#4412 = EDGE_CURVE('',#4405,#4413,#4415,.T.);
#4413 = VERTEX_POINT('',#4414);
#4414 = CARTESIAN_POINT('',(81.98,60.365,1.585));
#4415 = CIRCLE('',#4416,5.999932016259E-02);
#4416 = AXIS2_PLACEMENT_3D('',#4417,#4418,#4419);
#4417 = CARTESIAN_POINT('',(82.039999320159,60.364999320159,1.585));
#4418 = DIRECTION('',(0.,0.,-1.));
#4419 = DIRECTION('',(1.133081612143E-05,-0.999999999936,0.));
#4420 = ORIENTED_EDGE('',*,*,#4421,.T.);
#4421 = EDGE_CURVE('',#4413,#4422,#4424,.T.);
#4422 = VERTEX_POINT('',#4423);
#4423 = CARTESIAN_POINT('',(81.98,72.085,1.585));
#4424 = LINE('',#4425,#4426);
#4425 = CARTESIAN_POINT('',(81.98,60.365,1.585));
#4426 = VECTOR('',#4427,1.);
#4427 = DIRECTION('',(0.,1.,0.));
#4428 = ORIENTED_EDGE('',*,*,#4429,.T.);
#4429 = EDGE_CURVE('',#4422,#4430,#4432,.T.);
#4430 = VERTEX_POINT('',#4431);
#4431 = CARTESIAN_POINT('',(82.04,72.145,1.585));
#4432 = CIRCLE('',#4433,5.999932016257E-02);
#4433 = AXIS2_PLACEMENT_3D('',#4434,#4435,#4436);
#4434 = CARTESIAN_POINT('',(82.039999320159,72.085000679841,1.585));
#4435 = DIRECTION('',(0.,0.,-1.));
#4436 = DIRECTION('',(-0.999999999936,-1.133081635828E-05,-0.));
#4437 = ORIENTED_EDGE('',*,*,#4438,.T.);
#4438 = EDGE_CURVE('',#4430,#4363,#4439,.T.);
#4439 = LINE('',#4440,#4441);
#4440 = CARTESIAN_POINT('',(82.04,72.145,1.585));
#4441 = VECTOR('',#4442,1.);
#4442 = DIRECTION('',(1.,0.,0.));
#4443 = FACE_BOUND('',#4444,.F.);
#4444 = EDGE_LOOP('',(#4445,#4456,#4464,#4472,#4480,#4489,#4497,#4505,
    #4513,#4522,#4530,#4538,#4546,#4555,#4563,#4571));
#4445 = ORIENTED_EDGE('',*,*,#4446,.T.);
#4446 = EDGE_CURVE('',#4447,#4449,#4451,.T.);
#4447 = VERTEX_POINT('',#4448);
#4448 = CARTESIAN_POINT('',(84.06,71.525,1.585));
#4449 = VERTEX_POINT('',#4450);
#4450 = CARTESIAN_POINT('',(84.,71.585,1.585));
#4451 = CIRCLE('',#4452,5.999932016258E-02);
#4452 = AXIS2_PLACEMENT_3D('',#4453,#4454,#4455);
#4453 = CARTESIAN_POINT('',(84.059999320159,71.584999320159,1.585));
#4454 = DIRECTION('',(0.,0.,-1.));
#4455 = DIRECTION('',(1.133081635828E-05,-0.999999999936,0.));
#4456 = ORIENTED_EDGE('',*,*,#4457,.T.);
#4457 = EDGE_CURVE('',#4449,#4458,#4460,.T.);
#4458 = VERTEX_POINT('',#4459);
#4459 = CARTESIAN_POINT('',(84.,72.525,1.585));
#4460 = LINE('',#4461,#4462);
#4461 = CARTESIAN_POINT('',(84.,71.585,1.585));
#4462 = VECTOR('',#4463,1.);
#4463 = DIRECTION('',(0.,1.,0.));
#4464 = ORIENTED_EDGE('',*,*,#4465,.T.);
#4465 = EDGE_CURVE('',#4458,#4466,#4468,.T.);
#4466 = VERTEX_POINT('',#4467);
#4467 = CARTESIAN_POINT('',(83.31,72.525,1.585));
#4468 = LINE('',#4469,#4470);
#4469 = CARTESIAN_POINT('',(84.,72.525,1.585));
#4470 = VECTOR('',#4471,1.);
#4471 = DIRECTION('',(-1.,0.,0.));
#4472 = ORIENTED_EDGE('',*,*,#4473,.T.);
#4473 = EDGE_CURVE('',#4466,#4474,#4476,.T.);
#4474 = VERTEX_POINT('',#4475);
#4475 = CARTESIAN_POINT('',(83.31,72.085,1.585));
#4476 = LINE('',#4477,#4478);
#4477 = CARTESIAN_POINT('',(83.31,72.525,1.585));
#4478 = VECTOR('',#4479,1.);
#4479 = DIRECTION('',(0.,-1.,0.));
#4480 = ORIENTED_EDGE('',*,*,#4481,.T.);
#4481 = EDGE_CURVE('',#4474,#4482,#4484,.T.);
#4482 = VERTEX_POINT('',#4483);
#4483 = CARTESIAN_POINT('',(83.25,72.025,1.585));
#4484 = CIRCLE('',#4485,5.999932016262E-02);
#4485 = AXIS2_PLACEMENT_3D('',#4486,#4487,#4488);
#4486 = CARTESIAN_POINT('',(83.250000679841,72.084999320159,1.585));
#4487 = DIRECTION('',(0.,0.,-1.));
#4488 = DIRECTION('',(0.999999999936,1.133081541087E-05,0.));
#4489 = ORIENTED_EDGE('',*,*,#4490,.T.);
#4490 = EDGE_CURVE('',#4482,#4491,#4493,.T.);
#4491 = VERTEX_POINT('',#4492);
#4492 = CARTESIAN_POINT('',(82.1,72.025,1.585));
#4493 = LINE('',#4494,#4495);
#4494 = CARTESIAN_POINT('',(83.25,72.025,1.585));
#4495 = VECTOR('',#4496,1.);
#4496 = DIRECTION('',(-1.,0.,0.));
#4497 = ORIENTED_EDGE('',*,*,#4498,.T.);
#4498 = EDGE_CURVE('',#4491,#4499,#4501,.T.);
#4499 = VERTEX_POINT('',#4500);
#4500 = CARTESIAN_POINT('',(82.1,60.425,1.585));
#4501 = LINE('',#4502,#4503);
#4502 = CARTESIAN_POINT('',(82.1,72.025,1.585));
#4503 = VECTOR('',#4504,1.);
#4504 = DIRECTION('',(0.,-1.,0.));
#4505 = ORIENTED_EDGE('',*,*,#4506,.T.);
#4506 = EDGE_CURVE('',#4499,#4507,#4509,.T.);
#4507 = VERTEX_POINT('',#4508);
#4508 = CARTESIAN_POINT('',(83.25,60.425,1.585));
#4509 = LINE('',#4510,#4511);
#4510 = CARTESIAN_POINT('',(82.1,60.425,1.585));
#4511 = VECTOR('',#4512,1.);
#4512 = DIRECTION('',(1.,0.,0.));
#4513 = ORIENTED_EDGE('',*,*,#4514,.T.);
#4514 = EDGE_CURVE('',#4507,#4515,#4517,.T.);
#4515 = VERTEX_POINT('',#4516);
#4516 = CARTESIAN_POINT('',(83.31,60.365,1.585));
#4517 = CIRCLE('',#4518,5.999932016259E-02);
#4518 = AXIS2_PLACEMENT_3D('',#4519,#4520,#4521);
#4519 = CARTESIAN_POINT('',(83.250000679841,60.365000679841,1.585));
#4520 = DIRECTION('',(0.,0.,-1.));
#4521 = DIRECTION('',(-1.133081612143E-05,0.999999999936,0.));
#4522 = ORIENTED_EDGE('',*,*,#4523,.T.);
#4523 = EDGE_CURVE('',#4515,#4524,#4526,.T.);
#4524 = VERTEX_POINT('',#4525);
#4525 = CARTESIAN_POINT('',(83.31,59.925,1.585));
#4526 = LINE('',#4527,#4528);
#4527 = CARTESIAN_POINT('',(83.31,60.365,1.585));
#4528 = VECTOR('',#4529,1.);
#4529 = DIRECTION('',(0.,-1.,0.));
#4530 = ORIENTED_EDGE('',*,*,#4531,.T.);
#4531 = EDGE_CURVE('',#4524,#4532,#4534,.T.);
#4532 = VERTEX_POINT('',#4533);
#4533 = CARTESIAN_POINT('',(84.,59.925,1.585));
#4534 = LINE('',#4535,#4536);
#4535 = CARTESIAN_POINT('',(83.31,59.925,1.585));
#4536 = VECTOR('',#4537,1.);
#4537 = DIRECTION('',(1.,0.,0.));
#4538 = ORIENTED_EDGE('',*,*,#4539,.T.);
#4539 = EDGE_CURVE('',#4532,#4540,#4542,.T.);
#4540 = VERTEX_POINT('',#4541);
#4541 = CARTESIAN_POINT('',(84.,60.865,1.585));
#4542 = LINE('',#4543,#4544);
#4543 = CARTESIAN_POINT('',(84.,59.925,1.585));
#4544 = VECTOR('',#4545,1.);
#4545 = DIRECTION('',(0.,1.,0.));
#4546 = ORIENTED_EDGE('',*,*,#4547,.T.);
#4547 = EDGE_CURVE('',#4540,#4548,#4550,.T.);
#4548 = VERTEX_POINT('',#4549);
#4549 = CARTESIAN_POINT('',(84.06,60.925,1.585));
#4550 = CIRCLE('',#4551,5.999932016259E-02);
#4551 = AXIS2_PLACEMENT_3D('',#4552,#4553,#4554);
#4552 = CARTESIAN_POINT('',(84.059999320159,60.865000679841,1.585));
#4553 = DIRECTION('',(0.,0.,-1.));
#4554 = DIRECTION('',(-0.999999999936,-1.133081612143E-05,-0.));
#4555 = ORIENTED_EDGE('',*,*,#4556,.T.);
#4556 = EDGE_CURVE('',#4548,#4557,#4559,.T.);
#4557 = VERTEX_POINT('',#4558);
#4558 = CARTESIAN_POINT('',(85.5,60.925,1.585));
#4559 = LINE('',#4560,#4561);
#4560 = CARTESIAN_POINT('',(84.06,60.925,1.585));
#4561 = VECTOR('',#4562,1.);
#4562 = DIRECTION('',(1.,0.,0.));
#4563 = ORIENTED_EDGE('',*,*,#4564,.T.);
#4564 = EDGE_CURVE('',#4557,#4565,#4567,.T.);
#4565 = VERTEX_POINT('',#4566);
#4566 = CARTESIAN_POINT('',(85.5,71.525,1.585));
#4567 = LINE('',#4568,#4569);
#4568 = CARTESIAN_POINT('',(85.5,60.925,1.585));
#4569 = VECTOR('',#4570,1.);
#4570 = DIRECTION('',(0.,1.,0.));
#4571 = ORIENTED_EDGE('',*,*,#4572,.T.);
#4572 = EDGE_CURVE('',#4565,#4447,#4573,.T.);
#4573 = LINE('',#4574,#4575);
#4574 = CARTESIAN_POINT('',(85.5,71.525,1.585));
#4575 = VECTOR('',#4576,1.);
#4576 = DIRECTION('',(-1.,0.,0.));
#4577 = FACE_BOUND('',#4578,.F.);
#4578 = EDGE_LOOP('',(#4579,#4589,#4597,#4605));
#4579 = ORIENTED_EDGE('',*,*,#4580,.T.);
#4580 = EDGE_CURVE('',#4581,#4583,#4585,.T.);
#4581 = VERTEX_POINT('',#4582);
#4582 = CARTESIAN_POINT('',(85.5,59.925,1.585));
#4583 = VERTEX_POINT('',#4584);
#4584 = CARTESIAN_POINT('',(85.5,60.805,1.585));
#4585 = LINE('',#4586,#4587);
#4586 = CARTESIAN_POINT('',(85.5,59.925,1.585));
#4587 = VECTOR('',#4588,1.);
#4588 = DIRECTION('',(0.,1.,0.));
#4589 = ORIENTED_EDGE('',*,*,#4590,.T.);
#4590 = EDGE_CURVE('',#4583,#4591,#4593,.T.);
#4591 = VERTEX_POINT('',#4592);
#4592 = CARTESIAN_POINT('',(84.12,60.805,1.585));
#4593 = LINE('',#4594,#4595);
#4594 = CARTESIAN_POINT('',(85.5,60.805,1.585));
#4595 = VECTOR('',#4596,1.);
#4596 = DIRECTION('',(-1.,0.,0.));
#4597 = ORIENTED_EDGE('',*,*,#4598,.T.);
#4598 = EDGE_CURVE('',#4591,#4599,#4601,.T.);
#4599 = VERTEX_POINT('',#4600);
#4600 = CARTESIAN_POINT('',(84.12,59.925,1.585));
#4601 = LINE('',#4602,#4603);
#4602 = CARTESIAN_POINT('',(84.12,60.805,1.585));
#4603 = VECTOR('',#4604,1.);
#4604 = DIRECTION('',(0.,-1.,0.));
#4605 = ORIENTED_EDGE('',*,*,#4606,.T.);
#4606 = EDGE_CURVE('',#4599,#4581,#4607,.T.);
#4607 = LINE('',#4608,#4609);
#4608 = CARTESIAN_POINT('',(84.12,59.925,1.585));
#4609 = VECTOR('',#4610,1.);
#4610 = DIRECTION('',(1.,0.,0.));
#4611 = FACE_BOUND('',#4612,.F.);
#4612 = EDGE_LOOP('',(#4613,#4623,#4631,#4639));
#4613 = ORIENTED_EDGE('',*,*,#4614,.T.);
#4614 = EDGE_CURVE('',#4615,#4617,#4619,.T.);
#4615 = VERTEX_POINT('',#4616);
#4616 = CARTESIAN_POINT('',(85.5,71.645,1.585));
#4617 = VERTEX_POINT('',#4618);
#4618 = CARTESIAN_POINT('',(85.5,72.525,1.585));
#4619 = LINE('',#4620,#4621);
#4620 = CARTESIAN_POINT('',(85.5,71.645,1.585));
#4621 = VECTOR('',#4622,1.);
#4622 = DIRECTION('',(0.,1.,0.));
#4623 = ORIENTED_EDGE('',*,*,#4624,.T.);
#4624 = EDGE_CURVE('',#4617,#4625,#4627,.T.);
#4625 = VERTEX_POINT('',#4626);
#4626 = CARTESIAN_POINT('',(84.12,72.525,1.585));
#4627 = LINE('',#4628,#4629);
#4628 = CARTESIAN_POINT('',(85.5,72.525,1.585));
#4629 = VECTOR('',#4630,1.);
#4630 = DIRECTION('',(-1.,0.,0.));
#4631 = ORIENTED_EDGE('',*,*,#4632,.T.);
#4632 = EDGE_CURVE('',#4625,#4633,#4635,.T.);
#4633 = VERTEX_POINT('',#4634);
#4634 = CARTESIAN_POINT('',(84.12,71.645,1.585));
#4635 = LINE('',#4636,#4637);
#4636 = CARTESIAN_POINT('',(84.12,72.525,1.585));
#4637 = VECTOR('',#4638,1.);
#4638 = DIRECTION('',(0.,-1.,0.));
#4639 = ORIENTED_EDGE('',*,*,#4640,.T.);
#4640 = EDGE_CURVE('',#4633,#4615,#4641,.T.);
#4641 = LINE('',#4642,#4643);
#4642 = CARTESIAN_POINT('',(84.12,71.645,1.585));
#4643 = VECTOR('',#4644,1.);
#4644 = DIRECTION('',(1.,0.,0.));
#4645 = PLANE('',#4646);
#4646 = AXIS2_PLACEMENT_3D('',#4647,#4648,#4649);
#4647 = CARTESIAN_POINT('',(0.,0.,1.585));
#4648 = DIRECTION('',(0.,0.,1.));
#4649 = DIRECTION('',(1.,0.,-0.));
#4650 = SHELL_BASED_SURFACE_MODEL('',(#4651));
#4651 = OPEN_SHELL('',(#4652));
#4652 = ADVANCED_FACE('',(#4653),#4723,.T.);
#4653 = FACE_BOUND('',#4654,.F.);
#4654 = EDGE_LOOP('',(#4655,#4666,#4674,#4683,#4691,#4700,#4708,#4717));
#4655 = ORIENTED_EDGE('',*,*,#4656,.T.);
#4656 = EDGE_CURVE('',#4657,#4659,#4661,.T.);
#4657 = VERTEX_POINT('',#4658);
#4658 = CARTESIAN_POINT('',(79.890187,65.818108,1.585));
#4659 = VERTEX_POINT('',#4660);
#4660 = CARTESIAN_POINT('',(79.904819,65.966667,1.585));
#4661 = CIRCLE('',#4662,7.500006711464E-02);
#4662 = AXIS2_PLACEMENT_3D('',#4663,#4664,#4665);
#4663 = CARTESIAN_POINT('',(79.904818932885,65.891666932885,1.585));
#4664 = DIRECTION('',(0.,0.,-1.));
#4665 = DIRECTION('',(-0.195092263891,-0.980784894138,-0.));
#4666 = ORIENTED_EDGE('',*,*,#4667,.T.);
#4667 = EDGE_CURVE('',#4659,#4668,#4670,.T.);
#4668 = VERTEX_POINT('',#4669);
#4669 = CARTESIAN_POINT('',(80.626509,65.965938,1.585));
#4670 = LINE('',#4671,#4672);
#4671 = CARTESIAN_POINT('',(79.904819,65.966667,1.585));
#4672 = VECTOR('',#4673,1.);
#4673 = DIRECTION('',(0.99999948982,-1.010128487419E-03,0.));
#4674 = ORIENTED_EDGE('',*,*,#4675,.T.);
#4675 = EDGE_CURVE('',#4668,#4676,#4678,.T.);
#4676 = VERTEX_POINT('',#4677);
#4677 = CARTESIAN_POINT('',(80.979089,65.61336,1.585));
#4678 = CIRCLE('',#4679,0.383787726409);
#4679 = AXIS2_PLACEMENT_3D('',#4680,#4681,#4682);
#4680 = CARTESIAN_POINT('',(80.596478181392,65.583327011037,1.585));
#4681 = DIRECTION('',(0.,0.,-1.));
#4682 = DIRECTION('',(7.824851224108E-02,0.996933884634,0.));
#4683 = ORIENTED_EDGE('',*,*,#4684,.T.);
#4684 = EDGE_CURVE('',#4676,#4685,#4687,.T.);
#4685 = VERTEX_POINT('',#4686);
#4686 = CARTESIAN_POINT('',(80.978378,65.496083,1.585));
#4687 = LINE('',#4688,#4689);
#4688 = CARTESIAN_POINT('',(80.979089,65.61336,1.585));
#4689 = VECTOR('',#4690,1.);
#4690 = DIRECTION('',(-6.062458402253E-03,-0.99998162313,0.));
#4691 = ORIENTED_EDGE('',*,*,#4692,.T.);
#4692 = EDGE_CURVE('',#4685,#4693,#4695,.T.);
#4693 = VERTEX_POINT('',#4694);
#4694 = CARTESIAN_POINT('',(80.829819,65.510715,1.585));
#4695 = CIRCLE('',#4696,7.500006711464E-02);
#4696 = AXIS2_PLACEMENT_3D('',#4697,#4698,#4699);
#4697 = CARTESIAN_POINT('',(80.904819067115,65.510714932885,1.585));
#4698 = DIRECTION('',(-0.,0.,-1.));
#4699 = DIRECTION('',(0.980784894138,-0.195092263891,-0.));
#4700 = ORIENTED_EDGE('',*,*,#4701,.T.);
#4701 = EDGE_CURVE('',#4693,#4702,#4704,.T.);
#4702 = VERTEX_POINT('',#4703);
#4703 = CARTESIAN_POINT('',(80.829819,65.593783,1.585));
#4704 = LINE('',#4705,#4706);
#4705 = CARTESIAN_POINT('',(80.829819,65.510715,1.585));
#4706 = VECTOR('',#4707,1.);
#4707 = DIRECTION('',(0.,1.,0.));
#4708 = ORIENTED_EDGE('',*,*,#4709,.T.);
#4709 = EDGE_CURVE('',#4702,#4710,#4712,.T.);
#4710 = VERTEX_POINT('',#4711);
#4711 = CARTESIAN_POINT('',(80.606934,65.816667,1.585));
#4712 = CIRCLE('',#4713,0.239434552369);
#4713 = AXIS2_PLACEMENT_3D('',#4714,#4715,#4716);
#4714 = CARTESIAN_POINT('',(80.590920607773,65.577768535924,1.585));
#4715 = DIRECTION('',(0.,0.,1.));
#4716 = DIRECTION('',(0.997760723601,6.688451569446E-02,-0.));
#4717 = ORIENTED_EDGE('',*,*,#4718,.T.);
#4718 = EDGE_CURVE('',#4710,#4657,#4719,.T.);
#4719 = LINE('',#4720,#4721);
#4720 = CARTESIAN_POINT('',(80.606934,65.816667,1.585));
#4721 = VECTOR('',#4722,1.);
#4722 = DIRECTION('',(-0.999997979007,2.010468251347E-03,0.));
#4723 = PLANE('',#4724);
#4724 = AXIS2_PLACEMENT_3D('',#4725,#4726,#4727);
#4725 = CARTESIAN_POINT('',(0.,0.,1.585));
#4726 = DIRECTION('',(0.,0.,1.));
#4727 = DIRECTION('',(1.,0.,-0.));
#4728 = SHELL_BASED_SURFACE_MODEL('',(#4729));
#4729 = OPEN_SHELL('',(#4730));
#4730 = ADVANCED_FACE('',(#4731),#4865,.T.);
#4731 = FACE_BOUND('',#4732,.F.);
#4732 = EDGE_LOOP('',(#4733,#4744,#4752,#4761,#4769,#4777,#4785,#4793,
    #4802,#4810,#4818,#4826,#4835,#4843,#4851,#4859));
#4733 = ORIENTED_EDGE('',*,*,#4734,.T.);
#4734 = EDGE_CURVE('',#4735,#4737,#4739,.T.);
#4735 = VERTEX_POINT('',#4736);
#4736 = CARTESIAN_POINT('',(80.863151,66.954027,1.585));
#4737 = VERTEX_POINT('',#4738);
#4738 = CARTESIAN_POINT('',(80.979819,66.891667,1.585));
#4739 = CIRCLE('',#4740,7.500000000004E-02);
#4740 = AXIS2_PLACEMENT_3D('',#4741,#4742,#4743);
#4741 = CARTESIAN_POINT('',(80.904819,66.891666934445,1.585));
#4742 = DIRECTION('',(0.,0.,-1.));
#4743 = DIRECTION('',(-0.555573333333,0.831467540731,0.));
#4744 = ORIENTED_EDGE('',*,*,#4745,.T.);
#4745 = EDGE_CURVE('',#4737,#4746,#4748,.T.);
#4746 = VERTEX_POINT('',#4747);
#4747 = CARTESIAN_POINT('',(80.978378,66.305607,1.585));
#4748 = LINE('',#4749,#4750);
#4749 = CARTESIAN_POINT('',(80.979819,66.891667,1.585));
#4750 = VECTOR('',#4751,1.);
#4751 = DIRECTION('',(-2.45878518261E-03,-0.999996977183,0.));
#4752 = ORIENTED_EDGE('',*,*,#4753,.T.);
#4753 = EDGE_CURVE('',#4746,#4754,#4756,.T.);
#4754 = VERTEX_POINT('',#4755);
#4755 = CARTESIAN_POINT('',(80.829819,66.320239,1.585));
#4756 = CIRCLE('',#4757,7.500006711464E-02);
#4757 = AXIS2_PLACEMENT_3D('',#4758,#4759,#4760);
#4758 = CARTESIAN_POINT('',(80.904819067115,66.320238932885,1.585));
#4759 = DIRECTION('',(-0.,0.,-1.));
#4760 = DIRECTION('',(0.980784894138,-0.195092263891,-0.));
#4761 = ORIENTED_EDGE('',*,*,#4762,.T.);
#4762 = EDGE_CURVE('',#4754,#4763,#4765,.T.);
#4763 = VERTEX_POINT('',#4764);
#4764 = CARTESIAN_POINT('',(80.829819,66.530953,1.585));
#4765 = LINE('',#4766,#4767);
#4766 = CARTESIAN_POINT('',(80.829819,66.320239,1.585));
#4767 = VECTOR('',#4768,1.);
#4768 = DIRECTION('',(0.,1.,0.));
#4769 = ORIENTED_EDGE('',*,*,#4770,.T.);
#4770 = EDGE_CURVE('',#4763,#4771,#4773,.T.);
#4771 = VERTEX_POINT('',#4772);
#4772 = CARTESIAN_POINT('',(80.133504,66.530953,1.585));
#4773 = LINE('',#4774,#4775);
#4774 = CARTESIAN_POINT('',(80.829819,66.530953,1.585));
#4775 = VECTOR('',#4776,1.);
#4776 = DIRECTION('',(-1.,0.,0.));
#4777 = ORIENTED_EDGE('',*,*,#4778,.T.);
#4778 = EDGE_CURVE('',#4771,#4779,#4781,.T.);
#4779 = VERTEX_POINT('',#4780);
#4780 = CARTESIAN_POINT('',(80.206033,66.455313,1.585));
#4781 = LINE('',#4782,#4783);
#4782 = CARTESIAN_POINT('',(80.133504,66.530953,1.585));
#4783 = VECTOR('',#4784,1.);
#4784 = DIRECTION('',(0.692107619701,-0.72179432164,0.));
#4785 = ORIENTED_EDGE('',*,*,#4786,.T.);
#4786 = EDGE_CURVE('',#4779,#4787,#4789,.T.);
#4787 = VERTEX_POINT('',#4788);
#4788 = CARTESIAN_POINT('',(80.26287,66.340049,1.585));
#4789 = LINE('',#4790,#4791);
#4790 = CARTESIAN_POINT('',(80.206033,66.455313,1.585));
#4791 = VECTOR('',#4792,1.);
#4792 = DIRECTION('',(0.442257930733,-0.896887909777,0.));
#4793 = ORIENTED_EDGE('',*,*,#4794,.T.);
#4794 = EDGE_CURVE('',#4787,#4795,#4797,.T.);
#4795 = VERTEX_POINT('',#4796);
#4796 = CARTESIAN_POINT('',(80.123451,66.286698,1.585));
#4797 = CIRCLE('',#4798,7.500029440469E-02);
#4798 = AXIS2_PLACEMENT_3D('',#4799,#4800,#4801);
#4799 = CARTESIAN_POINT('',(80.19053305397,66.320239648677,1.585));
#4800 = DIRECTION('',(0.,0.,-1.));
#4801 = DIRECTION('',(0.964488827732,0.264123647521,0.));
#4802 = ORIENTED_EDGE('',*,*,#4803,.T.);
#4803 = EDGE_CURVE('',#4795,#4804,#4806,.T.);
#4804 = VERTEX_POINT('',#4805);
#4805 = CARTESIAN_POINT('',(80.081275,66.37105,1.585));
#4806 = LINE('',#4807,#4808);
#4807 = CARTESIAN_POINT('',(80.123451,66.286698,1.585));
#4808 = VECTOR('',#4809,1.);
#4809 = DIRECTION('',(-0.4472135955,0.894427191,0.));
#4810 = ORIENTED_EDGE('',*,*,#4811,.T.);
#4811 = EDGE_CURVE('',#4804,#4812,#4814,.T.);
#4812 = VERTEX_POINT('',#4813);
#4813 = CARTESIAN_POINT('',(79.999894,66.452431,1.585));
#4814 = LINE('',#4815,#4816);
#4815 = CARTESIAN_POINT('',(80.081275,66.37105,1.585));
#4816 = VECTOR('',#4817,1.);
#4817 = DIRECTION('',(-0.707106781187,0.707106781187,0.));
#4818 = ORIENTED_EDGE('',*,*,#4819,.T.);
#4819 = EDGE_CURVE('',#4812,#4820,#4822,.T.);
#4820 = VERTEX_POINT('',#4821);
#4821 = CARTESIAN_POINT('',(79.851841,66.552865,1.585));
#4822 = LINE('',#4823,#4824);
#4823 = CARTESIAN_POINT('',(79.999894,66.452431,1.585));
#4824 = VECTOR('',#4825,1.);
#4825 = DIRECTION('',(-0.827555069925,0.561384544,0.));
#4826 = ORIENTED_EDGE('',*,*,#4827,.T.);
#4827 = EDGE_CURVE('',#4820,#4828,#4830,.T.);
#4828 = VERTEX_POINT('',#4829);
#4829 = CARTESIAN_POINT('',(79.904819,66.680953,1.585));
#4830 = CIRCLE('',#4831,7.49999375171E-02);
#4831 = AXIS2_PLACEMENT_3D('',#4832,#4833,#4834);
#4832 = CARTESIAN_POINT('',(79.904818809027,66.605953062483,1.585));
#4833 = DIRECTION('',(0.,0.,-1.));
#4834 = DIRECTION('',(-0.706371375515,-0.707841422815,-0.));
#4835 = ORIENTED_EDGE('',*,*,#4836,.T.);
#4836 = EDGE_CURVE('',#4828,#4837,#4839,.T.);
#4837 = VERTEX_POINT('',#4838);
#4838 = CARTESIAN_POINT('',(80.829819,66.680953,1.585));
#4839 = LINE('',#4840,#4841);
#4840 = CARTESIAN_POINT('',(79.904819,66.680953,1.585));
#4841 = VECTOR('',#4842,1.);
#4842 = DIRECTION('',(1.,0.,0.));
#4843 = ORIENTED_EDGE('',*,*,#4844,.T.);
#4844 = EDGE_CURVE('',#4837,#4845,#4847,.T.);
#4845 = VERTEX_POINT('',#4846);
#4846 = CARTESIAN_POINT('',(80.83126,66.906299,1.585));
#4847 = LINE('',#4848,#4849);
#4848 = CARTESIAN_POINT('',(80.829819,66.680953,1.585));
#4849 = VECTOR('',#4850,1.);
#4850 = DIRECTION('',(6.394480216655E-03,0.999979555102,0.));
#4851 = ORIENTED_EDGE('',*,*,#4852,.T.);
#4852 = EDGE_CURVE('',#4845,#4853,#4855,.T.);
#4853 = VERTEX_POINT('',#4854);
#4854 = CARTESIAN_POINT('',(80.842459,66.933335,1.585));
#4855 = LINE('',#4856,#4857);
#4856 = CARTESIAN_POINT('',(80.83126,66.906299,1.585));
#4857 = VECTOR('',#4858,1.);
#4858 = DIRECTION('',(0.38269282806,0.923875640631,0.));
#4859 = ORIENTED_EDGE('',*,*,#4860,.T.);
#4860 = EDGE_CURVE('',#4853,#4735,#4861,.T.);
#4861 = LINE('',#4862,#4863);
#4862 = CARTESIAN_POINT('',(80.842459,66.933335,1.585));
#4863 = VECTOR('',#4864,1.);
#4864 = DIRECTION('',(0.707106781187,0.707106781187,0.));
#4865 = PLANE('',#4866);
#4866 = AXIS2_PLACEMENT_3D('',#4867,#4868,#4869);
#4867 = CARTESIAN_POINT('',(0.,0.,1.585));
#4868 = DIRECTION('',(0.,0.,1.));
#4869 = DIRECTION('',(1.,0.,-0.));
#4870 = SHELL_BASED_SURFACE_MODEL('',(#4871));
#4871 = OPEN_SHELL('',(#4872));
#4872 = ADVANCED_FACE('',(#4873),#4942,.T.);
#4873 = FACE_BOUND('',#4874,.F.);
#4874 = EDGE_LOOP('',(#4875,#4886,#4894,#4902,#4911,#4919,#4928,#4936));
#4875 = ORIENTED_EDGE('',*,*,#4876,.T.);
#4876 = EDGE_CURVE('',#4877,#4879,#4881,.T.);
#4877 = VERTEX_POINT('',#4878);
#4878 = CARTESIAN_POINT('',(64.890145,68.290255,1.585));
#4879 = VERTEX_POINT('',#4880);
#4880 = CARTESIAN_POINT('',(64.982059,68.250863,1.585));
#4881 = CIRCLE('',#4882,4.999978265683E-02);
#4882 = AXIS2_PLACEMENT_3D('',#4883,#4884,#4885);
#4883 = CARTESIAN_POINT('',(64.936101663433,68.270558214682,1.585));
#4884 = DIRECTION('',(0.,0.,-1.));
#4885 = DIRECTION('',(-0.919137264014,0.393937418761,0.));
#4886 = ORIENTED_EDGE('',*,*,#4887,.T.);
#4887 = EDGE_CURVE('',#4879,#4888,#4890,.T.);
#4888 = VERTEX_POINT('',#4889);
#4889 = CARTESIAN_POINT('',(64.583358,67.320559,1.585));
#4890 = LINE('',#4891,#4892);
#4891 = CARTESIAN_POINT('',(64.982059,68.250863,1.585));
#4892 = VECTOR('',#4893,1.);
#4893 = DIRECTION('',(-0.393918702369,-0.919145285536,0.));
#4894 = ORIENTED_EDGE('',*,*,#4895,.T.);
#4895 = EDGE_CURVE('',#4888,#4896,#4898,.T.);
#4896 = VERTEX_POINT('',#4897);
#4897 = CARTESIAN_POINT('',(65.174197,67.320559,1.585));
#4898 = LINE('',#4899,#4900);
#4899 = CARTESIAN_POINT('',(64.583358,67.320559,1.585));
#4900 = VECTOR('',#4901,1.);
#4901 = DIRECTION('',(1.,0.,0.));
#4902 = ORIENTED_EDGE('',*,*,#4903,.T.);
#4903 = EDGE_CURVE('',#4896,#4904,#4906,.T.);
#4904 = VERTEX_POINT('',#4905);
#4905 = CARTESIAN_POINT('',(65.174197,67.220559,1.585));
#4906 = CIRCLE('',#4907,5.000000000003E-02);
#4907 = AXIS2_PLACEMENT_3D('',#4908,#4909,#4910);
#4908 = CARTESIAN_POINT('',(65.174196952288,67.270559,1.585));
#4909 = DIRECTION('',(0.,0.,-1.));
#4910 = DIRECTION('',(9.542367251918E-07,1.,0.));
#4911 = ORIENTED_EDGE('',*,*,#4912,.T.);
#4912 = EDGE_CURVE('',#4904,#4913,#4915,.T.);
#4913 = VERTEX_POINT('',#4914);
#4914 = CARTESIAN_POINT('',(64.50641,67.220782,1.585));
#4915 = LINE('',#4916,#4917);
#4916 = CARTESIAN_POINT('',(65.174197,67.220559,1.585));
#4917 = VECTOR('',#4918,1.);
#4918 = DIRECTION('',(-0.999999944242,3.339387972085E-04,0.));
#4919 = ORIENTED_EDGE('',*,*,#4920,.T.);
#4920 = EDGE_CURVE('',#4913,#4921,#4923,.T.);
#4921 = VERTEX_POINT('',#4922);
#4922 = CARTESIAN_POINT('',(64.457535,67.271169,1.585));
#4923 = CIRCLE('',#4924,4.963510286876E-02);
#4924 = AXIS2_PLACEMENT_3D('',#4925,#4926,#4927);
#4925 = CARTESIAN_POINT('',(64.507164320312,67.270411370716,1.585));
#4926 = DIRECTION('',(0.,0.,-1.));
#4927 = DIRECTION('',(-1.519731538135E-02,-0.999884514134,-0.));
#4928 = ORIENTED_EDGE('',*,*,#4929,.T.);
#4929 = EDGE_CURVE('',#4921,#4930,#4932,.T.);
#4930 = VERTEX_POINT('',#4931);
#4931 = CARTESIAN_POINT('',(64.461574,67.290255,1.585));
#4932 = LINE('',#4933,#4934);
#4933 = CARTESIAN_POINT('',(64.457535,67.271169,1.585));
#4934 = VECTOR('',#4935,1.);
#4935 = DIRECTION('',(0.207035960055,0.978333333401,0.));
#4936 = ORIENTED_EDGE('',*,*,#4937,.T.);
#4937 = EDGE_CURVE('',#4930,#4877,#4938,.T.);
#4938 = LINE('',#4939,#4940);
#4939 = CARTESIAN_POINT('',(64.461574,67.290255,1.585));
#4940 = VECTOR('',#4941,1.);
#4941 = DIRECTION('',(0.393918965785,0.919145172644,0.));
#4942 = PLANE('',#4943);
#4943 = AXIS2_PLACEMENT_3D('',#4944,#4945,#4946);
#4944 = CARTESIAN_POINT('',(0.,0.,1.585));
#4945 = DIRECTION('',(0.,0.,1.));
#4946 = DIRECTION('',(1.,0.,-0.));
#4947 = SHELL_BASED_SURFACE_MODEL('',(#4948));
#4948 = OPEN_SHELL('',(#4949));
#4949 = ADVANCED_FACE('',(#4950),#5092,.T.);
#4950 = FACE_BOUND('',#4951,.F.);
#4951 = EDGE_LOOP('',(#4952,#4962,#4970,#4978,#4986,#4994,#5002,#5010,
    #5019,#5027,#5036,#5044,#5053,#5061,#5070,#5078,#5086));
#4952 = ORIENTED_EDGE('',*,*,#4953,.T.);
#4953 = EDGE_CURVE('',#4954,#4956,#4958,.T.);
#4954 = VERTEX_POINT('',#4955);
#4955 = CARTESIAN_POINT('',(65.628027,68.26766,1.585));
#4956 = VERTEX_POINT('',#4957);
#4957 = CARTESIAN_POINT('',(65.734353,68.318317,1.585));
#4958 = LINE('',#4959,#4960);
#4959 = CARTESIAN_POINT('',(65.628027,68.26766,1.585));
#4960 = VECTOR('',#4961,1.);
#4961 = DIRECTION('',(0.90277622281,0.430110557332,0.));
#4962 = ORIENTED_EDGE('',*,*,#4963,.T.);
#4963 = EDGE_CURVE('',#4956,#4964,#4966,.T.);
#4964 = VERTEX_POINT('',#4965);
#4965 = CARTESIAN_POINT('',(65.938558,68.320071,1.585));
#4966 = LINE('',#4967,#4968);
#4967 = CARTESIAN_POINT('',(65.734353,68.318317,1.585));
#4968 = VECTOR('',#4969,1.);
#4969 = DIRECTION('',(0.999963113079,8.589090866264E-03,0.));
#4970 = ORIENTED_EDGE('',*,*,#4971,.T.);
#4971 = EDGE_CURVE('',#4964,#4972,#4974,.T.);
#4972 = VERTEX_POINT('',#4973);
#4973 = CARTESIAN_POINT('',(65.958463,68.31528,1.585));
#4974 = LINE('',#4975,#4976);
#4975 = CARTESIAN_POINT('',(65.938558,68.320071,1.585));
#4976 = VECTOR('',#4977,1.);
#4977 = DIRECTION('',(0.972234133225,-0.234010235231,0.));
#4978 = ORIENTED_EDGE('',*,*,#4979,.T.);
#4979 = EDGE_CURVE('',#4972,#4980,#4982,.T.);
#4980 = VERTEX_POINT('',#4981);
#4981 = CARTESIAN_POINT('',(66.066695,68.258294,1.585));
#4982 = LINE('',#4983,#4984);
#4983 = CARTESIAN_POINT('',(65.958463,68.31528,1.585));
#4984 = VECTOR('',#4985,1.);
#4985 = DIRECTION('',(0.884844791987,-0.465885923906,0.));
#4986 = ORIENTED_EDGE('',*,*,#4987,.T.);
#4987 = EDGE_CURVE('',#4980,#4988,#4990,.T.);
#4988 = VERTEX_POINT('',#4989);
#4989 = CARTESIAN_POINT('',(66.12368,68.197681,1.585));
#4990 = LINE('',#4991,#4992);
#4991 = CARTESIAN_POINT('',(66.066695,68.258294,1.585));
#4992 = VECTOR('',#4993,1.);
#4993 = DIRECTION('',(0.68496603593,-0.728574999312,0.));
#4994 = ORIENTED_EDGE('',*,*,#4995,.T.);
#4995 = EDGE_CURVE('',#4988,#4996,#4998,.T.);
#4996 = VERTEX_POINT('',#4997);
#4997 = CARTESIAN_POINT('',(66.174335,68.091355,1.585));
#4998 = LINE('',#4999,#5000);
#4999 = CARTESIAN_POINT('',(66.12368,68.197681,1.585));
#5000 = VECTOR('',#5001,1.);
#5001 = DIRECTION('',(0.430096717347,-0.902782816478,0.));
#5002 = ORIENTED_EDGE('',*,*,#5003,.T.);
#5003 = EDGE_CURVE('',#4996,#5004,#5006,.T.);
#5004 = VERTEX_POINT('',#5005);
#5005 = CARTESIAN_POINT('',(66.176578,67.270559,1.585));
#5006 = LINE('',#5007,#5008);
#5007 = CARTESIAN_POINT('',(66.174335,68.091355,1.585));
#5008 = VECTOR('',#5009,1.);
#5009 = DIRECTION('',(2.73270291888E-03,-0.99999626616,0.));
#5010 = ORIENTED_EDGE('',*,*,#5011,.T.);
#5011 = EDGE_CURVE('',#5004,#5012,#5014,.T.);
#5012 = VERTEX_POINT('',#5013);
#5013 = CARTESIAN_POINT('',(66.076578,67.270559,1.585));
#5014 = CIRCLE('',#5015,5.000000000003E-02);
#5015 = AXIS2_PLACEMENT_3D('',#5016,#5017,#5018);
#5016 = CARTESIAN_POINT('',(66.126578,67.270559047712,1.585));
#5017 = DIRECTION('',(-0.,0.,-1.));
#5018 = DIRECTION('',(1.,-9.542367251918E-07,-0.));
#5019 = ORIENTED_EDGE('',*,*,#5020,.T.);
#5020 = EDGE_CURVE('',#5012,#5021,#5023,.T.);
#5021 = VERTEX_POINT('',#5022);
#5022 = CARTESIAN_POINT('',(66.076578,68.068279,1.585));
#5023 = LINE('',#5024,#5025);
#5024 = CARTESIAN_POINT('',(66.076578,67.270559,1.585));
#5025 = VECTOR('',#5026,1.);
#5026 = DIRECTION('',(0.,1.,0.));
#5027 = ORIENTED_EDGE('',*,*,#5028,.T.);
#5028 = EDGE_CURVE('',#5021,#5029,#5031,.T.);
#5029 = VERTEX_POINT('',#5030);
#5030 = CARTESIAN_POINT('',(65.924299,68.220559,1.585));
#5031 = CIRCLE('',#5032,0.215069593157);
#5032 = AXIS2_PLACEMENT_3D('',#5033,#5034,#5035);
#5033 = CARTESIAN_POINT('',(65.868793837269,68.01277520176,1.585));
#5034 = DIRECTION('',(0.,0.,1.));
#5035 = DIRECTION('',(0.966125241977,0.258073665483,-0.));
#5036 = ORIENTED_EDGE('',*,*,#5037,.T.);
#5037 = EDGE_CURVE('',#5029,#5038,#5040,.T.);
#5038 = VERTEX_POINT('',#5039);
#5039 = CARTESIAN_POINT('',(65.757429,68.220559,1.585));
#5040 = LINE('',#5041,#5042);
#5041 = CARTESIAN_POINT('',(65.924299,68.220559,1.585));
#5042 = VECTOR('',#5043,1.);
#5043 = DIRECTION('',(-1.,0.,0.));
#5044 = ORIENTED_EDGE('',*,*,#5045,.T.);
#5045 = EDGE_CURVE('',#5038,#5046,#5048,.T.);
#5046 = VERTEX_POINT('',#5047);
#5047 = CARTESIAN_POINT('',(65.60515,68.068279,1.585));
#5048 = CIRCLE('',#5049,0.215060459698);
#5049 = AXIS2_PLACEMENT_3D('',#5050,#5051,#5052);
#5050 = CARTESIAN_POINT('',(65.812926701904,68.012782662538,1.585));
#5051 = DIRECTION('',(0.,0.,1.));
#5052 = DIRECTION('',(-0.258056278599,0.966129886234,0.));
#5053 = ORIENTED_EDGE('',*,*,#5054,.T.);
#5054 = EDGE_CURVE('',#5046,#5055,#5057,.T.);
#5055 = VERTEX_POINT('',#5056);
#5056 = CARTESIAN_POINT('',(65.60515,67.270559,1.585));
#5057 = LINE('',#5058,#5059);
#5058 = CARTESIAN_POINT('',(65.60515,68.068279,1.585));
#5059 = VECTOR('',#5060,1.);
#5060 = DIRECTION('',(0.,-1.,0.));
#5061 = ORIENTED_EDGE('',*,*,#5062,.T.);
#5062 = EDGE_CURVE('',#5055,#5063,#5065,.T.);
#5063 = VERTEX_POINT('',#5064);
#5064 = CARTESIAN_POINT('',(65.50515,67.270559,1.585));
#5065 = CIRCLE('',#5066,5.000000000003E-02);
#5066 = AXIS2_PLACEMENT_3D('',#5067,#5068,#5069);
#5067 = CARTESIAN_POINT('',(65.55515,67.270559047712,1.585));
#5068 = DIRECTION('',(-0.,0.,-1.));
#5069 = DIRECTION('',(1.,-9.542367251921E-07,-0.));
#5070 = ORIENTED_EDGE('',*,*,#5071,.T.);
#5071 = EDGE_CURVE('',#5063,#5072,#5074,.T.);
#5072 = VERTEX_POINT('',#5073);
#5073 = CARTESIAN_POINT('',(65.507392,68.091355,1.585));
#5074 = LINE('',#5075,#5076);
#5075 = CARTESIAN_POINT('',(65.50515,67.270559,1.585));
#5076 = VECTOR('',#5077,1.);
#5077 = DIRECTION('',(2.731484602983E-03,0.999996269489,0.));
#5078 = ORIENTED_EDGE('',*,*,#5079,.T.);
#5079 = EDGE_CURVE('',#5072,#5080,#5082,.T.);
#5080 = VERTEX_POINT('',#5081);
#5081 = CARTESIAN_POINT('',(65.567414,68.210675,1.585));
#5082 = LINE('',#5083,#5084);
#5083 = CARTESIAN_POINT('',(65.507392,68.091355,1.585));
#5084 = VECTOR('',#5085,1.);
#5085 = DIRECTION('',(0.449380496335,0.893340455545,0.));
#5086 = ORIENTED_EDGE('',*,*,#5087,.T.);
#5087 = EDGE_CURVE('',#5080,#4954,#5088,.T.);
#5088 = LINE('',#5089,#5090);
#5089 = CARTESIAN_POINT('',(65.567414,68.210675,1.585));
#5090 = VECTOR('',#5091,1.);
#5091 = DIRECTION('',(0.728574999312,0.68496603593,0.));
#5092 = PLANE('',#5093);
#5093 = AXIS2_PLACEMENT_3D('',#5094,#5095,#5096);
#5094 = CARTESIAN_POINT('',(0.,0.,1.585));
#5095 = DIRECTION('',(0.,0.,1.));
#5096 = DIRECTION('',(1.,0.,-0.));
#5097 = SHELL_BASED_SURFACE_MODEL('',(#5098));
#5098 = OPEN_SHELL('',(#5099));
#5099 = ADVANCED_FACE('',(#5100),#5169,.T.);
#5100 = FACE_BOUND('',#5101,.F.);
#5101 = EDGE_LOOP('',(#5102,#5113,#5121,#5130,#5138,#5147,#5155,#5163));
#5102 = ORIENTED_EDGE('',*,*,#5103,.T.);
#5103 = EDGE_CURVE('',#5104,#5106,#5108,.T.);
#5104 = VERTEX_POINT('',#5105);
#5105 = CARTESIAN_POINT('',(85.804567,77.487961,1.585));
#5106 = VERTEX_POINT('',#5107);
#5107 = CARTESIAN_POINT('',(85.92,77.465,1.585));
#5108 = CIRCLE('',#5109,6.000007318647E-02);
#5109 = AXIS2_PLACEMENT_3D('',#5110,#5111,#5112);
#5110 = CARTESIAN_POINT('',(85.859999926814,77.465000176686,1.585));
#5111 = DIRECTION('',(0.,0.,-1.));
#5112 = DIRECTION('',(-0.923880986637,0.382679921777,0.));
#5113 = ORIENTED_EDGE('',*,*,#5114,.T.);
#5114 = EDGE_CURVE('',#5106,#5115,#5117,.T.);
#5115 = VERTEX_POINT('',#5116);
#5116 = CARTESIAN_POINT('',(85.92,74.965,1.585));
#5117 = LINE('',#5118,#5119);
#5118 = CARTESIAN_POINT('',(85.92,77.465,1.585));
#5119 = VECTOR('',#5120,1.);
#5120 = DIRECTION('',(0.,-1.,0.));
#5121 = ORIENTED_EDGE('',*,*,#5122,.T.);
#5122 = EDGE_CURVE('',#5115,#5123,#5125,.T.);
#5123 = VERTEX_POINT('',#5124);
#5124 = CARTESIAN_POINT('',(85.86,74.905,1.585));
#5125 = CIRCLE('',#5126,5.999932016262E-02);
#5126 = AXIS2_PLACEMENT_3D('',#5127,#5128,#5129);
#5127 = CARTESIAN_POINT('',(85.860000679841,74.964999320159,1.585));
#5128 = DIRECTION('',(0.,0.,-1.));
#5129 = DIRECTION('',(0.999999999936,1.133081564772E-05,0.));
#5130 = ORIENTED_EDGE('',*,*,#5131,.T.);
#5131 = EDGE_CURVE('',#5123,#5132,#5134,.T.);
#5132 = VERTEX_POINT('',#5133);
#5133 = CARTESIAN_POINT('',(83.36,74.905,1.585));
#5134 = LINE('',#5135,#5136);
#5135 = CARTESIAN_POINT('',(85.86,74.905,1.585));
#5136 = VECTOR('',#5137,1.);
#5137 = DIRECTION('',(-1.,0.,0.));
#5138 = ORIENTED_EDGE('',*,*,#5139,.T.);
#5139 = EDGE_CURVE('',#5132,#5140,#5142,.T.);
#5140 = VERTEX_POINT('',#5141);
#5141 = CARTESIAN_POINT('',(83.36,75.025,1.585));
#5142 = CIRCLE('',#5143,6.000000000043E-02);
#5143 = AXIS2_PLACEMENT_3D('',#5144,#5145,#5146);
#5144 = CARTESIAN_POINT('',(83.359999774412,74.965,1.585));
#5145 = DIRECTION('',(0.,0.,-1.));
#5146 = DIRECTION('',(3.759794016836E-06,-0.999999999993,0.));
#5147 = ORIENTED_EDGE('',*,*,#5148,.T.);
#5148 = EDGE_CURVE('',#5140,#5149,#5151,.T.);
#5149 = VERTEX_POINT('',#5150);
#5150 = CARTESIAN_POINT('',(85.8,75.025,1.585));
#5151 = LINE('',#5152,#5153);
#5152 = CARTESIAN_POINT('',(83.36,75.025,1.585));
#5153 = VECTOR('',#5154,1.);
#5154 = DIRECTION('',(1.,0.,0.));
#5155 = ORIENTED_EDGE('',*,*,#5156,.T.);
#5156 = EDGE_CURVE('',#5149,#5157,#5159,.T.);
#5157 = VERTEX_POINT('',#5158);
#5158 = CARTESIAN_POINT('',(85.8,77.465,1.585));
#5159 = LINE('',#5160,#5161);
#5160 = CARTESIAN_POINT('',(85.8,75.025,1.585));
#5161 = VECTOR('',#5162,1.);
#5162 = DIRECTION('',(0.,1.,0.));
#5163 = ORIENTED_EDGE('',*,*,#5164,.T.);
#5164 = EDGE_CURVE('',#5157,#5104,#5165,.T.);
#5165 = LINE('',#5166,#5167);
#5166 = CARTESIAN_POINT('',(85.8,77.465,1.585));
#5167 = VECTOR('',#5168,1.);
#5168 = DIRECTION('',(0.195081000118,0.980787134598,0.));
#5169 = PLANE('',#5170);
#5170 = AXIS2_PLACEMENT_3D('',#5171,#5172,#5173);
#5171 = CARTESIAN_POINT('',(0.,0.,1.585));
#5172 = DIRECTION('',(0.,0.,1.));
#5173 = DIRECTION('',(1.,0.,-0.));
#5174 = SHELL_BASED_SURFACE_MODEL('',(#5175));
#5175 = OPEN_SHELL('',(#5176));
#5176 = ADVANCED_FACE('',(#5177,#5247,#5331,#5465,#5499),#5533,.T.);
#5177 = FACE_BOUND('',#5178,.F.);
#5178 = EDGE_LOOP('',(#5179,#5190,#5198,#5207,#5215,#5224,#5232,#5241));
#5179 = ORIENTED_EDGE('',*,*,#5180,.T.);
#5180 = EDGE_CURVE('',#5181,#5183,#5185,.T.);
#5181 = VERTEX_POINT('',#5182);
#5182 = CARTESIAN_POINT('',(81.48,90.485,1.585));
#5183 = VERTEX_POINT('',#5184);
#5184 = CARTESIAN_POINT('',(81.54,90.545,1.585));
#5185 = CIRCLE('',#5186,5.99993201626E-02);
#5186 = AXIS2_PLACEMENT_3D('',#5187,#5188,#5189);
#5187 = CARTESIAN_POINT('',(81.539999320159,90.485000679841,1.585));
#5188 = DIRECTION('',(0.,0.,-1.));
#5189 = DIRECTION('',(-0.999999999936,-1.133081588458E-05,-0.));
#5190 = ORIENTED_EDGE('',*,*,#5191,.T.);
#5191 = EDGE_CURVE('',#5183,#5192,#5194,.T.);
#5192 = VERTEX_POINT('',#5193);
#5193 = CARTESIAN_POINT('',(85.56,90.545,1.585));
#5194 = LINE('',#5195,#5196);
#5195 = CARTESIAN_POINT('',(81.54,90.545,1.585));
#5196 = VECTOR('',#5197,1.);
#5197 = DIRECTION('',(1.,0.,0.));
#5198 = ORIENTED_EDGE('',*,*,#5199,.T.);
#5199 = EDGE_CURVE('',#5192,#5200,#5202,.T.);
#5200 = VERTEX_POINT('',#5201);
#5201 = CARTESIAN_POINT('',(85.62,90.485,1.585));
#5202 = CIRCLE('',#5203,5.999932016263E-02);
#5203 = AXIS2_PLACEMENT_3D('',#5204,#5205,#5206);
#5204 = CARTESIAN_POINT('',(85.560000679841,90.485000679841,1.585));
#5205 = DIRECTION('',(0.,0.,-1.));
#5206 = DIRECTION('',(-1.133081541087E-05,0.999999999936,0.));
#5207 = ORIENTED_EDGE('',*,*,#5208,.T.);
#5208 = EDGE_CURVE('',#5200,#5209,#5211,.T.);
#5209 = VERTEX_POINT('',#5210);
#5210 = CARTESIAN_POINT('',(85.62,75.265,1.585));
#5211 = LINE('',#5212,#5213);
#5212 = CARTESIAN_POINT('',(85.62,90.485,1.585));
#5213 = VECTOR('',#5214,1.);
#5214 = DIRECTION('',(0.,-1.,0.));
#5215 = ORIENTED_EDGE('',*,*,#5216,.T.);
#5216 = EDGE_CURVE('',#5209,#5217,#5219,.T.);
#5217 = VERTEX_POINT('',#5218);
#5218 = CARTESIAN_POINT('',(85.56,75.205,1.585));
#5219 = CIRCLE('',#5220,5.999932016264E-02);
#5220 = AXIS2_PLACEMENT_3D('',#5221,#5222,#5223);
#5221 = CARTESIAN_POINT('',(85.560000679841,75.264999320159,1.585));
#5222 = DIRECTION('',(0.,0.,-1.));
#5223 = DIRECTION('',(0.999999999936,1.133081517402E-05,0.));
#5224 = ORIENTED_EDGE('',*,*,#5225,.T.);
#5225 = EDGE_CURVE('',#5217,#5226,#5228,.T.);
#5226 = VERTEX_POINT('',#5227);
#5227 = CARTESIAN_POINT('',(81.54,75.205,1.585));
#5228 = LINE('',#5229,#5230);
#5229 = CARTESIAN_POINT('',(85.56,75.205,1.585));
#5230 = VECTOR('',#5231,1.);
#5231 = DIRECTION('',(-1.,0.,0.));
#5232 = ORIENTED_EDGE('',*,*,#5233,.T.);
#5233 = EDGE_CURVE('',#5226,#5234,#5236,.T.);
#5234 = VERTEX_POINT('',#5235);
#5235 = CARTESIAN_POINT('',(81.48,75.265,1.585));
#5236 = CIRCLE('',#5237,5.999932016262E-02);
#5237 = AXIS2_PLACEMENT_3D('',#5238,#5239,#5240);
#5238 = CARTESIAN_POINT('',(81.539999320159,75.264999320159,1.585));
#5239 = DIRECTION('',(0.,0.,-1.));
#5240 = DIRECTION('',(1.133081564772E-05,-0.999999999936,0.));
#5241 = ORIENTED_EDGE('',*,*,#5242,.T.);
#5242 = EDGE_CURVE('',#5234,#5181,#5243,.T.);
#5243 = LINE('',#5244,#5245);
#5244 = CARTESIAN_POINT('',(81.48,75.265,1.585));
#5245 = VECTOR('',#5246,1.);
#5246 = DIRECTION('',(0.,1.,0.));
#5247 = FACE_BOUND('',#5248,.F.);
#5248 = EDGE_LOOP('',(#5249,#5259,#5267,#5275,#5283,#5291,#5299,#5308,
    #5316,#5325));
#5249 = ORIENTED_EDGE('',*,*,#5250,.T.);
#5250 = EDGE_CURVE('',#5251,#5253,#5255,.T.);
#5251 = VERTEX_POINT('',#5252);
#5252 = CARTESIAN_POINT('',(83.19,90.045,1.585));
#5253 = VERTEX_POINT('',#5254);
#5254 = CARTESIAN_POINT('',(83.19,90.425,1.585));
#5255 = LINE('',#5256,#5257);
#5256 = CARTESIAN_POINT('',(83.19,90.045,1.585));
#5257 = VECTOR('',#5258,1.);
#5258 = DIRECTION('',(0.,1.,0.));
#5259 = ORIENTED_EDGE('',*,*,#5260,.T.);
#5260 = EDGE_CURVE('',#5253,#5261,#5263,.T.);
#5261 = VERTEX_POINT('',#5262);
#5262 = CARTESIAN_POINT('',(81.6,90.425,1.585));
#5263 = LINE('',#5264,#5265);
#5264 = CARTESIAN_POINT('',(83.19,90.425,1.585));
#5265 = VECTOR('',#5266,1.);
#5266 = DIRECTION('',(-1.,0.,0.));
#5267 = ORIENTED_EDGE('',*,*,#5268,.T.);
#5268 = EDGE_CURVE('',#5261,#5269,#5271,.T.);
#5269 = VERTEX_POINT('',#5270);
#5270 = CARTESIAN_POINT('',(81.6,75.325,1.585));
#5271 = LINE('',#5272,#5273);
#5272 = CARTESIAN_POINT('',(81.6,90.425,1.585));
#5273 = VECTOR('',#5274,1.);
#5274 = DIRECTION('',(0.,-1.,0.));
#5275 = ORIENTED_EDGE('',*,*,#5276,.T.);
#5276 = EDGE_CURVE('',#5269,#5277,#5279,.T.);
#5277 = VERTEX_POINT('',#5278);
#5278 = CARTESIAN_POINT('',(83.19,75.325,1.585));
#5279 = LINE('',#5280,#5281);
#5280 = CARTESIAN_POINT('',(81.6,75.325,1.585));
#5281 = VECTOR('',#5282,1.);
#5282 = DIRECTION('',(1.,0.,0.));
#5283 = ORIENTED_EDGE('',*,*,#5284,.T.);
#5284 = EDGE_CURVE('',#5277,#5285,#5287,.T.);
#5285 = VERTEX_POINT('',#5286);
#5286 = CARTESIAN_POINT('',(83.19,75.705,1.585));
#5287 = LINE('',#5288,#5289);
#5288 = CARTESIAN_POINT('',(83.19,75.325,1.585));
#5289 = VECTOR('',#5290,1.);
#5290 = DIRECTION('',(0.,1.,0.));
#5291 = ORIENTED_EDGE('',*,*,#5292,.T.);
#5292 = EDGE_CURVE('',#5285,#5293,#5295,.T.);
#5293 = VERTEX_POINT('',#5294);
#5294 = CARTESIAN_POINT('',(82.04,75.705,1.585));
#5295 = LINE('',#5296,#5297);
#5296 = CARTESIAN_POINT('',(83.19,75.705,1.585));
#5297 = VECTOR('',#5298,1.);
#5298 = DIRECTION('',(-1.,0.,0.));
#5299 = ORIENTED_EDGE('',*,*,#5300,.T.);
#5300 = EDGE_CURVE('',#5293,#5301,#5303,.T.);
#5301 = VERTEX_POINT('',#5302);
#5302 = CARTESIAN_POINT('',(81.98,75.765,1.585));
#5303 = CIRCLE('',#5304,5.999932016262E-02);
#5304 = AXIS2_PLACEMENT_3D('',#5305,#5306,#5307);
#5305 = CARTESIAN_POINT('',(82.039999320159,75.764999320159,1.585));
#5306 = DIRECTION('',(0.,0.,-1.));
#5307 = DIRECTION('',(1.133081564772E-05,-0.999999999936,0.));
#5308 = ORIENTED_EDGE('',*,*,#5309,.T.);
#5309 = EDGE_CURVE('',#5301,#5310,#5312,.T.);
#5310 = VERTEX_POINT('',#5311);
#5311 = CARTESIAN_POINT('',(81.98,89.985,1.585));
#5312 = LINE('',#5313,#5314);
#5313 = CARTESIAN_POINT('',(81.98,75.765,1.585));
#5314 = VECTOR('',#5315,1.);
#5315 = DIRECTION('',(0.,1.,0.));
#5316 = ORIENTED_EDGE('',*,*,#5317,.T.);
#5317 = EDGE_CURVE('',#5310,#5318,#5320,.T.);
#5318 = VERTEX_POINT('',#5319);
#5319 = CARTESIAN_POINT('',(82.04,90.045,1.585));
#5320 = CIRCLE('',#5321,5.99993201626E-02);
#5321 = AXIS2_PLACEMENT_3D('',#5322,#5323,#5324);
#5322 = CARTESIAN_POINT('',(82.039999320159,89.985000679841,1.585));
#5323 = DIRECTION('',(0.,0.,-1.));
#5324 = DIRECTION('',(-0.999999999936,-1.133081588458E-05,-0.));
#5325 = ORIENTED_EDGE('',*,*,#5326,.T.);
#5326 = EDGE_CURVE('',#5318,#5251,#5327,.T.);
#5327 = LINE('',#5328,#5329);
#5328 = CARTESIAN_POINT('',(82.04,90.045,1.585));
#5329 = VECTOR('',#5330,1.);
#5330 = DIRECTION('',(1.,0.,0.));
#5331 = FACE_BOUND('',#5332,.F.);
#5332 = EDGE_LOOP('',(#5333,#5344,#5352,#5360,#5368,#5377,#5385,#5393,
    #5401,#5410,#5418,#5426,#5434,#5443,#5451,#5459));
#5333 = ORIENTED_EDGE('',*,*,#5334,.T.);
#5334 = EDGE_CURVE('',#5335,#5337,#5339,.T.);
#5335 = VERTEX_POINT('',#5336);
#5336 = CARTESIAN_POINT('',(84.06,89.425,1.585));
#5337 = VERTEX_POINT('',#5338);
#5338 = CARTESIAN_POINT('',(84.,89.485,1.585));
#5339 = CIRCLE('',#5340,5.999932016262E-02);
#5340 = AXIS2_PLACEMENT_3D('',#5341,#5342,#5343);
#5341 = CARTESIAN_POINT('',(84.059999320159,89.484999320159,1.585));
#5342 = DIRECTION('',(0.,0.,-1.));
#5343 = DIRECTION('',(1.133081564772E-05,-0.999999999936,0.));
#5344 = ORIENTED_EDGE('',*,*,#5345,.T.);
#5345 = EDGE_CURVE('',#5337,#5346,#5348,.T.);
#5346 = VERTEX_POINT('',#5347);
#5347 = CARTESIAN_POINT('',(84.,90.425,1.585));
#5348 = LINE('',#5349,#5350);
#5349 = CARTESIAN_POINT('',(84.,89.485,1.585));
#5350 = VECTOR('',#5351,1.);
#5351 = DIRECTION('',(0.,1.,0.));
#5352 = ORIENTED_EDGE('',*,*,#5353,.T.);
#5353 = EDGE_CURVE('',#5346,#5354,#5356,.T.);
#5354 = VERTEX_POINT('',#5355);
#5355 = CARTESIAN_POINT('',(83.31,90.425,1.585));
#5356 = LINE('',#5357,#5358);
#5357 = CARTESIAN_POINT('',(84.,90.425,1.585));
#5358 = VECTOR('',#5359,1.);
#5359 = DIRECTION('',(-1.,0.,0.));
#5360 = ORIENTED_EDGE('',*,*,#5361,.T.);
#5361 = EDGE_CURVE('',#5354,#5362,#5364,.T.);
#5362 = VERTEX_POINT('',#5363);
#5363 = CARTESIAN_POINT('',(83.31,89.985,1.585));
#5364 = LINE('',#5365,#5366);
#5365 = CARTESIAN_POINT('',(83.31,90.425,1.585));
#5366 = VECTOR('',#5367,1.);
#5367 = DIRECTION('',(0.,-1.,0.));
#5368 = ORIENTED_EDGE('',*,*,#5369,.T.);
#5369 = EDGE_CURVE('',#5362,#5370,#5372,.T.);
#5370 = VERTEX_POINT('',#5371);
#5371 = CARTESIAN_POINT('',(83.25,89.925,1.585));
#5372 = CIRCLE('',#5373,5.999932016264E-02);
#5373 = AXIS2_PLACEMENT_3D('',#5374,#5375,#5376);
#5374 = CARTESIAN_POINT('',(83.250000679841,89.984999320159,1.585));
#5375 = DIRECTION('',(0.,0.,-1.));
#5376 = DIRECTION('',(0.999999999936,1.133081517402E-05,0.));
#5377 = ORIENTED_EDGE('',*,*,#5378,.T.);
#5378 = EDGE_CURVE('',#5370,#5379,#5381,.T.);
#5379 = VERTEX_POINT('',#5380);
#5380 = CARTESIAN_POINT('',(82.1,89.925,1.585));
#5381 = LINE('',#5382,#5383);
#5382 = CARTESIAN_POINT('',(83.25,89.925,1.585));
#5383 = VECTOR('',#5384,1.);
#5384 = DIRECTION('',(-1.,0.,0.));
#5385 = ORIENTED_EDGE('',*,*,#5386,.T.);
#5386 = EDGE_CURVE('',#5379,#5387,#5389,.T.);
#5387 = VERTEX_POINT('',#5388);
#5388 = CARTESIAN_POINT('',(82.1,75.825,1.585));
#5389 = LINE('',#5390,#5391);
#5390 = CARTESIAN_POINT('',(82.1,89.925,1.585));
#5391 = VECTOR('',#5392,1.);
#5392 = DIRECTION('',(0.,-1.,0.));
#5393 = ORIENTED_EDGE('',*,*,#5394,.T.);
#5394 = EDGE_CURVE('',#5387,#5395,#5397,.T.);
#5395 = VERTEX_POINT('',#5396);
#5396 = CARTESIAN_POINT('',(83.25,75.825,1.585));
#5397 = LINE('',#5398,#5399);
#5398 = CARTESIAN_POINT('',(82.1,75.825,1.585));
#5399 = VECTOR('',#5400,1.);
#5400 = DIRECTION('',(1.,0.,0.));
#5401 = ORIENTED_EDGE('',*,*,#5402,.T.);
#5402 = EDGE_CURVE('',#5395,#5403,#5405,.T.);
#5403 = VERTEX_POINT('',#5404);
#5404 = CARTESIAN_POINT('',(83.31,75.765,1.585));
#5405 = CIRCLE('',#5406,5.999932016263E-02);
#5406 = AXIS2_PLACEMENT_3D('',#5407,#5408,#5409);
#5407 = CARTESIAN_POINT('',(83.250000679841,75.765000679841,1.585));
#5408 = DIRECTION('',(0.,0.,-1.));
#5409 = DIRECTION('',(-1.133081541087E-05,0.999999999936,0.));
#5410 = ORIENTED_EDGE('',*,*,#5411,.T.);
#5411 = EDGE_CURVE('',#5403,#5412,#5414,.T.);
#5412 = VERTEX_POINT('',#5413);
#5413 = CARTESIAN_POINT('',(83.31,75.325,1.585));
#5414 = LINE('',#5415,#5416);
#5415 = CARTESIAN_POINT('',(83.31,75.765,1.585));
#5416 = VECTOR('',#5417,1.);
#5417 = DIRECTION('',(0.,-1.,0.));
#5418 = ORIENTED_EDGE('',*,*,#5419,.T.);
#5419 = EDGE_CURVE('',#5412,#5420,#5422,.T.);
#5420 = VERTEX_POINT('',#5421);
#5421 = CARTESIAN_POINT('',(84.,75.325,1.585));
#5422 = LINE('',#5423,#5424);
#5423 = CARTESIAN_POINT('',(83.31,75.325,1.585));
#5424 = VECTOR('',#5425,1.);
#5425 = DIRECTION('',(1.,0.,0.));
#5426 = ORIENTED_EDGE('',*,*,#5427,.T.);
#5427 = EDGE_CURVE('',#5420,#5428,#5430,.T.);
#5428 = VERTEX_POINT('',#5429);
#5429 = CARTESIAN_POINT('',(84.,76.265,1.585));
#5430 = LINE('',#5431,#5432);
#5431 = CARTESIAN_POINT('',(84.,75.325,1.585));
#5432 = VECTOR('',#5433,1.);
#5433 = DIRECTION('',(0.,1.,0.));
#5434 = ORIENTED_EDGE('',*,*,#5435,.T.);
#5435 = EDGE_CURVE('',#5428,#5436,#5438,.T.);
#5436 = VERTEX_POINT('',#5437);
#5437 = CARTESIAN_POINT('',(84.06,76.325,1.585));
#5438 = CIRCLE('',#5439,5.999932016261E-02);
#5439 = AXIS2_PLACEMENT_3D('',#5440,#5441,#5442);
#5440 = CARTESIAN_POINT('',(84.059999320159,76.265000679841,1.585));
#5441 = DIRECTION('',(0.,0.,-1.));
#5442 = DIRECTION('',(-0.999999999936,-1.133081588457E-05,-0.));
#5443 = ORIENTED_EDGE('',*,*,#5444,.T.);
#5444 = EDGE_CURVE('',#5436,#5445,#5447,.T.);
#5445 = VERTEX_POINT('',#5446);
#5446 = CARTESIAN_POINT('',(85.5,76.325,1.585));
#5447 = LINE('',#5448,#5449);
#5448 = CARTESIAN_POINT('',(84.06,76.325,1.585));
#5449 = VECTOR('',#5450,1.);
#5450 = DIRECTION('',(1.,0.,0.));
#5451 = ORIENTED_EDGE('',*,*,#5452,.T.);
#5452 = EDGE_CURVE('',#5445,#5453,#5455,.T.);
#5453 = VERTEX_POINT('',#5454);
#5454 = CARTESIAN_POINT('',(85.5,89.425,1.585));
#5455 = LINE('',#5456,#5457);
#5456 = CARTESIAN_POINT('',(85.5,76.325,1.585));
#5457 = VECTOR('',#5458,1.);
#5458 = DIRECTION('',(0.,1.,0.));
#5459 = ORIENTED_EDGE('',*,*,#5460,.T.);
#5460 = EDGE_CURVE('',#5453,#5335,#5461,.T.);
#5461 = LINE('',#5462,#5463);
#5462 = CARTESIAN_POINT('',(85.5,89.425,1.585));
#5463 = VECTOR('',#5464,1.);
#5464 = DIRECTION('',(-1.,0.,0.));
#5465 = FACE_BOUND('',#5466,.F.);
#5466 = EDGE_LOOP('',(#5467,#5477,#5485,#5493));
#5467 = ORIENTED_EDGE('',*,*,#5468,.T.);
#5468 = EDGE_CURVE('',#5469,#5471,#5473,.T.);
#5469 = VERTEX_POINT('',#5470);
#5470 = CARTESIAN_POINT('',(85.5,75.325,1.585));
#5471 = VERTEX_POINT('',#5472);
#5472 = CARTESIAN_POINT('',(85.5,76.205,1.585));
#5473 = LINE('',#5474,#5475);
#5474 = CARTESIAN_POINT('',(85.5,75.325,1.585));
#5475 = VECTOR('',#5476,1.);
#5476 = DIRECTION('',(0.,1.,0.));
#5477 = ORIENTED_EDGE('',*,*,#5478,.T.);
#5478 = EDGE_CURVE('',#5471,#5479,#5481,.T.);
#5479 = VERTEX_POINT('',#5480);
#5480 = CARTESIAN_POINT('',(84.12,76.205,1.585));
#5481 = LINE('',#5482,#5483);
#5482 = CARTESIAN_POINT('',(85.5,76.205,1.585));
#5483 = VECTOR('',#5484,1.);
#5484 = DIRECTION('',(-1.,0.,0.));
#5485 = ORIENTED_EDGE('',*,*,#5486,.T.);
#5486 = EDGE_CURVE('',#5479,#5487,#5489,.T.);
#5487 = VERTEX_POINT('',#5488);
#5488 = CARTESIAN_POINT('',(84.12,75.325,1.585));
#5489 = LINE('',#5490,#5491);
#5490 = CARTESIAN_POINT('',(84.12,76.205,1.585));
#5491 = VECTOR('',#5492,1.);
#5492 = DIRECTION('',(0.,-1.,0.));
#5493 = ORIENTED_EDGE('',*,*,#5494,.T.);
#5494 = EDGE_CURVE('',#5487,#5469,#5495,.T.);
#5495 = LINE('',#5496,#5497);
#5496 = CARTESIAN_POINT('',(84.12,75.325,1.585));
#5497 = VECTOR('',#5498,1.);
#5498 = DIRECTION('',(1.,0.,0.));
#5499 = FACE_BOUND('',#5500,.F.);
#5500 = EDGE_LOOP('',(#5501,#5511,#5519,#5527));
#5501 = ORIENTED_EDGE('',*,*,#5502,.T.);
#5502 = EDGE_CURVE('',#5503,#5505,#5507,.T.);
#5503 = VERTEX_POINT('',#5504);
#5504 = CARTESIAN_POINT('',(85.5,89.545,1.585));
#5505 = VERTEX_POINT('',#5506);
#5506 = CARTESIAN_POINT('',(85.5,90.425,1.585));
#5507 = LINE('',#5508,#5509);
#5508 = CARTESIAN_POINT('',(85.5,89.545,1.585));
#5509 = VECTOR('',#5510,1.);
#5510 = DIRECTION('',(0.,1.,0.));
#5511 = ORIENTED_EDGE('',*,*,#5512,.T.);
#5512 = EDGE_CURVE('',#5505,#5513,#5515,.T.);
#5513 = VERTEX_POINT('',#5514);
#5514 = CARTESIAN_POINT('',(84.12,90.425,1.585));
#5515 = LINE('',#5516,#5517);
#5516 = CARTESIAN_POINT('',(85.5,90.425,1.585));
#5517 = VECTOR('',#5518,1.);
#5518 = DIRECTION('',(-1.,0.,0.));
#5519 = ORIENTED_EDGE('',*,*,#5520,.T.);
#5520 = EDGE_CURVE('',#5513,#5521,#5523,.T.);
#5521 = VERTEX_POINT('',#5522);
#5522 = CARTESIAN_POINT('',(84.12,89.545,1.585));
#5523 = LINE('',#5524,#5525);
#5524 = CARTESIAN_POINT('',(84.12,90.425,1.585));
#5525 = VECTOR('',#5526,1.);
#5526 = DIRECTION('',(0.,-1.,0.));
#5527 = ORIENTED_EDGE('',*,*,#5528,.T.);
#5528 = EDGE_CURVE('',#5521,#5503,#5529,.T.);
#5529 = LINE('',#5530,#5531);
#5530 = CARTESIAN_POINT('',(84.12,89.545,1.585));
#5531 = VECTOR('',#5532,1.);
#5532 = DIRECTION('',(1.,0.,0.));
#5533 = PLANE('',#5534);
#5534 = AXIS2_PLACEMENT_3D('',#5535,#5536,#5537);
#5535 = CARTESIAN_POINT('',(0.,0.,1.585));
#5536 = DIRECTION('',(0.,0.,1.));
#5537 = DIRECTION('',(1.,0.,-0.));
#5538 = SHELL_BASED_SURFACE_MODEL('',(#5539));
#5539 = OPEN_SHELL('',(#5540));
#5540 = ADVANCED_FACE('',(#5541),#5611,.T.);
#5541 = FACE_BOUND('',#5542,.F.);
#5542 = EDGE_LOOP('',(#5543,#5554,#5562,#5571,#5579,#5588,#5596,#5605));
#5543 = ORIENTED_EDGE('',*,*,#5544,.T.);
#5544 = EDGE_CURVE('',#5545,#5547,#5549,.T.);
#5545 = VERTEX_POINT('',#5546);
#5546 = CARTESIAN_POINT('',(79.890187,82.468108,1.585));
#5547 = VERTEX_POINT('',#5548);
#5548 = CARTESIAN_POINT('',(79.904819,82.616667,1.585));
#5549 = CIRCLE('',#5550,7.500006711465E-02);
#5550 = AXIS2_PLACEMENT_3D('',#5551,#5552,#5553);
#5551 = CARTESIAN_POINT('',(79.904818932885,82.541666932885,1.585));
#5552 = DIRECTION('',(0.,0.,-1.));
#5553 = DIRECTION('',(-0.195092263891,-0.980784894138,-0.));
#5554 = ORIENTED_EDGE('',*,*,#5555,.T.);
#5555 = EDGE_CURVE('',#5547,#5556,#5558,.T.);
#5556 = VERTEX_POINT('',#5557);
#5557 = CARTESIAN_POINT('',(80.626509,82.615938,1.585));
#5558 = LINE('',#5559,#5560);
#5559 = CARTESIAN_POINT('',(79.904819,82.616667,1.585));
#5560 = VECTOR('',#5561,1.);
#5561 = DIRECTION('',(0.99999948982,-1.010128487419E-03,0.));
#5562 = ORIENTED_EDGE('',*,*,#5563,.T.);
#5563 = EDGE_CURVE('',#5556,#5564,#5566,.T.);
#5564 = VERTEX_POINT('',#5565);
#5565 = CARTESIAN_POINT('',(80.979089,82.26336,1.585));
#5566 = CIRCLE('',#5567,0.383787726409);
#5567 = AXIS2_PLACEMENT_3D('',#5568,#5569,#5570);
#5568 = CARTESIAN_POINT('',(80.596478181392,82.233327011037,1.585));
#5569 = DIRECTION('',(0.,0.,-1.));
#5570 = DIRECTION('',(7.824851224108E-02,0.996933884634,0.));
#5571 = ORIENTED_EDGE('',*,*,#5572,.T.);
#5572 = EDGE_CURVE('',#5564,#5573,#5575,.T.);
#5573 = VERTEX_POINT('',#5574);
#5574 = CARTESIAN_POINT('',(80.978378,82.146083,1.585));
#5575 = LINE('',#5576,#5577);
#5576 = CARTESIAN_POINT('',(80.979089,82.26336,1.585));
#5577 = VECTOR('',#5578,1.);
#5578 = DIRECTION('',(-6.062458402253E-03,-0.99998162313,0.));
#5579 = ORIENTED_EDGE('',*,*,#5580,.T.);
#5580 = EDGE_CURVE('',#5573,#5581,#5583,.T.);
#5581 = VERTEX_POINT('',#5582);
#5582 = CARTESIAN_POINT('',(80.829819,82.160715,1.585));
#5583 = CIRCLE('',#5584,7.500006711464E-02);
#5584 = AXIS2_PLACEMENT_3D('',#5585,#5586,#5587);
#5585 = CARTESIAN_POINT('',(80.904819067115,82.160714932885,1.585));
#5586 = DIRECTION('',(-0.,0.,-1.));
#5587 = DIRECTION('',(0.980784894138,-0.195092263891,-0.));
#5588 = ORIENTED_EDGE('',*,*,#5589,.T.);
#5589 = EDGE_CURVE('',#5581,#5590,#5592,.T.);
#5590 = VERTEX_POINT('',#5591);
#5591 = CARTESIAN_POINT('',(80.829819,82.243783,1.585));
#5592 = LINE('',#5593,#5594);
#5593 = CARTESIAN_POINT('',(80.829819,82.160715,1.585));
#5594 = VECTOR('',#5595,1.);
#5595 = DIRECTION('',(0.,1.,0.));
#5596 = ORIENTED_EDGE('',*,*,#5597,.T.);
#5597 = EDGE_CURVE('',#5590,#5598,#5600,.T.);
#5598 = VERTEX_POINT('',#5599);
#5599 = CARTESIAN_POINT('',(80.606934,82.466667,1.585));
#5600 = CIRCLE('',#5601,0.239434552369);
#5601 = AXIS2_PLACEMENT_3D('',#5602,#5603,#5604);
#5602 = CARTESIAN_POINT('',(80.590920607773,82.227768535924,1.585));
#5603 = DIRECTION('',(0.,0.,1.));
#5604 = DIRECTION('',(0.997760723601,6.68845156944E-02,-0.));
#5605 = ORIENTED_EDGE('',*,*,#5606,.T.);
#5606 = EDGE_CURVE('',#5598,#5545,#5607,.T.);
#5607 = LINE('',#5608,#5609);
#5608 = CARTESIAN_POINT('',(80.606934,82.466667,1.585));
#5609 = VECTOR('',#5610,1.);
#5610 = DIRECTION('',(-0.999997979007,2.010468251347E-03,0.));
#5611 = PLANE('',#5612);
#5612 = AXIS2_PLACEMENT_3D('',#5613,#5614,#5615);
#5613 = CARTESIAN_POINT('',(0.,0.,1.585));
#5614 = DIRECTION('',(0.,0.,1.));
#5615 = DIRECTION('',(1.,0.,-0.));
#5616 = SHELL_BASED_SURFACE_MODEL('',(#5617));
#5617 = OPEN_SHELL('',(#5618));
#5618 = ADVANCED_FACE('',(#5619),#5713,.T.);
#5619 = FACE_BOUND('',#5620,.F.);
#5620 = EDGE_LOOP('',(#5621,#5632,#5640,#5648,#5656,#5665,#5673,#5682,
    #5690,#5699,#5707));
#5621 = ORIENTED_EDGE('',*,*,#5622,.T.);
#5622 = EDGE_CURVE('',#5623,#5625,#5627,.T.);
#5623 = VERTEX_POINT('',#5624);
#5624 = CARTESIAN_POINT('',(70.424567,82.857961,1.585));
#5625 = VERTEX_POINT('',#5626);
#5626 = CARTESIAN_POINT('',(70.54,82.835,1.585));
#5627 = CIRCLE('',#5628,6.000007318648E-02);
#5628 = AXIS2_PLACEMENT_3D('',#5629,#5630,#5631);
#5629 = CARTESIAN_POINT('',(70.479999926814,82.835000176686,1.585));
#5630 = DIRECTION('',(0.,0.,-1.));
#5631 = DIRECTION('',(-0.923880986637,0.382679921777,0.));
#5632 = ORIENTED_EDGE('',*,*,#5633,.T.);
#5633 = EDGE_CURVE('',#5625,#5634,#5636,.T.);
#5634 = VERTEX_POINT('',#5635);
#5635 = CARTESIAN_POINT('',(70.54,82.565,1.585));
#5636 = LINE('',#5637,#5638);
#5637 = CARTESIAN_POINT('',(70.54,82.835,1.585));
#5638 = VECTOR('',#5639,1.);
#5639 = DIRECTION('',(0.,-1.,0.));
#5640 = ORIENTED_EDGE('',*,*,#5641,.T.);
#5641 = EDGE_CURVE('',#5634,#5642,#5644,.T.);
#5642 = VERTEX_POINT('',#5643);
#5643 = CARTESIAN_POINT('',(76.96,82.565,1.585));
#5644 = LINE('',#5645,#5646);
#5645 = CARTESIAN_POINT('',(70.54,82.565,1.585));
#5646 = VECTOR('',#5647,1.);
#5647 = DIRECTION('',(1.,0.,0.));
#5648 = ORIENTED_EDGE('',*,*,#5649,.T.);
#5649 = EDGE_CURVE('',#5642,#5650,#5652,.T.);
#5650 = VERTEX_POINT('',#5651);
#5651 = CARTESIAN_POINT('',(76.96,82.835,1.585));
#5652 = LINE('',#5653,#5654);
#5653 = CARTESIAN_POINT('',(76.96,82.565,1.585));
#5654 = VECTOR('',#5655,1.);
#5655 = DIRECTION('',(0.,1.,0.));
#5656 = ORIENTED_EDGE('',*,*,#5657,.T.);
#5657 = EDGE_CURVE('',#5650,#5658,#5660,.T.);
#5658 = VERTEX_POINT('',#5659);
#5659 = CARTESIAN_POINT('',(77.08,82.835,1.585));
#5660 = CIRCLE('',#5661,6.000000000043E-02);
#5661 = AXIS2_PLACEMENT_3D('',#5662,#5663,#5664);
#5662 = CARTESIAN_POINT('',(77.02,82.835000225588,1.585));
#5663 = DIRECTION('',(0.,0.,-1.));
#5664 = DIRECTION('',(-0.999999999993,-3.759794253683E-06,-0.));
#5665 = ORIENTED_EDGE('',*,*,#5666,.T.);
#5666 = EDGE_CURVE('',#5658,#5667,#5669,.T.);
#5667 = VERTEX_POINT('',#5668);
#5668 = CARTESIAN_POINT('',(77.08,82.505,1.585));
#5669 = LINE('',#5670,#5671);
#5670 = CARTESIAN_POINT('',(77.08,82.835,1.585));
#5671 = VECTOR('',#5672,1.);
#5672 = DIRECTION('',(0.,-1.,0.));
#5673 = ORIENTED_EDGE('',*,*,#5674,.T.);
#5674 = EDGE_CURVE('',#5667,#5675,#5677,.T.);
#5675 = VERTEX_POINT('',#5676);
#5676 = CARTESIAN_POINT('',(77.02,82.445,1.585));
#5677 = CIRCLE('',#5678,5.999932016259E-02);
#5678 = AXIS2_PLACEMENT_3D('',#5679,#5680,#5681);
#5679 = CARTESIAN_POINT('',(77.020000679841,82.504999320159,1.585));
#5680 = DIRECTION('',(0.,0.,-1.));
#5681 = DIRECTION('',(0.999999999936,1.133081612143E-05,0.));
#5682 = ORIENTED_EDGE('',*,*,#5683,.T.);
#5683 = EDGE_CURVE('',#5675,#5684,#5686,.T.);
#5684 = VERTEX_POINT('',#5685);
#5685 = CARTESIAN_POINT('',(70.48,82.445,1.585));
#5686 = LINE('',#5687,#5688);
#5687 = CARTESIAN_POINT('',(77.02,82.445,1.585));
#5688 = VECTOR('',#5689,1.);
#5689 = DIRECTION('',(-1.,0.,0.));
#5690 = ORIENTED_EDGE('',*,*,#5691,.T.);
#5691 = EDGE_CURVE('',#5684,#5692,#5694,.T.);
#5692 = VERTEX_POINT('',#5693);
#5693 = CARTESIAN_POINT('',(70.42,82.505,1.585));
#5694 = CIRCLE('',#5695,5.999932016262E-02);
#5695 = AXIS2_PLACEMENT_3D('',#5696,#5697,#5698);
#5696 = CARTESIAN_POINT('',(70.479999320159,82.504999320159,1.585));
#5697 = DIRECTION('',(0.,0.,-1.));
#5698 = DIRECTION('',(1.133081564772E-05,-0.999999999936,0.));
#5699 = ORIENTED_EDGE('',*,*,#5700,.T.);
#5700 = EDGE_CURVE('',#5692,#5701,#5703,.T.);
#5701 = VERTEX_POINT('',#5702);
#5702 = CARTESIAN_POINT('',(70.42,82.835,1.585));
#5703 = LINE('',#5704,#5705);
#5704 = CARTESIAN_POINT('',(70.42,82.505,1.585));
#5705 = VECTOR('',#5706,1.);
#5706 = DIRECTION('',(0.,1.,0.));
#5707 = ORIENTED_EDGE('',*,*,#5708,.T.);
#5708 = EDGE_CURVE('',#5701,#5623,#5709,.T.);
#5709 = LINE('',#5710,#5711);
#5710 = CARTESIAN_POINT('',(70.42,82.835,1.585));
#5711 = VECTOR('',#5712,1.);
#5712 = DIRECTION('',(0.195081000118,0.980787134598,0.));
#5713 = PLANE('',#5714);
#5714 = AXIS2_PLACEMENT_3D('',#5715,#5716,#5717);
#5715 = CARTESIAN_POINT('',(0.,0.,1.585));
#5716 = DIRECTION('',(0.,0.,1.));
#5717 = DIRECTION('',(1.,0.,-0.));
#5718 = SHELL_BASED_SURFACE_MODEL('',(#5719));
#5719 = OPEN_SHELL('',(#5720));
#5720 = ADVANCED_FACE('',(#5721),#5896,.T.);
#5721 = FACE_BOUND('',#5722,.F.);
#5722 = EDGE_LOOP('',(#5723,#5733,#5741,#5749,#5757,#5765,#5774,#5782,
    #5791,#5799,#5807,#5815,#5823,#5831,#5840,#5848,#5856,#5864,#5873,
    #5881,#5890));
#5723 = ORIENTED_EDGE('',*,*,#5724,.T.);
#5724 = EDGE_CURVE('',#5725,#5727,#5729,.T.);
#5725 = VERTEX_POINT('',#5726);
#5726 = CARTESIAN_POINT('',(79.960216,83.557166,1.585));
#5727 = VERTEX_POINT('',#5728);
#5728 = CARTESIAN_POINT('',(80.080663,83.615226,1.585));
#5729 = LINE('',#5730,#5731);
#5730 = CARTESIAN_POINT('',(79.960216,83.557166,1.585));
#5731 = VECTOR('',#5732,1.);
#5732 = DIRECTION('',(0.900805720197,0.434222356012,0.));
#5733 = ORIENTED_EDGE('',*,*,#5734,.T.);
#5734 = EDGE_CURVE('',#5727,#5735,#5737,.T.);
#5735 = VERTEX_POINT('',#5736);
#5736 = CARTESIAN_POINT('',(80.197938,83.615938,1.585));
#5737 = LINE('',#5738,#5739);
#5738 = CARTESIAN_POINT('',(80.080663,83.615226,1.585));
#5739 = VECTOR('',#5740,1.);
#5740 = DIRECTION('',(0.999981570774,6.071088282958E-03,0.));
#5741 = ORIENTED_EDGE('',*,*,#5742,.T.);
#5742 = EDGE_CURVE('',#5735,#5743,#5745,.T.);
#5743 = VERTEX_POINT('',#5744);
#5744 = CARTESIAN_POINT('',(80.375058,83.556408,1.585));
#5745 = LINE('',#5746,#5747);
#5746 = CARTESIAN_POINT('',(80.197938,83.615938,1.585));
#5747 = VECTOR('',#5748,1.);
#5748 = DIRECTION('',(0.947893661994,-0.318586888542,0.));
#5749 = ORIENTED_EDGE('',*,*,#5750,.T.);
#5750 = EDGE_CURVE('',#5743,#5751,#5753,.T.);
#5751 = VERTEX_POINT('',#5752);
#5752 = CARTESIAN_POINT('',(80.829819,83.103686,1.585));
#5753 = LINE('',#5754,#5755);
#5754 = CARTESIAN_POINT('',(80.375058,83.556408,1.585));
#5755 = VECTOR('',#5756,1.);
#5756 = DIRECTION('',(0.708693772163,-0.705516220435,0.));
#5757 = ORIENTED_EDGE('',*,*,#5758,.T.);
#5758 = EDGE_CURVE('',#5751,#5759,#5761,.T.);
#5759 = VERTEX_POINT('',#5760);
#5760 = CARTESIAN_POINT('',(80.83126,83.556299,1.585));
#5761 = LINE('',#5762,#5763);
#5762 = CARTESIAN_POINT('',(80.829819,83.103686,1.585));
#5763 = VECTOR('',#5764,1.);
#5764 = DIRECTION('',(3.183719197072E-03,0.999994931953,0.));
#5765 = ORIENTED_EDGE('',*,*,#5766,.T.);
#5766 = EDGE_CURVE('',#5759,#5767,#5769,.T.);
#5767 = VERTEX_POINT('',#5768);
#5768 = CARTESIAN_POINT('',(80.979819,83.541667,1.585));
#5769 = CIRCLE('',#5770,7.500006711463E-02);
#5770 = AXIS2_PLACEMENT_3D('',#5771,#5772,#5773);
#5771 = CARTESIAN_POINT('',(80.904818932885,83.541667067115,1.585));
#5772 = DIRECTION('',(0.,0.,-1.));
#5773 = DIRECTION('',(-0.980784894138,0.195092263891,0.));
#5774 = ORIENTED_EDGE('',*,*,#5775,.T.);
#5775 = EDGE_CURVE('',#5767,#5776,#5778,.T.);
#5776 = VERTEX_POINT('',#5777);
#5777 = CARTESIAN_POINT('',(80.978378,82.907988,1.585));
#5778 = LINE('',#5779,#5780);
#5779 = CARTESIAN_POINT('',(80.979819,83.541667,1.585));
#5780 = VECTOR('',#5781,1.);
#5781 = DIRECTION('',(-2.274016140951E-03,-0.999997414422,0.));
#5782 = ORIENTED_EDGE('',*,*,#5783,.T.);
#5783 = EDGE_CURVE('',#5776,#5784,#5786,.T.);
#5784 = VERTEX_POINT('',#5785);
#5785 = CARTESIAN_POINT('',(80.919451,82.849061,1.585));
#5786 = CIRCLE('',#5787,7.499663284014E-02);
#5787 = AXIS2_PLACEMENT_3D('',#5788,#5789,#5790);
#5788 = CARTESIAN_POINT('',(80.904821987751,82.922617012249,1.585));
#5789 = DIRECTION('',(0.,0.,-1.));
#5790 = DIRECTION('',(0.980790863049,-0.195062254064,0.));
#5791 = ORIENTED_EDGE('',*,*,#5792,.T.);
#5792 = EDGE_CURVE('',#5784,#5793,#5795,.T.);
#5793 = VERTEX_POINT('',#5794);
#5794 = CARTESIAN_POINT('',(80.882268,82.852341,1.585));
#5795 = LINE('',#5796,#5797);
#5796 = CARTESIAN_POINT('',(80.919451,82.849061,1.585));
#5797 = VECTOR('',#5798,1.);
#5798 = DIRECTION('',(-0.996131850393,8.787113652145E-02,0.));
#5799 = ORIENTED_EDGE('',*,*,#5800,.T.);
#5800 = EDGE_CURVE('',#5793,#5801,#5803,.T.);
#5801 = VERTEX_POINT('',#5802);
#5802 = CARTESIAN_POINT('',(80.851786,82.869587,1.585));
#5803 = LINE('',#5804,#5805);
#5804 = CARTESIAN_POINT('',(80.882268,82.852341,1.585));
#5805 = VECTOR('',#5806,1.);
#5806 = DIRECTION('',(-0.870354298731,0.492426029654,0.));
#5807 = ORIENTED_EDGE('',*,*,#5808,.T.);
#5808 = EDGE_CURVE('',#5801,#5809,#5811,.T.);
#5809 = VERTEX_POINT('',#5810);
#5810 = CARTESIAN_POINT('',(80.292876,83.428496,1.585));
#5811 = LINE('',#5812,#5813);
#5812 = CARTESIAN_POINT('',(80.851786,82.869587,1.585));
#5813 = VECTOR('',#5814,1.);
#5814 = DIRECTION('',(-0.707107413763,0.707106148609,0.));
#5815 = ORIENTED_EDGE('',*,*,#5816,.T.);
#5816 = EDGE_CURVE('',#5809,#5817,#5819,.T.);
#5817 = VERTEX_POINT('',#5818);
#5818 = CARTESIAN_POINT('',(80.178363,83.466667,1.585));
#5819 = LINE('',#5820,#5821);
#5820 = CARTESIAN_POINT('',(80.292876,83.428496,1.585));
#5821 = VECTOR('',#5822,1.);
#5822 = DIRECTION('',(-0.948683298051,0.316227766017,0.));
#5823 = ORIENTED_EDGE('',*,*,#5824,.T.);
#5824 = EDGE_CURVE('',#5817,#5825,#5827,.T.);
#5825 = VERTEX_POINT('',#5826);
#5826 = CARTESIAN_POINT('',(80.113,83.466667,1.585));
#5827 = LINE('',#5828,#5829);
#5828 = CARTESIAN_POINT('',(80.178363,83.466667,1.585));
#5829 = VECTOR('',#5830,1.);
#5830 = DIRECTION('',(-1.,0.,0.));
#5831 = ORIENTED_EDGE('',*,*,#5832,.T.);
#5832 = EDGE_CURVE('',#5825,#5833,#5835,.T.);
#5833 = VERTEX_POINT('',#5834);
#5834 = CARTESIAN_POINT('',(79.979819,83.333486,1.585));
#5835 = CIRCLE('',#5836,0.18686440374);
#5836 = AXIS2_PLACEMENT_3D('',#5837,#5838,#5839);
#5837 = CARTESIAN_POINT('',(80.160536,83.28595,1.585));
#5838 = DIRECTION('',(0.,0.,1.));
#5839 = DIRECTION('',(-0.254387668537,0.967102328658,0.));
#5840 = ORIENTED_EDGE('',*,*,#5841,.T.);
#5841 = EDGE_CURVE('',#5833,#5842,#5844,.T.);
#5842 = VERTEX_POINT('',#5843);
#5843 = CARTESIAN_POINT('',(79.979819,83.130801,1.585));
#5844 = LINE('',#5845,#5846);
#5845 = CARTESIAN_POINT('',(79.979819,83.333486,1.585));
#5846 = VECTOR('',#5847,1.);
#5847 = DIRECTION('',(0.,-1.,0.));
#5848 = ORIENTED_EDGE('',*,*,#5849,.T.);
#5849 = EDGE_CURVE('',#5842,#5850,#5852,.T.);
#5850 = VERTEX_POINT('',#5851);
#5851 = CARTESIAN_POINT('',(80.014077,83.062285,1.585));
#5852 = LINE('',#5853,#5854);
#5853 = CARTESIAN_POINT('',(79.979819,83.130801,1.585));
#5854 = VECTOR('',#5855,1.);
#5855 = DIRECTION('',(0.4472135955,-0.894427191,0.));
#5856 = ORIENTED_EDGE('',*,*,#5857,.T.);
#5857 = EDGE_CURVE('',#5850,#5858,#5860,.T.);
#5858 = VERTEX_POINT('',#5859);
#5859 = CARTESIAN_POINT('',(80.062417,83.011907,1.585));
#5860 = LINE('',#5861,#5862);
#5861 = CARTESIAN_POINT('',(80.014077,83.062285,1.585));
#5862 = VECTOR('',#5863,1.);
#5863 = DIRECTION('',(0.692361271629,-0.721551016594,0.));
#5864 = ORIENTED_EDGE('',*,*,#5865,.T.);
#5865 = EDGE_CURVE('',#5858,#5866,#5868,.T.);
#5866 = VERTEX_POINT('',#5867);
#5867 = CARTESIAN_POINT('',(79.947024,82.917206,1.585));
#5868 = CIRCLE('',#5869,7.500003178656E-02);
#5869 = AXIS2_PLACEMENT_3D('',#5870,#5871,#5872);
#5870 = CARTESIAN_POINT('',(80.000056562127,82.9702395,1.585));
#5871 = DIRECTION('',(0.,0.,-1.));
#5872 = DIRECTION('',(0.831472152581,0.555566431206,0.));
#5873 = ORIENTED_EDGE('',*,*,#5874,.T.);
#5874 = EDGE_CURVE('',#5866,#5875,#5877,.T.);
#5875 = VERTEX_POINT('',#5876);
#5876 = CARTESIAN_POINT('',(79.885356,82.984317,1.585));
#5877 = LINE('',#5878,#5879);
#5878 = CARTESIAN_POINT('',(79.947024,82.917206,1.585));
#5879 = VECTOR('',#5880,1.);
#5880 = DIRECTION('',(-0.676615964248,0.736336089652,0.));
#5881 = ORIENTED_EDGE('',*,*,#5882,.T.);
#5882 = EDGE_CURVE('',#5875,#5883,#5885,.T.);
#5883 = VERTEX_POINT('',#5884);
#5884 = CARTESIAN_POINT('',(79.894686,83.493713,1.585));
#5885 = CIRCLE('',#5886,0.450051227017);
#5886 = AXIS2_PLACEMENT_3D('',#5887,#5888,#5889);
#5887 = CARTESIAN_POINT('',(80.260975324154,83.232220671336,1.585));
#5888 = DIRECTION('',(0.,0.,-1.));
#5889 = DIRECTION('',(-0.834614598528,-0.550834341634,-0.));
#5890 = ORIENTED_EDGE('',*,*,#5891,.T.);
#5891 = EDGE_CURVE('',#5883,#5725,#5892,.T.);
#5892 = LINE('',#5893,#5894);
#5893 = CARTESIAN_POINT('',(79.894686,83.493713,1.585));
#5894 = VECTOR('',#5895,1.);
#5895 = DIRECTION('',(0.718400113328,0.695630129574,0.));
#5896 = PLANE('',#5897);
#5897 = AXIS2_PLACEMENT_3D('',#5898,#5899,#5900);
#5898 = CARTESIAN_POINT('',(0.,0.,1.585));
#5899 = DIRECTION('',(0.,0.,1.));
#5900 = DIRECTION('',(1.,0.,-0.));
#5901 = SHELL_BASED_SURFACE_MODEL('',(#5902));
#5902 = OPEN_SHELL('',(#5903));
#5903 = ADVANCED_FACE('',(#5904),#5990,.T.);
#5904 = FACE_BOUND('',#5905,.F.);
#5905 = EDGE_LOOP('',(#5906,#5917,#5925,#5934,#5942,#5951,#5959,#5967,
    #5975,#5984));
#5906 = ORIENTED_EDGE('',*,*,#5907,.T.);
#5907 = EDGE_CURVE('',#5908,#5910,#5912,.T.);
#5908 = VERTEX_POINT('',#5909);
#5909 = CARTESIAN_POINT('',(70.42,85.245,1.585));
#5910 = VERTEX_POINT('',#5911);
#5911 = CARTESIAN_POINT('',(70.48,85.305,1.585));
#5912 = CIRCLE('',#5913,5.999932016259E-02);
#5913 = AXIS2_PLACEMENT_3D('',#5914,#5915,#5916);
#5914 = CARTESIAN_POINT('',(70.479999320159,85.245000679841,1.585));
#5915 = DIRECTION('',(0.,0.,-1.));
#5916 = DIRECTION('',(-0.999999999936,-1.133081612143E-05,-0.));
#5917 = ORIENTED_EDGE('',*,*,#5918,.T.);
#5918 = EDGE_CURVE('',#5910,#5919,#5921,.T.);
#5919 = VERTEX_POINT('',#5920);
#5920 = CARTESIAN_POINT('',(77.02,85.305,1.585));
#5921 = LINE('',#5922,#5923);
#5922 = CARTESIAN_POINT('',(70.48,85.305,1.585));
#5923 = VECTOR('',#5924,1.);
#5924 = DIRECTION('',(1.,0.,0.));
#5925 = ORIENTED_EDGE('',*,*,#5926,.T.);
#5926 = EDGE_CURVE('',#5919,#5927,#5929,.T.);
#5927 = VERTEX_POINT('',#5928);
#5928 = CARTESIAN_POINT('',(77.08,85.245,1.585));
#5929 = CIRCLE('',#5930,5.999932016262E-02);
#5930 = AXIS2_PLACEMENT_3D('',#5931,#5932,#5933);
#5931 = CARTESIAN_POINT('',(77.020000679841,85.245000679841,1.585));
#5932 = DIRECTION('',(0.,0.,-1.));
#5933 = DIRECTION('',(-1.133081564772E-05,0.999999999936,0.));
#5934 = ORIENTED_EDGE('',*,*,#5935,.T.);
#5935 = EDGE_CURVE('',#5927,#5936,#5938,.T.);
#5936 = VERTEX_POINT('',#5937);
#5937 = CARTESIAN_POINT('',(77.08,84.915,1.585));
#5938 = LINE('',#5939,#5940);
#5939 = CARTESIAN_POINT('',(77.08,85.245,1.585));
#5940 = VECTOR('',#5941,1.);
#5941 = DIRECTION('',(0.,-1.,0.));
#5942 = ORIENTED_EDGE('',*,*,#5943,.T.);
#5943 = EDGE_CURVE('',#5936,#5944,#5946,.T.);
#5944 = VERTEX_POINT('',#5945);
#5945 = CARTESIAN_POINT('',(76.96,84.915,1.585));
#5946 = CIRCLE('',#5947,6.000000000042E-02);
#5947 = AXIS2_PLACEMENT_3D('',#5948,#5949,#5950);
#5948 = CARTESIAN_POINT('',(77.02,84.914999774412,1.585));
#5949 = DIRECTION('',(0.,0.,-1.));
#5950 = DIRECTION('',(0.999999999993,3.759794490531E-06,0.));
#5951 = ORIENTED_EDGE('',*,*,#5952,.T.);
#5952 = EDGE_CURVE('',#5944,#5953,#5955,.T.);
#5953 = VERTEX_POINT('',#5954);
#5954 = CARTESIAN_POINT('',(76.96,85.185,1.585));
#5955 = LINE('',#5956,#5957);
#5956 = CARTESIAN_POINT('',(76.96,84.915,1.585));
#5957 = VECTOR('',#5958,1.);
#5958 = DIRECTION('',(0.,1.,0.));
#5959 = ORIENTED_EDGE('',*,*,#5960,.T.);
#5960 = EDGE_CURVE('',#5953,#5961,#5963,.T.);
#5961 = VERTEX_POINT('',#5962);
#5962 = CARTESIAN_POINT('',(70.54,85.185,1.585));
#5963 = LINE('',#5964,#5965);
#5964 = CARTESIAN_POINT('',(76.96,85.185,1.585));
#5965 = VECTOR('',#5966,1.);
#5966 = DIRECTION('',(-1.,0.,0.));
#5967 = ORIENTED_EDGE('',*,*,#5968,.T.);
#5968 = EDGE_CURVE('',#5961,#5969,#5971,.T.);
#5969 = VERTEX_POINT('',#5970);
#5970 = CARTESIAN_POINT('',(70.54,84.915,1.585));
#5971 = LINE('',#5972,#5973);
#5972 = CARTESIAN_POINT('',(70.54,85.185,1.585));
#5973 = VECTOR('',#5974,1.);
#5974 = DIRECTION('',(0.,-1.,0.));
#5975 = ORIENTED_EDGE('',*,*,#5976,.T.);
#5976 = EDGE_CURVE('',#5969,#5977,#5979,.T.);
#5977 = VERTEX_POINT('',#5978);
#5978 = CARTESIAN_POINT('',(70.42,84.915,1.585));
#5979 = CIRCLE('',#5980,6.000000000043E-02);
#5980 = AXIS2_PLACEMENT_3D('',#5981,#5982,#5983);
#5981 = CARTESIAN_POINT('',(70.48,84.914999774412,1.585));
#5982 = DIRECTION('',(0.,0.,-1.));
#5983 = DIRECTION('',(0.999999999993,3.759794253683E-06,0.));
#5984 = ORIENTED_EDGE('',*,*,#5985,.T.);
#5985 = EDGE_CURVE('',#5977,#5908,#5986,.T.);
#5986 = LINE('',#5987,#5988);
#5987 = CARTESIAN_POINT('',(70.42,84.915,1.585));
#5988 = VECTOR('',#5989,1.);
#5989 = DIRECTION('',(0.,1.,0.));
#5990 = PLANE('',#5991);
#5991 = AXIS2_PLACEMENT_3D('',#5992,#5993,#5994);
#5992 = CARTESIAN_POINT('',(0.,0.,1.585));
#5993 = DIRECTION('',(0.,0.,1.));
#5994 = DIRECTION('',(1.,0.,-0.));
#5995 = SHELL_BASED_SURFACE_MODEL('',(#5996));
#5996 = OPEN_SHELL('',(#5997));
#5997 = ADVANCED_FACE('',(#5998,#6349,#6383,#6433),#6476,.T.);
#5998 = FACE_BOUND('',#5999,.F.);
#5999 = EDGE_LOOP('',(#6000,#6011,#6019,#6027,#6035,#6044,#6052,#6061,
    #6069,#6077,#6085,#6094,#6102,#6110,#6119,#6127,#6135,#6144,#6152,
    #6160,#6169,#6177,#6185,#6194,#6202,#6210,#6218,#6227,#6235,#6243,
    #6252,#6260,#6269,#6277,#6285,#6293,#6302,#6310,#6319,#6327,#6335,
    #6343));
#6000 = ORIENTED_EDGE('',*,*,#6001,.T.);
#6001 = EDGE_CURVE('',#6002,#6004,#6006,.T.);
#6002 = VERTEX_POINT('',#6003);
#6003 = CARTESIAN_POINT('',(74.156398,86.897049,1.585));
#6004 = VERTEX_POINT('',#6005);
#6005 = CARTESIAN_POINT('',(74.273532,86.814082,1.585));
#6006 = CIRCLE('',#6007,7.499955990672E-02);
#6007 = AXIS2_PLACEMENT_3D('',#6008,#6009,#6010);
#6008 = CARTESIAN_POINT('',(74.202381500953,86.83779993565,1.585));
#6009 = DIRECTION('',(0.,0.,-1.));
#6010 = DIRECTION('',(-0.613116943749,0.78999216027,0.));
#6011 = ORIENTED_EDGE('',*,*,#6012,.T.);
#6012 = EDGE_CURVE('',#6004,#6013,#6015,.T.);
#6013 = VERTEX_POINT('',#6014);
#6014 = CARTESIAN_POINT('',(74.190505,86.565,1.585));
#6015 = LINE('',#6016,#6017);
#6016 = CARTESIAN_POINT('',(74.273532,86.814082,1.585));
#6017 = VECTOR('',#6018,1.);
#6018 = DIRECTION('',(-0.316226623401,-0.948683678922,0.));
#6019 = ORIENTED_EDGE('',*,*,#6020,.T.);
#6020 = EDGE_CURVE('',#6013,#6021,#6023,.T.);
#6021 = VERTEX_POINT('',#6022);
#6022 = CARTESIAN_POINT('',(76.96,86.565,1.585));
#6023 = LINE('',#6024,#6025);
#6024 = CARTESIAN_POINT('',(74.190505,86.565,1.585));
#6025 = VECTOR('',#6026,1.);
#6026 = DIRECTION('',(1.,0.,0.));
#6027 = ORIENTED_EDGE('',*,*,#6028,.T.);
#6028 = EDGE_CURVE('',#6021,#6029,#6031,.T.);
#6029 = VERTEX_POINT('',#6030);
#6030 = CARTESIAN_POINT('',(76.96,86.835,1.585));
#6031 = LINE('',#6032,#6033);
#6032 = CARTESIAN_POINT('',(76.96,86.565,1.585));
#6033 = VECTOR('',#6034,1.);
#6034 = DIRECTION('',(0.,1.,0.));
#6035 = ORIENTED_EDGE('',*,*,#6036,.T.);
#6036 = EDGE_CURVE('',#6029,#6037,#6039,.T.);
#6037 = VERTEX_POINT('',#6038);
#6038 = CARTESIAN_POINT('',(77.08,86.835,1.585));
#6039 = CIRCLE('',#6040,6.000000000043E-02);
#6040 = AXIS2_PLACEMENT_3D('',#6041,#6042,#6043);
#6041 = CARTESIAN_POINT('',(77.02,86.835000225588,1.585));
#6042 = DIRECTION('',(0.,0.,-1.));
#6043 = DIRECTION('',(-0.999999999993,-3.759794253683E-06,-0.));
#6044 = ORIENTED_EDGE('',*,*,#6045,.T.);
#6045 = EDGE_CURVE('',#6037,#6046,#6048,.T.);
#6046 = VERTEX_POINT('',#6047);
#6047 = CARTESIAN_POINT('',(77.08,86.505,1.585));
#6048 = LINE('',#6049,#6050);
#6049 = CARTESIAN_POINT('',(77.08,86.835,1.585));
#6050 = VECTOR('',#6051,1.);
#6051 = DIRECTION('',(0.,-1.,0.));
#6052 = ORIENTED_EDGE('',*,*,#6053,.T.);
#6053 = EDGE_CURVE('',#6046,#6054,#6056,.T.);
#6054 = VERTEX_POINT('',#6055);
#6055 = CARTESIAN_POINT('',(77.02,86.445,1.585));
#6056 = CIRCLE('',#6057,5.999932016259E-02);
#6057 = AXIS2_PLACEMENT_3D('',#6058,#6059,#6060);
#6058 = CARTESIAN_POINT('',(77.020000679841,86.504999320159,1.585));
#6059 = DIRECTION('',(0.,0.,-1.));
#6060 = DIRECTION('',(0.999999999936,1.133081612143E-05,0.));
#6061 = ORIENTED_EDGE('',*,*,#6062,.T.);
#6062 = EDGE_CURVE('',#6054,#6063,#6065,.T.);
#6063 = VERTEX_POINT('',#6064);
#6064 = CARTESIAN_POINT('',(74.515476,86.445,1.585));
#6065 = LINE('',#6066,#6067);
#6066 = CARTESIAN_POINT('',(77.02,86.445,1.585));
#6067 = VECTOR('',#6068,1.);
#6068 = DIRECTION('',(-1.,0.,0.));
#6069 = ORIENTED_EDGE('',*,*,#6070,.T.);
#6070 = EDGE_CURVE('',#6063,#6071,#6073,.T.);
#6071 = VERTEX_POINT('',#6072);
#6072 = CARTESIAN_POINT('',(74.515476,86.198515,1.585));
#6073 = LINE('',#6074,#6075);
#6074 = CARTESIAN_POINT('',(74.515476,86.445,1.585));
#6075 = VECTOR('',#6076,1.);
#6076 = DIRECTION('',(0.,-1.,0.));
#6077 = ORIENTED_EDGE('',*,*,#6078,.T.);
#6078 = EDGE_CURVE('',#6071,#6079,#6081,.T.);
#6079 = VERTEX_POINT('',#6080);
#6080 = CARTESIAN_POINT('',(74.597965,86.197074,1.585));
#6081 = LINE('',#6082,#6083);
#6082 = CARTESIAN_POINT('',(74.515476,86.198515,1.585));
#6083 = VECTOR('',#6084,1.);
#6084 = DIRECTION('',(0.999847452005,-1.746633100582E-02,0.));
#6085 = ORIENTED_EDGE('',*,*,#6086,.T.);
#6086 = EDGE_CURVE('',#6079,#6087,#6089,.T.);
#6087 = VERTEX_POINT('',#6088);
#6088 = CARTESIAN_POINT('',(74.583333,86.048515,1.585));
#6089 = CIRCLE('',#6090,7.500006711463E-02);
#6090 = AXIS2_PLACEMENT_3D('',#6091,#6092,#6093);
#6091 = CARTESIAN_POINT('',(74.583333067115,86.123515067115,1.585));
#6092 = DIRECTION('',(0.,0.,-1.));
#6093 = DIRECTION('',(0.195092263891,0.980784894138,0.));
#6094 = ORIENTED_EDGE('',*,*,#6095,.T.);
#6095 = EDGE_CURVE('',#6087,#6096,#6098,.T.);
#6096 = VERTEX_POINT('',#6097);
#6097 = CARTESIAN_POINT('',(74.515476,86.048515,1.585));
#6098 = LINE('',#6099,#6100);
#6099 = CARTESIAN_POINT('',(74.583333,86.048515,1.585));
#6100 = VECTOR('',#6101,1.);
#6101 = DIRECTION('',(-1.,0.,0.));
#6102 = ORIENTED_EDGE('',*,*,#6103,.T.);
#6103 = EDGE_CURVE('',#6096,#6104,#6106,.T.);
#6104 = VERTEX_POINT('',#6105);
#6105 = CARTESIAN_POINT('',(74.514035,85.775549,1.585));
#6106 = LINE('',#6107,#6108);
#6107 = CARTESIAN_POINT('',(74.515476,86.048515,1.585));
#6108 = VECTOR('',#6109,1.);
#6109 = DIRECTION('',(-5.278972184419E-03,-0.999986066129,0.));
#6110 = ORIENTED_EDGE('',*,*,#6111,.T.);
#6111 = EDGE_CURVE('',#6104,#6112,#6114,.T.);
#6112 = VERTEX_POINT('',#6113);
#6113 = CARTESIAN_POINT('',(74.365476,85.790181,1.585));
#6114 = CIRCLE('',#6115,7.500006711464E-02);
#6115 = AXIS2_PLACEMENT_3D('',#6116,#6117,#6118);
#6116 = CARTESIAN_POINT('',(74.440476067115,85.790180932885,1.585));
#6117 = DIRECTION('',(-0.,0.,-1.));
#6118 = DIRECTION('',(0.980784894138,-0.195092263891,-0.));
#6119 = ORIENTED_EDGE('',*,*,#6120,.T.);
#6120 = EDGE_CURVE('',#6112,#6121,#6123,.T.);
#6121 = VERTEX_POINT('',#6122);
#6122 = CARTESIAN_POINT('',(74.365476,86.048515,1.585));
#6123 = LINE('',#6124,#6125);
#6124 = CARTESIAN_POINT('',(74.365476,85.790181,1.585));
#6125 = VECTOR('',#6126,1.);
#6126 = DIRECTION('',(0.,1.,0.));
#6127 = ORIENTED_EDGE('',*,*,#6128,.T.);
#6128 = EDGE_CURVE('',#6121,#6129,#6131,.T.);
#6129 = VERTEX_POINT('',#6130);
#6130 = CARTESIAN_POINT('',(73.949654,86.049956,1.585));
#6131 = LINE('',#6132,#6133);
#6132 = CARTESIAN_POINT('',(74.365476,86.048515,1.585));
#6133 = VECTOR('',#6134,1.);
#6134 = DIRECTION('',(-0.999993995468,3.465404301528E-03,0.));
#6135 = ORIENTED_EDGE('',*,*,#6136,.T.);
#6136 = EDGE_CURVE('',#6129,#6137,#6139,.T.);
#6137 = VERTEX_POINT('',#6138);
#6138 = CARTESIAN_POINT('',(73.893135,86.147232,1.585));
#6139 = CIRCLE('',#6140,7.49999704504E-02);
#6140 = AXIS2_PLACEMENT_3D('',#6141,#6142,#6143);
#6141 = CARTESIAN_POINT('',(73.964286172573,86.12351478665,1.585));
#6142 = DIRECTION('',(0.,0.,-1.));
#6143 = DIRECTION('',(-0.195095711168,-0.980784208419,-0.));
#6144 = ORIENTED_EDGE('',*,*,#6145,.T.);
#6145 = EDGE_CURVE('',#6137,#6146,#6148,.T.);
#6146 = VERTEX_POINT('',#6147);
#6147 = CARTESIAN_POINT('',(73.992391,86.445,1.585));
#6148 = LINE('',#6149,#6150);
#6149 = CARTESIAN_POINT('',(73.893135,86.147232,1.585));
#6150 = VECTOR('',#6151,1.);
#6151 = DIRECTION('',(0.316227766017,0.948683298051,0.));
#6152 = ORIENTED_EDGE('',*,*,#6153,.T.);
#6153 = EDGE_CURVE('',#6146,#6154,#6156,.T.);
#6154 = VERTEX_POINT('',#6155);
#6155 = CARTESIAN_POINT('',(73.656892,86.442216,1.585));
#6156 = LINE('',#6157,#6158);
#6157 = CARTESIAN_POINT('',(73.992391,86.445,1.585));
#6158 = VECTOR('',#6159,1.);
#6159 = DIRECTION('',(-0.999965572651,-8.297801645467E-03,0.));
#6160 = ORIENTED_EDGE('',*,*,#6161,.T.);
#6161 = EDGE_CURVE('',#6154,#6162,#6164,.T.);
#6162 = VERTEX_POINT('',#6163);
#6163 = CARTESIAN_POINT('',(73.407489,86.192813,1.585));
#6164 = CIRCLE('',#6165,0.347875433207);
#6165 = AXIS2_PLACEMENT_3D('',#6166,#6167,#6168);
#6166 = CARTESIAN_POINT('',(73.320157025255,86.529547974745,1.585));
#6167 = DIRECTION('',(0.,0.,-1.));
#6168 = DIRECTION('',(0.967975725219,-0.251043811688,0.));
#6169 = ORIENTED_EDGE('',*,*,#6170,.T.);
#6170 = EDGE_CURVE('',#6162,#6171,#6173,.T.);
#6171 = VERTEX_POINT('',#6172);
#6172 = CARTESIAN_POINT('',(73.393972,86.191482,1.585));
#6173 = LINE('',#6174,#6175);
#6174 = CARTESIAN_POINT('',(73.407489,86.192813,1.585));
#6175 = VECTOR('',#6176,1.);
#6176 = DIRECTION('',(-0.995186940545,-9.799465990037E-02,0.));
#6177 = ORIENTED_EDGE('',*,*,#6178,.T.);
#6178 = EDGE_CURVE('',#6171,#6179,#6181,.T.);
#6179 = VERTEX_POINT('',#6180);
#6180 = CARTESIAN_POINT('',(73.651986,85.820377,1.585));
#6181 = LINE('',#6182,#6183);
#6182 = CARTESIAN_POINT('',(73.393972,86.191482,1.585));
#6183 = VECTOR('',#6184,1.);
#6184 = DIRECTION('',(0.570846789809,-0.821056601316,0.));
#6185 = ORIENTED_EDGE('',*,*,#6186,.T.);
#6186 = EDGE_CURVE('',#6179,#6187,#6189,.T.);
#6187 = VERTEX_POINT('',#6188);
#6188 = CARTESIAN_POINT('',(73.521891,85.747171,1.585));
#6189 = CIRCLE('',#6190,7.500005951702E-02);
#6190 = AXIS2_PLACEMENT_3D('',#6191,#6192,#6193);
#6191 = CARTESIAN_POINT('',(73.583333062942,85.790181252604,1.585));
#6192 = DIRECTION('',(0.,0.,-1.));
#6193 = DIRECTION('',(0.915371767707,0.402609645791,0.));
#6194 = ORIENTED_EDGE('',*,*,#6195,.T.);
#6195 = EDGE_CURVE('',#6187,#6196,#6198,.T.);
#6196 = VERTEX_POINT('',#6197);
#6197 = CARTESIAN_POINT('',(73.210951,86.191372,1.585));
#6198 = LINE('',#6199,#6200);
#6199 = CARTESIAN_POINT('',(73.521891,85.747171,1.585));
#6200 = VECTOR('',#6201,1.);
#6201 = DIRECTION('',(-0.573461477921,0.819232527028,0.));
#6202 = ORIENTED_EDGE('',*,*,#6203,.T.);
#6203 = EDGE_CURVE('',#6196,#6204,#6206,.T.);
#6204 = VERTEX_POINT('',#6205);
#6205 = CARTESIAN_POINT('',(73.086905,86.191372,1.585));
#6206 = LINE('',#6207,#6208);
#6207 = CARTESIAN_POINT('',(73.210951,86.191372,1.585));
#6208 = VECTOR('',#6209,1.);
#6209 = DIRECTION('',(-1.,0.,0.));
#6210 = ORIENTED_EDGE('',*,*,#6211,.T.);
#6211 = EDGE_CURVE('',#6204,#6212,#6214,.T.);
#6212 = VERTEX_POINT('',#6213);
#6213 = CARTESIAN_POINT('',(73.085464,85.775549,1.585));
#6214 = LINE('',#6215,#6216);
#6215 = CARTESIAN_POINT('',(73.086905,86.191372,1.585));
#6216 = VECTOR('',#6217,1.);
#6217 = DIRECTION('',(-3.465395967783E-03,-0.999993995497,0.));
#6218 = ORIENTED_EDGE('',*,*,#6219,.T.);
#6219 = EDGE_CURVE('',#6212,#6220,#6222,.T.);
#6220 = VERTEX_POINT('',#6221);
#6221 = CARTESIAN_POINT('',(72.936905,85.790181,1.585));
#6222 = CIRCLE('',#6223,7.500006711464E-02);
#6223 = AXIS2_PLACEMENT_3D('',#6224,#6225,#6226);
#6224 = CARTESIAN_POINT('',(73.011905067115,85.790180932885,1.585));
#6225 = DIRECTION('',(-0.,0.,-1.));
#6226 = DIRECTION('',(0.980784894138,-0.195092263891,-0.));
#6227 = ORIENTED_EDGE('',*,*,#6228,.T.);
#6228 = EDGE_CURVE('',#6220,#6229,#6231,.T.);
#6229 = VERTEX_POINT('',#6230);
#6230 = CARTESIAN_POINT('',(72.936905,86.445,1.585));
#6231 = LINE('',#6232,#6233);
#6232 = CARTESIAN_POINT('',(72.936905,85.790181,1.585));
#6233 = VECTOR('',#6234,1.);
#6234 = DIRECTION('',(0.,1.,0.));
#6235 = ORIENTED_EDGE('',*,*,#6236,.T.);
#6236 = EDGE_CURVE('',#6229,#6237,#6239,.T.);
#6237 = VERTEX_POINT('',#6238);
#6238 = CARTESIAN_POINT('',(70.48,86.445,1.585));
#6239 = LINE('',#6240,#6241);
#6240 = CARTESIAN_POINT('',(72.936905,86.445,1.585));
#6241 = VECTOR('',#6242,1.);
#6242 = DIRECTION('',(-1.,0.,0.));
#6243 = ORIENTED_EDGE('',*,*,#6244,.T.);
#6244 = EDGE_CURVE('',#6237,#6245,#6247,.T.);
#6245 = VERTEX_POINT('',#6246);
#6246 = CARTESIAN_POINT('',(70.42,86.505,1.585));
#6247 = CIRCLE('',#6248,5.999932016262E-02);
#6248 = AXIS2_PLACEMENT_3D('',#6249,#6250,#6251);
#6249 = CARTESIAN_POINT('',(70.479999320159,86.504999320159,1.585));
#6250 = DIRECTION('',(0.,0.,-1.));
#6251 = DIRECTION('',(1.133081564772E-05,-0.999999999936,0.));
#6252 = ORIENTED_EDGE('',*,*,#6253,.T.);
#6253 = EDGE_CURVE('',#6245,#6254,#6256,.T.);
#6254 = VERTEX_POINT('',#6255);
#6255 = CARTESIAN_POINT('',(70.42,86.835,1.585));
#6256 = LINE('',#6257,#6258);
#6257 = CARTESIAN_POINT('',(70.42,86.505,1.585));
#6258 = VECTOR('',#6259,1.);
#6259 = DIRECTION('',(0.,1.,0.));
#6260 = ORIENTED_EDGE('',*,*,#6261,.T.);
#6261 = EDGE_CURVE('',#6254,#6262,#6264,.T.);
#6262 = VERTEX_POINT('',#6263);
#6263 = CARTESIAN_POINT('',(70.54,86.835,1.585));
#6264 = CIRCLE('',#6265,6.000000000042E-02);
#6265 = AXIS2_PLACEMENT_3D('',#6266,#6267,#6268);
#6266 = CARTESIAN_POINT('',(70.48,86.835000225588,1.585));
#6267 = DIRECTION('',(0.,0.,-1.));
#6268 = DIRECTION('',(-0.999999999993,-3.759794490531E-06,-0.));
#6269 = ORIENTED_EDGE('',*,*,#6270,.T.);
#6270 = EDGE_CURVE('',#6262,#6271,#6273,.T.);
#6271 = VERTEX_POINT('',#6272);
#6272 = CARTESIAN_POINT('',(70.54,86.565,1.585));
#6273 = LINE('',#6274,#6275);
#6274 = CARTESIAN_POINT('',(70.54,86.835,1.585));
#6275 = VECTOR('',#6276,1.);
#6276 = DIRECTION('',(0.,-1.,0.));
#6277 = ORIENTED_EDGE('',*,*,#6278,.T.);
#6278 = EDGE_CURVE('',#6271,#6279,#6281,.T.);
#6279 = VERTEX_POINT('',#6280);
#6280 = CARTESIAN_POINT('',(72.936905,86.565,1.585));
#6281 = LINE('',#6282,#6283);
#6282 = CARTESIAN_POINT('',(70.54,86.565,1.585));
#6283 = VECTOR('',#6284,1.);
#6284 = DIRECTION('',(1.,0.,0.));
#6285 = ORIENTED_EDGE('',*,*,#6286,.T.);
#6286 = EDGE_CURVE('',#6279,#6287,#6289,.T.);
#6287 = VERTEX_POINT('',#6288);
#6288 = CARTESIAN_POINT('',(72.938346,86.804813,1.585));
#6289 = LINE('',#6290,#6291);
#6290 = CARTESIAN_POINT('',(72.936905,86.565,1.585));
#6291 = VECTOR('',#6292,1.);
#6292 = DIRECTION('',(6.00874008558E-03,0.999981947358,0.));
#6293 = ORIENTED_EDGE('',*,*,#6294,.T.);
#6294 = EDGE_CURVE('',#6287,#6295,#6297,.T.);
#6295 = VERTEX_POINT('',#6296);
#6296 = CARTESIAN_POINT('',(73.011905,86.865181,1.585));
#6297 = CIRCLE('',#6298,7.500074938988E-02);
#6298 = AXIS2_PLACEMENT_3D('',#6299,#6300,#6301);
#6299 = CARTESIAN_POINT('',(73.01190546611,86.790180250612,1.585));
#6300 = DIRECTION('',(0.,0.,-1.));
#6301 = DIRECTION('',(-0.980783081614,0.195101375752,0.));
#6302 = ORIENTED_EDGE('',*,*,#6303,.T.);
#6303 = EDGE_CURVE('',#6295,#6304,#6306,.T.);
#6304 = VERTEX_POINT('',#6305);
#6305 = CARTESIAN_POINT('',(73.412666,86.862518,1.585));
#6306 = LINE('',#6307,#6308);
#6307 = CARTESIAN_POINT('',(73.011905,86.865181,1.585));
#6308 = VECTOR('',#6309,1.);
#6309 = DIRECTION('',(0.999977923661,-6.644711463246E-03,0.));
#6310 = ORIENTED_EDGE('',*,*,#6311,.T.);
#6311 = EDGE_CURVE('',#6304,#6312,#6314,.T.);
#6312 = VERTEX_POINT('',#6313);
#6313 = CARTESIAN_POINT('',(73.656892,86.614337,1.585));
#6314 = CIRCLE('',#6315,0.348625649748);
#6315 = AXIS2_PLACEMENT_3D('',#6316,#6317,#6318);
#6316 = CARTESIAN_POINT('',(73.319494045865,86.526573316123,1.585));
#6317 = DIRECTION('',(0.,0.,-1.));
#6318 = DIRECTION('',(0.267255017531,0.96362583797,0.));
#6319 = ORIENTED_EDGE('',*,*,#6320,.T.);
#6320 = EDGE_CURVE('',#6312,#6321,#6323,.T.);
#6321 = VERTEX_POINT('',#6322);
#6322 = CARTESIAN_POINT('',(73.658333,86.565,1.585));
#6323 = LINE('',#6324,#6325);
#6324 = CARTESIAN_POINT('',(73.656892,86.614337,1.585));
#6325 = VECTOR('',#6326,1.);
#6326 = DIRECTION('',(2.919483874411E-02,-0.999573739846,0.));
#6327 = ORIENTED_EDGE('',*,*,#6328,.T.);
#6328 = EDGE_CURVE('',#6321,#6329,#6331,.T.);
#6329 = VERTEX_POINT('',#6330);
#6330 = CARTESIAN_POINT('',(74.032391,86.565,1.585));
#6331 = LINE('',#6332,#6333);
#6332 = CARTESIAN_POINT('',(73.658333,86.565,1.585));
#6333 = VECTOR('',#6334,1.);
#6334 = DIRECTION('',(1.,0.,0.));
#6335 = ORIENTED_EDGE('',*,*,#6336,.T.);
#6336 = EDGE_CURVE('',#6329,#6337,#6339,.T.);
#6337 = VERTEX_POINT('',#6338);
#6338 = CARTESIAN_POINT('',(74.137224,86.874942,1.585));
#6339 = LINE('',#6340,#6341);
#6340 = CARTESIAN_POINT('',(74.032391,86.565,1.585));
#6341 = VECTOR('',#6342,1.);
#6342 = DIRECTION('',(0.320402991343,0.947281332624,0.));
#6343 = ORIENTED_EDGE('',*,*,#6344,.T.);
#6344 = EDGE_CURVE('',#6337,#6002,#6345,.T.);
#6345 = LINE('',#6346,#6347);
#6346 = CARTESIAN_POINT('',(74.137224,86.874942,1.585));
#6347 = VECTOR('',#6348,1.);
#6348 = DIRECTION('',(0.65521540373,0.755442105469,0.));
#6349 = FACE_BOUND('',#6350,.F.);
#6350 = EDGE_LOOP('',(#6351,#6361,#6369,#6377));
#6351 = ORIENTED_EDGE('',*,*,#6352,.T.);
#6352 = EDGE_CURVE('',#6353,#6355,#6357,.T.);
#6353 = VERTEX_POINT('',#6354);
#6354 = CARTESIAN_POINT('',(74.365476,86.198515,1.585));
#6355 = VERTEX_POINT('',#6356);
#6356 = CARTESIAN_POINT('',(74.365476,86.445,1.585));
#6357 = LINE('',#6358,#6359);
#6358 = CARTESIAN_POINT('',(74.365476,86.198515,1.585));
#6359 = VECTOR('',#6360,1.);
#6360 = DIRECTION('',(0.,1.,0.));
#6361 = ORIENTED_EDGE('',*,*,#6362,.T.);
#6362 = EDGE_CURVE('',#6355,#6363,#6365,.T.);
#6363 = VERTEX_POINT('',#6364);
#6364 = CARTESIAN_POINT('',(74.150505,86.445,1.585));
#6365 = LINE('',#6366,#6367);
#6366 = CARTESIAN_POINT('',(74.365476,86.445,1.585));
#6367 = VECTOR('',#6368,1.);
#6368 = DIRECTION('',(-1.,0.,0.));
#6369 = ORIENTED_EDGE('',*,*,#6370,.T.);
#6370 = EDGE_CURVE('',#6363,#6371,#6373,.T.);
#6371 = VERTEX_POINT('',#6372);
#6372 = CARTESIAN_POINT('',(74.068343,86.198515,1.585));
#6373 = LINE('',#6374,#6375);
#6374 = CARTESIAN_POINT('',(74.150505,86.445,1.585));
#6375 = VECTOR('',#6376,1.);
#6376 = DIRECTION('',(-0.316228920671,-0.948682913165,0.));
#6377 = ORIENTED_EDGE('',*,*,#6378,.T.);
#6378 = EDGE_CURVE('',#6371,#6353,#6379,.T.);
#6379 = LINE('',#6380,#6381);
#6380 = CARTESIAN_POINT('',(74.068343,86.198515,1.585));
#6381 = VECTOR('',#6382,1.);
#6382 = DIRECTION('',(1.,0.,0.));
#6383 = FACE_BOUND('',#6384,.F.);
#6384 = EDGE_LOOP('',(#6385,#6395,#6403,#6411,#6419,#6427));
#6385 = ORIENTED_EDGE('',*,*,#6386,.T.);
#6386 = EDGE_CURVE('',#6387,#6389,#6391,.T.);
#6387 = VERTEX_POINT('',#6388);
#6388 = CARTESIAN_POINT('',(73.474075,86.406037,1.585));
#6389 = VERTEX_POINT('',#6390);
#6390 = CARTESIAN_POINT('',(73.493557,86.445,1.585));
#6391 = LINE('',#6392,#6393);
#6392 = CARTESIAN_POINT('',(73.474075,86.406037,1.585));
#6393 = VECTOR('',#6394,1.);
#6394 = DIRECTION('',(0.447222777753,0.894422599815,0.));
#6395 = ORIENTED_EDGE('',*,*,#6396,.T.);
#6396 = EDGE_CURVE('',#6389,#6397,#6399,.T.);
#6397 = VERTEX_POINT('',#6398);
#6398 = CARTESIAN_POINT('',(73.086905,86.445,1.585));
#6399 = LINE('',#6400,#6401);
#6400 = CARTESIAN_POINT('',(73.493557,86.445,1.585));
#6401 = VECTOR('',#6402,1.);
#6402 = DIRECTION('',(-1.,0.,0.));
#6403 = ORIENTED_EDGE('',*,*,#6404,.T.);
#6404 = EDGE_CURVE('',#6397,#6405,#6407,.T.);
#6405 = VERTEX_POINT('',#6406);
#6406 = CARTESIAN_POINT('',(73.086905,86.341372,1.585));
#6407 = LINE('',#6408,#6409);
#6408 = CARTESIAN_POINT('',(73.086905,86.445,1.585));
#6409 = VECTOR('',#6410,1.);
#6410 = DIRECTION('',(0.,-1.,0.));
#6411 = ORIENTED_EDGE('',*,*,#6412,.T.);
#6412 = EDGE_CURVE('',#6405,#6413,#6415,.T.);
#6413 = VERTEX_POINT('',#6414);
#6414 = CARTESIAN_POINT('',(73.375152,86.341372,1.585));
#6415 = LINE('',#6416,#6417);
#6416 = CARTESIAN_POINT('',(73.086905,86.341372,1.585));
#6417 = VECTOR('',#6418,1.);
#6418 = DIRECTION('',(1.,0.,0.));
#6419 = ORIENTED_EDGE('',*,*,#6420,.T.);
#6420 = EDGE_CURVE('',#6413,#6421,#6423,.T.);
#6421 = VERTEX_POINT('',#6422);
#6422 = CARTESIAN_POINT('',(73.443668,86.37563,1.585));
#6423 = LINE('',#6424,#6425);
#6424 = CARTESIAN_POINT('',(73.375152,86.341372,1.585));
#6425 = VECTOR('',#6426,1.);
#6426 = DIRECTION('',(0.894427191,0.4472135955,0.));
#6427 = ORIENTED_EDGE('',*,*,#6428,.T.);
#6428 = EDGE_CURVE('',#6421,#6387,#6429,.T.);
#6429 = LINE('',#6430,#6431);
#6430 = CARTESIAN_POINT('',(73.443668,86.37563,1.585));
#6431 = VECTOR('',#6432,1.);
#6432 = DIRECTION('',(0.707106781187,0.707106781187,0.));
#6433 = FACE_BOUND('',#6434,.F.);
#6434 = EDGE_LOOP('',(#6435,#6446,#6454,#6462,#6470));
#6435 = ORIENTED_EDGE('',*,*,#6436,.T.);
#6436 = EDGE_CURVE('',#6437,#6439,#6441,.T.);
#6437 = VERTEX_POINT('',#6438);
#6438 = CARTESIAN_POINT('',(73.508333,86.582,1.585));
#6439 = VERTEX_POINT('',#6440);
#6440 = CARTESIAN_POINT('',(73.375152,86.715181,1.585));
#6441 = CIRCLE('',#6442,0.18686440374);
#6442 = AXIS2_PLACEMENT_3D('',#6443,#6444,#6445);
#6443 = CARTESIAN_POINT('',(73.327616,86.534464,1.585));
#6444 = DIRECTION('',(0.,0.,1.));
#6445 = DIRECTION('',(0.967102328658,0.254387668537,-0.));
#6446 = ORIENTED_EDGE('',*,*,#6447,.T.);
#6447 = EDGE_CURVE('',#6439,#6448,#6450,.T.);
#6448 = VERTEX_POINT('',#6449);
#6449 = CARTESIAN_POINT('',(73.086905,86.715181,1.585));
#6450 = LINE('',#6451,#6452);
#6451 = CARTESIAN_POINT('',(73.375152,86.715181,1.585));
#6452 = VECTOR('',#6453,1.);
#6453 = DIRECTION('',(-1.,0.,0.));
#6454 = ORIENTED_EDGE('',*,*,#6455,.T.);
#6455 = EDGE_CURVE('',#6448,#6456,#6458,.T.);
#6456 = VERTEX_POINT('',#6457);
#6457 = CARTESIAN_POINT('',(73.086905,86.565,1.585));
#6458 = LINE('',#6459,#6460);
#6459 = CARTESIAN_POINT('',(73.086905,86.715181,1.585));
#6460 = VECTOR('',#6461,1.);
#6461 = DIRECTION('',(0.,-1.,0.));
#6462 = ORIENTED_EDGE('',*,*,#6463,.T.);
#6463 = EDGE_CURVE('',#6456,#6464,#6466,.T.);
#6464 = VERTEX_POINT('',#6465);
#6465 = CARTESIAN_POINT('',(73.508333,86.565,1.585));
#6466 = LINE('',#6467,#6468);
#6467 = CARTESIAN_POINT('',(73.086905,86.565,1.585));
#6468 = VECTOR('',#6469,1.);
#6469 = DIRECTION('',(1.,0.,0.));
#6470 = ORIENTED_EDGE('',*,*,#6471,.T.);
#6471 = EDGE_CURVE('',#6464,#6437,#6472,.T.);
#6472 = LINE('',#6473,#6474);
#6473 = CARTESIAN_POINT('',(73.508333,86.565,1.585));
#6474 = VECTOR('',#6475,1.);
#6475 = DIRECTION('',(0.,1.,0.));
#6476 = PLANE('',#6477);
#6477 = AXIS2_PLACEMENT_3D('',#6478,#6479,#6480);
#6478 = CARTESIAN_POINT('',(0.,0.,1.585));
#6479 = DIRECTION('',(0.,0.,1.));
#6480 = DIRECTION('',(1.,0.,-0.));
#6481 = SHELL_BASED_SURFACE_MODEL('',(#6482));
#6482 = OPEN_SHELL('',(#6483));
#6483 = ADVANCED_FACE('',(#6484),#6570,.T.);
#6484 = FACE_BOUND('',#6485,.F.);
#6485 = EDGE_LOOP('',(#6486,#6497,#6505,#6514,#6522,#6531,#6539,#6547,
    #6555,#6564));
#6486 = ORIENTED_EDGE('',*,*,#6487,.T.);
#6487 = EDGE_CURVE('',#6488,#6490,#6492,.T.);
#6488 = VERTEX_POINT('',#6489);
#6489 = CARTESIAN_POINT('',(70.42,89.245,1.585));
#6490 = VERTEX_POINT('',#6491);
#6491 = CARTESIAN_POINT('',(70.48,89.305,1.585));
#6492 = CIRCLE('',#6493,5.999932016259E-02);
#6493 = AXIS2_PLACEMENT_3D('',#6494,#6495,#6496);
#6494 = CARTESIAN_POINT('',(70.479999320159,89.245000679841,1.585));
#6495 = DIRECTION('',(0.,0.,-1.));
#6496 = DIRECTION('',(-0.999999999936,-1.133081612143E-05,-0.));
#6497 = ORIENTED_EDGE('',*,*,#6498,.T.);
#6498 = EDGE_CURVE('',#6490,#6499,#6501,.T.);
#6499 = VERTEX_POINT('',#6500);
#6500 = CARTESIAN_POINT('',(77.02,89.305,1.585));
#6501 = LINE('',#6502,#6503);
#6502 = CARTESIAN_POINT('',(70.48,89.305,1.585));
#6503 = VECTOR('',#6504,1.);
#6504 = DIRECTION('',(1.,0.,0.));
#6505 = ORIENTED_EDGE('',*,*,#6506,.T.);
#6506 = EDGE_CURVE('',#6499,#6507,#6509,.T.);
#6507 = VERTEX_POINT('',#6508);
#6508 = CARTESIAN_POINT('',(77.08,89.245,1.585));
#6509 = CIRCLE('',#6510,5.999932016262E-02);
#6510 = AXIS2_PLACEMENT_3D('',#6511,#6512,#6513);
#6511 = CARTESIAN_POINT('',(77.020000679841,89.245000679841,1.585));
#6512 = DIRECTION('',(0.,0.,-1.));
#6513 = DIRECTION('',(-1.133081564772E-05,0.999999999936,0.));
#6514 = ORIENTED_EDGE('',*,*,#6515,.T.);
#6515 = EDGE_CURVE('',#6507,#6516,#6518,.T.);
#6516 = VERTEX_POINT('',#6517);
#6517 = CARTESIAN_POINT('',(77.08,88.915,1.585));
#6518 = LINE('',#6519,#6520);
#6519 = CARTESIAN_POINT('',(77.08,89.245,1.585));
#6520 = VECTOR('',#6521,1.);
#6521 = DIRECTION('',(0.,-1.,0.));
#6522 = ORIENTED_EDGE('',*,*,#6523,.T.);
#6523 = EDGE_CURVE('',#6516,#6524,#6526,.T.);
#6524 = VERTEX_POINT('',#6525);
#6525 = CARTESIAN_POINT('',(76.96,88.915,1.585));
#6526 = CIRCLE('',#6527,6.000000000042E-02);
#6527 = AXIS2_PLACEMENT_3D('',#6528,#6529,#6530);
#6528 = CARTESIAN_POINT('',(77.02,88.914999774412,1.585));
#6529 = DIRECTION('',(0.,0.,-1.));
#6530 = DIRECTION('',(0.999999999993,3.759794490531E-06,0.));
#6531 = ORIENTED_EDGE('',*,*,#6532,.T.);
#6532 = EDGE_CURVE('',#6524,#6533,#6535,.T.);
#6533 = VERTEX_POINT('',#6534);
#6534 = CARTESIAN_POINT('',(76.96,89.185,1.585));
#6535 = LINE('',#6536,#6537);
#6536 = CARTESIAN_POINT('',(76.96,88.915,1.585));
#6537 = VECTOR('',#6538,1.);
#6538 = DIRECTION('',(0.,1.,0.));
#6539 = ORIENTED_EDGE('',*,*,#6540,.T.);
#6540 = EDGE_CURVE('',#6533,#6541,#6543,.T.);
#6541 = VERTEX_POINT('',#6542);
#6542 = CARTESIAN_POINT('',(70.54,89.185,1.585));
#6543 = LINE('',#6544,#6545);
#6544 = CARTESIAN_POINT('',(76.96,89.185,1.585));
#6545 = VECTOR('',#6546,1.);
#6546 = DIRECTION('',(-1.,0.,0.));
#6547 = ORIENTED_EDGE('',*,*,#6548,.T.);
#6548 = EDGE_CURVE('',#6541,#6549,#6551,.T.);
#6549 = VERTEX_POINT('',#6550);
#6550 = CARTESIAN_POINT('',(70.54,88.915,1.585));
#6551 = LINE('',#6552,#6553);
#6552 = CARTESIAN_POINT('',(70.54,89.185,1.585));
#6553 = VECTOR('',#6554,1.);
#6554 = DIRECTION('',(0.,-1.,0.));
#6555 = ORIENTED_EDGE('',*,*,#6556,.T.);
#6556 = EDGE_CURVE('',#6549,#6557,#6559,.T.);
#6557 = VERTEX_POINT('',#6558);
#6558 = CARTESIAN_POINT('',(70.42,88.915,1.585));
#6559 = CIRCLE('',#6560,6.000000000043E-02);
#6560 = AXIS2_PLACEMENT_3D('',#6561,#6562,#6563);
#6561 = CARTESIAN_POINT('',(70.48,88.914999774412,1.585));
#6562 = DIRECTION('',(0.,0.,-1.));
#6563 = DIRECTION('',(0.999999999993,3.759794253683E-06,0.));
#6564 = ORIENTED_EDGE('',*,*,#6565,.T.);
#6565 = EDGE_CURVE('',#6557,#6488,#6566,.T.);
#6566 = LINE('',#6567,#6568);
#6567 = CARTESIAN_POINT('',(70.42,88.915,1.585));
#6568 = VECTOR('',#6569,1.);
#6569 = DIRECTION('',(0.,1.,0.));
#6570 = PLANE('',#6571);
#6571 = AXIS2_PLACEMENT_3D('',#6572,#6573,#6574);
#6572 = CARTESIAN_POINT('',(0.,0.,1.585));
#6573 = DIRECTION('',(0.,0.,1.));
#6574 = DIRECTION('',(1.,0.,-0.));
#6575 = SHELL_BASED_SURFACE_MODEL('',(#6576));
#6576 = OPEN_SHELL('',(#6577));
#6577 = ADVANCED_FACE('',(#6578,#6648),#6682,.T.);
#6578 = FACE_BOUND('',#6579,.F.);
#6579 = EDGE_LOOP('',(#6580,#6591,#6599,#6608,#6616,#6625,#6633,#6642));
#6580 = ORIENTED_EDGE('',*,*,#6581,.T.);
#6581 = EDGE_CURVE('',#6582,#6584,#6586,.T.);
#6582 = VERTEX_POINT('',#6583);
#6583 = CARTESIAN_POINT('',(52.1015,105.59,1.585));
#6584 = VERTEX_POINT('',#6585);
#6585 = CARTESIAN_POINT('',(52.165,105.6535,1.585));
#6586 = CIRCLE('',#6587,6.350155257214E-02);
#6587 = AXIS2_PLACEMENT_3D('',#6588,#6589,#6590);
#6588 = CARTESIAN_POINT('',(52.165001552553,105.58999844744,1.585));
#6589 = DIRECTION('',(0.,0.,-1.));
#6590 = DIRECTION('',(-0.999999999701,2.444905847747E-05,0.));
#6591 = ORIENTED_EDGE('',*,*,#6592,.T.);
#6592 = EDGE_CURVE('',#6584,#6593,#6595,.T.);
#6593 = VERTEX_POINT('',#6594);
#6594 = CARTESIAN_POINT('',(65.495,105.6535,1.585));
#6595 = LINE('',#6596,#6597);
#6596 = CARTESIAN_POINT('',(52.165,105.6535,1.585));
#6597 = VECTOR('',#6598,1.);
#6598 = DIRECTION('',(1.,0.,0.));
#6599 = ORIENTED_EDGE('',*,*,#6600,.T.);
#6600 = EDGE_CURVE('',#6593,#6601,#6603,.T.);
#6601 = VERTEX_POINT('',#6602);
#6602 = CARTESIAN_POINT('',(65.5585,105.59,1.585));
#6603 = CIRCLE('',#6604,6.350155257211E-02);
#6604 = AXIS2_PLACEMENT_3D('',#6605,#6606,#6607);
#6605 = CARTESIAN_POINT('',(65.494998447447,105.58999844744,1.585));
#6606 = DIRECTION('',(0.,0.,-1.));
#6607 = DIRECTION('',(2.44490580299E-05,0.999999999701,0.));
#6608 = ORIENTED_EDGE('',*,*,#6609,.T.);
#6609 = EDGE_CURVE('',#6601,#6610,#6612,.T.);
#6610 = VERTEX_POINT('',#6611);
#6611 = CARTESIAN_POINT('',(65.5585,89.54,1.585));
#6612 = LINE('',#6613,#6614);
#6613 = CARTESIAN_POINT('',(65.5585,105.59,1.585));
#6614 = VECTOR('',#6615,1.);
#6615 = DIRECTION('',(0.,-1.,0.));
#6616 = ORIENTED_EDGE('',*,*,#6617,.T.);
#6617 = EDGE_CURVE('',#6610,#6618,#6620,.T.);
#6618 = VERTEX_POINT('',#6619);
#6619 = CARTESIAN_POINT('',(65.495,89.4765,1.585));
#6620 = CIRCLE('',#6621,6.35015525721E-02);
#6621 = AXIS2_PLACEMENT_3D('',#6622,#6623,#6624);
#6622 = CARTESIAN_POINT('',(65.494998447447,89.540001552553,1.585));
#6623 = DIRECTION('',(0.,0.,-1.));
#6624 = DIRECTION('',(0.999999999701,-2.444905758233E-05,0.));
#6625 = ORIENTED_EDGE('',*,*,#6626,.T.);
#6626 = EDGE_CURVE('',#6618,#6627,#6629,.T.);
#6627 = VERTEX_POINT('',#6628);
#6628 = CARTESIAN_POINT('',(52.165,89.4765,1.585));
#6629 = LINE('',#6630,#6631);
#6630 = CARTESIAN_POINT('',(65.495,89.4765,1.585));
#6631 = VECTOR('',#6632,1.);
#6632 = DIRECTION('',(-1.,0.,0.));
#6633 = ORIENTED_EDGE('',*,*,#6634,.T.);
#6634 = EDGE_CURVE('',#6627,#6635,#6637,.T.);
#6635 = VERTEX_POINT('',#6636);
#6636 = CARTESIAN_POINT('',(52.1015,89.54,1.585));
#6637 = CIRCLE('',#6638,6.350155257217E-02);
#6638 = AXIS2_PLACEMENT_3D('',#6639,#6640,#6641);
#6639 = CARTESIAN_POINT('',(52.165001552553,89.540001552553,1.585));
#6640 = DIRECTION('',(0.,0.,-1.));
#6641 = DIRECTION('',(-2.444905870124E-05,-0.999999999701,-0.));
#6642 = ORIENTED_EDGE('',*,*,#6643,.T.);
#6643 = EDGE_CURVE('',#6635,#6582,#6644,.T.);
#6644 = LINE('',#6645,#6646);
#6645 = CARTESIAN_POINT('',(52.1015,89.54,1.585));
#6646 = VECTOR('',#6647,1.);
#6647 = DIRECTION('',(0.,1.,0.));
#6648 = FACE_BOUND('',#6649,.F.);
#6649 = EDGE_LOOP('',(#6650,#6660,#6668,#6676));
#6650 = ORIENTED_EDGE('',*,*,#6651,.T.);
#6651 = EDGE_CURVE('',#6652,#6654,#6656,.T.);
#6652 = VERTEX_POINT('',#6653);
#6653 = CARTESIAN_POINT('',(65.4315,89.6035,1.585));
#6654 = VERTEX_POINT('',#6655);
#6655 = CARTESIAN_POINT('',(65.4315,105.5265,1.585));
#6656 = LINE('',#6657,#6658);
#6657 = CARTESIAN_POINT('',(65.4315,89.6035,1.585));
#6658 = VECTOR('',#6659,1.);
#6659 = DIRECTION('',(0.,1.,0.));
#6660 = ORIENTED_EDGE('',*,*,#6661,.T.);
#6661 = EDGE_CURVE('',#6654,#6662,#6664,.T.);
#6662 = VERTEX_POINT('',#6663);
#6663 = CARTESIAN_POINT('',(52.2285,105.5265,1.585));
#6664 = LINE('',#6665,#6666);
#6665 = CARTESIAN_POINT('',(65.4315,105.5265,1.585));
#6666 = VECTOR('',#6667,1.);
#6667 = DIRECTION('',(-1.,0.,0.));
#6668 = ORIENTED_EDGE('',*,*,#6669,.T.);
#6669 = EDGE_CURVE('',#6662,#6670,#6672,.T.);
#6670 = VERTEX_POINT('',#6671);
#6671 = CARTESIAN_POINT('',(52.2285,89.6035,1.585));
#6672 = LINE('',#6673,#6674);
#6673 = CARTESIAN_POINT('',(52.2285,105.5265,1.585));
#6674 = VECTOR('',#6675,1.);
#6675 = DIRECTION('',(0.,-1.,0.));
#6676 = ORIENTED_EDGE('',*,*,#6677,.T.);
#6677 = EDGE_CURVE('',#6670,#6652,#6678,.T.);
#6678 = LINE('',#6679,#6680);
#6679 = CARTESIAN_POINT('',(52.2285,89.6035,1.585));
#6680 = VECTOR('',#6681,1.);
#6681 = DIRECTION('',(1.,0.,0.));
#6682 = PLANE('',#6683);
#6683 = AXIS2_PLACEMENT_3D('',#6684,#6685,#6686);
#6684 = CARTESIAN_POINT('',(0.,0.,1.585));
#6685 = DIRECTION('',(0.,0.,1.));
#6686 = DIRECTION('',(1.,0.,-0.));
#6687 = SHELL_BASED_SURFACE_MODEL('',(#6688));
#6688 = OPEN_SHELL('',(#6689));
#6689 = ADVANCED_FACE('',(#6690,#6801),#6853,.T.);
#6690 = FACE_BOUND('',#6691,.F.);
#6691 = EDGE_LOOP('',(#6692,#6703,#6711,#6720,#6728,#6737,#6745,#6753,
    #6762,#6770,#6778,#6786,#6795));
#6692 = ORIENTED_EDGE('',*,*,#6693,.T.);
#6693 = EDGE_CURVE('',#6694,#6696,#6698,.T.);
#6694 = VERTEX_POINT('',#6695);
#6695 = CARTESIAN_POINT('',(72.938346,90.804813,1.585));
#6696 = VERTEX_POINT('',#6697);
#6697 = CARTESIAN_POINT('',(73.011905,90.865181,1.585));
#6698 = CIRCLE('',#6699,7.500074938988E-02);
#6699 = AXIS2_PLACEMENT_3D('',#6700,#6701,#6702);
#6700 = CARTESIAN_POINT('',(73.01190546611,90.790180250612,1.585));
#6701 = DIRECTION('',(0.,0.,-1.));
#6702 = DIRECTION('',(-0.980783081614,0.195101375752,0.));
#6703 = ORIENTED_EDGE('',*,*,#6704,.T.);
#6704 = EDGE_CURVE('',#6696,#6705,#6707,.T.);
#6705 = VERTEX_POINT('',#6706);
#6706 = CARTESIAN_POINT('',(73.407489,90.86374,1.585));
#6707 = LINE('',#6708,#6709);
#6708 = CARTESIAN_POINT('',(73.011905,90.865181,1.585));
#6709 = VECTOR('',#6710,1.);
#6710 = DIRECTION('',(0.999993365378,-3.64269141196E-03,0.));
#6711 = ORIENTED_EDGE('',*,*,#6712,.T.);
#6712 = EDGE_CURVE('',#6705,#6713,#6715,.T.);
#6713 = VERTEX_POINT('',#6714);
#6714 = CARTESIAN_POINT('',(73.656892,90.614337,1.585));
#6715 = CIRCLE('',#6716,0.347870264855);
#6716 = AXIS2_PLACEMENT_3D('',#6717,#6718,#6719);
#6717 = CARTESIAN_POINT('',(73.320161265028,90.527009265028,1.585));
#6718 = DIRECTION('',(0.,0.,-1.));
#6719 = DIRECTION('',(0.251035353678,0.967977918758,0.));
#6720 = ORIENTED_EDGE('',*,*,#6721,.T.);
#6721 = EDGE_CURVE('',#6713,#6722,#6724,.T.);
#6722 = VERTEX_POINT('',#6723);
#6723 = CARTESIAN_POINT('',(73.65567,90.437038,1.585));
#6724 = LINE('',#6725,#6726);
#6725 = CARTESIAN_POINT('',(73.656892,90.614337,1.585));
#6726 = VECTOR('',#6727,1.);
#6727 = DIRECTION('',(-6.892148157132E-03,-0.999976248865,0.));
#6728 = ORIENTED_EDGE('',*,*,#6729,.T.);
#6729 = EDGE_CURVE('',#6722,#6730,#6732,.T.);
#6730 = VERTEX_POINT('',#6731);
#6731 = CARTESIAN_POINT('',(73.407489,90.192813,1.585));
#6732 = CIRCLE('',#6733,0.348632345849);
#6733 = AXIS2_PLACEMENT_3D('',#6734,#6735,#6736);
#6734 = CARTESIAN_POINT('',(73.319720194037,90.530216540692,1.585));
#6735 = DIRECTION('',(0.,0.,-1.));
#6736 = DIRECTION('',(0.963622021775,-0.267268776985,0.));
#6737 = ORIENTED_EDGE('',*,*,#6738,.T.);
#6738 = EDGE_CURVE('',#6730,#6739,#6741,.T.);
#6739 = VERTEX_POINT('',#6740);
#6740 = CARTESIAN_POINT('',(73.393972,90.191482,1.585));
#6741 = LINE('',#6742,#6743);
#6742 = CARTESIAN_POINT('',(73.407489,90.192813,1.585));
#6743 = VECTOR('',#6744,1.);
#6744 = DIRECTION('',(-0.995186940545,-9.799465990037E-02,0.));
#6745 = ORIENTED_EDGE('',*,*,#6746,.T.);
#6746 = EDGE_CURVE('',#6739,#6747,#6749,.T.);
#6747 = VERTEX_POINT('',#6748);
#6748 = CARTESIAN_POINT('',(73.651986,89.820377,1.585));
#6749 = LINE('',#6750,#6751);
#6750 = CARTESIAN_POINT('',(73.393972,90.191482,1.585));
#6751 = VECTOR('',#6752,1.);
#6752 = DIRECTION('',(0.570846789809,-0.821056601316,0.));
#6753 = ORIENTED_EDGE('',*,*,#6754,.T.);
#6754 = EDGE_CURVE('',#6747,#6755,#6757,.T.);
#6755 = VERTEX_POINT('',#6756);
#6756 = CARTESIAN_POINT('',(73.521891,89.747171,1.585));
#6757 = CIRCLE('',#6758,7.500005951702E-02);
#6758 = AXIS2_PLACEMENT_3D('',#6759,#6760,#6761);
#6759 = CARTESIAN_POINT('',(73.583333062942,89.790181252604,1.585));
#6760 = DIRECTION('',(0.,0.,-1.));
#6761 = DIRECTION('',(0.915371767707,0.402609645791,0.));
#6762 = ORIENTED_EDGE('',*,*,#6763,.T.);
#6763 = EDGE_CURVE('',#6755,#6764,#6766,.T.);
#6764 = VERTEX_POINT('',#6765);
#6765 = CARTESIAN_POINT('',(73.210951,90.191372,1.585));
#6766 = LINE('',#6767,#6768);
#6767 = CARTESIAN_POINT('',(73.521891,89.747171,1.585));
#6768 = VECTOR('',#6769,1.);
#6769 = DIRECTION('',(-0.573461477921,0.819232527028,0.));
#6770 = ORIENTED_EDGE('',*,*,#6771,.T.);
#6771 = EDGE_CURVE('',#6764,#6772,#6774,.T.);
#6772 = VERTEX_POINT('',#6773);
#6773 = CARTESIAN_POINT('',(73.086905,90.191372,1.585));
#6774 = LINE('',#6775,#6776);
#6775 = CARTESIAN_POINT('',(73.210951,90.191372,1.585));
#6776 = VECTOR('',#6777,1.);
#6777 = DIRECTION('',(-1.,0.,0.));
#6778 = ORIENTED_EDGE('',*,*,#6779,.T.);
#6779 = EDGE_CURVE('',#6772,#6780,#6782,.T.);
#6780 = VERTEX_POINT('',#6781);
#6781 = CARTESIAN_POINT('',(73.085464,89.775549,1.585));
#6782 = LINE('',#6783,#6784);
#6783 = CARTESIAN_POINT('',(73.086905,90.191372,1.585));
#6784 = VECTOR('',#6785,1.);
#6785 = DIRECTION('',(-3.465395967783E-03,-0.999993995497,0.));
#6786 = ORIENTED_EDGE('',*,*,#6787,.T.);
#6787 = EDGE_CURVE('',#6780,#6788,#6790,.T.);
#6788 = VERTEX_POINT('',#6789);
#6789 = CARTESIAN_POINT('',(72.936905,89.790181,1.585));
#6790 = CIRCLE('',#6791,7.500006711464E-02);
#6791 = AXIS2_PLACEMENT_3D('',#6792,#6793,#6794);
#6792 = CARTESIAN_POINT('',(73.011905067115,89.790180932885,1.585));
#6793 = DIRECTION('',(-0.,0.,-1.));
#6794 = DIRECTION('',(0.980784894138,-0.195092263891,-0.));
#6795 = ORIENTED_EDGE('',*,*,#6796,.T.);
#6796 = EDGE_CURVE('',#6788,#6694,#6797,.T.);
#6797 = LINE('',#6798,#6799);
#6798 = CARTESIAN_POINT('',(72.936905,89.790181,1.585));
#6799 = VECTOR('',#6800,1.);
#6800 = DIRECTION('',(1.420217918158E-03,0.99999899149,0.));
#6801 = FACE_BOUND('',#6802,.F.);
#6802 = EDGE_LOOP('',(#6803,#6814,#6822,#6830,#6838,#6847));
#6803 = ORIENTED_EDGE('',*,*,#6804,.T.);
#6804 = EDGE_CURVE('',#6805,#6807,#6809,.T.);
#6805 = VERTEX_POINT('',#6806);
#6806 = CARTESIAN_POINT('',(73.508333,90.582,1.585));
#6807 = VERTEX_POINT('',#6808);
#6808 = CARTESIAN_POINT('',(73.375152,90.715181,1.585));
#6809 = CIRCLE('',#6810,0.18686440374);
#6810 = AXIS2_PLACEMENT_3D('',#6811,#6812,#6813);
#6811 = CARTESIAN_POINT('',(73.327616,90.534464,1.585));
#6812 = DIRECTION('',(0.,0.,1.));
#6813 = DIRECTION('',(0.967102328658,0.254387668537,-0.));
#6814 = ORIENTED_EDGE('',*,*,#6815,.T.);
#6815 = EDGE_CURVE('',#6807,#6816,#6818,.T.);
#6816 = VERTEX_POINT('',#6817);
#6817 = CARTESIAN_POINT('',(73.086905,90.715181,1.585));
#6818 = LINE('',#6819,#6820);
#6819 = CARTESIAN_POINT('',(73.375152,90.715181,1.585));
#6820 = VECTOR('',#6821,1.);
#6821 = DIRECTION('',(-1.,0.,0.));
#6822 = ORIENTED_EDGE('',*,*,#6823,.T.);
#6823 = EDGE_CURVE('',#6816,#6824,#6826,.T.);
#6824 = VERTEX_POINT('',#6825);
#6825 = CARTESIAN_POINT('',(73.086905,90.341372,1.585));
#6826 = LINE('',#6827,#6828);
#6827 = CARTESIAN_POINT('',(73.086905,90.715181,1.585));
#6828 = VECTOR('',#6829,1.);
#6829 = DIRECTION('',(0.,-1.,0.));
#6830 = ORIENTED_EDGE('',*,*,#6831,.T.);
#6831 = EDGE_CURVE('',#6824,#6832,#6834,.T.);
#6832 = VERTEX_POINT('',#6833);
#6833 = CARTESIAN_POINT('',(73.375152,90.341372,1.585));
#6834 = LINE('',#6835,#6836);
#6835 = CARTESIAN_POINT('',(73.086905,90.341372,1.585));
#6836 = VECTOR('',#6837,1.);
#6837 = DIRECTION('',(1.,0.,0.));
#6838 = ORIENTED_EDGE('',*,*,#6839,.T.);
#6839 = EDGE_CURVE('',#6832,#6840,#6842,.T.);
#6840 = VERTEX_POINT('',#6841);
#6841 = CARTESIAN_POINT('',(73.508333,90.474553,1.585));
#6842 = CIRCLE('',#6843,0.18686440374);
#6843 = AXIS2_PLACEMENT_3D('',#6844,#6845,#6846);
#6844 = CARTESIAN_POINT('',(73.327616,90.522089,1.585));
#6845 = DIRECTION('',(0.,0.,1.));
#6846 = DIRECTION('',(0.254387668537,-0.967102328658,0.));
#6847 = ORIENTED_EDGE('',*,*,#6848,.T.);
#6848 = EDGE_CURVE('',#6840,#6805,#6849,.T.);
#6849 = LINE('',#6850,#6851);
#6850 = CARTESIAN_POINT('',(73.508333,90.474553,1.585));
#6851 = VECTOR('',#6852,1.);
#6852 = DIRECTION('',(0.,1.,0.));
#6853 = PLANE('',#6854);
#6854 = AXIS2_PLACEMENT_3D('',#6855,#6856,#6857);
#6855 = CARTESIAN_POINT('',(0.,0.,1.585));
#6856 = DIRECTION('',(0.,0.,1.));
#6857 = DIRECTION('',(1.,0.,-0.));
#6858 = SHELL_BASED_SURFACE_MODEL('',(#6859));
#6859 = OPEN_SHELL('',(#6860));
#6860 = ADVANCED_FACE('',(#6861),#7047,.T.);
#6861 = FACE_BOUND('',#6862,.F.);
#6862 = EDGE_LOOP('',(#6863,#6874,#6882,#6891,#6899,#6907,#6916,#6924,
    #6933,#6941,#6949,#6957,#6966,#6974,#6983,#6991,#7000,#7008,#7016,
    #7024,#7033,#7041));
#6863 = ORIENTED_EDGE('',*,*,#6864,.T.);
#6864 = EDGE_CURVE('',#6865,#6867,#6869,.T.);
#6865 = VERTEX_POINT('',#6866);
#6866 = CARTESIAN_POINT('',(73.902035,90.716622,1.585));
#6867 = VERTEX_POINT('',#6868);
#6868 = CARTESIAN_POINT('',(73.916667,90.865181,1.585));
#6869 = CIRCLE('',#6870,7.500006711464E-02);
#6870 = AXIS2_PLACEMENT_3D('',#6871,#6872,#6873);
#6871 = CARTESIAN_POINT('',(73.916666932885,90.790180932885,1.585));
#6872 = DIRECTION('',(0.,0.,-1.));
#6873 = DIRECTION('',(-0.195092263891,-0.980784894138,-0.));
#6874 = ORIENTED_EDGE('',*,*,#6875,.T.);
#6875 = EDGE_CURVE('',#6867,#6876,#6878,.T.);
#6876 = VERTEX_POINT('',#6877);
#6877 = CARTESIAN_POINT('',(74.543452,90.864419,1.585));
#6878 = LINE('',#6879,#6880);
#6879 = CARTESIAN_POINT('',(73.916667,90.865181,1.585));
#6880 = VECTOR('',#6881,1.);
#6881 = DIRECTION('',(0.999999261004,-1.215726982767E-03,0.));
#6882 = ORIENTED_EDGE('',*,*,#6883,.T.);
#6883 = EDGE_CURVE('',#6876,#6884,#6886,.T.);
#6884 = VERTEX_POINT('',#6885);
#6885 = CARTESIAN_POINT('',(74.609273,90.775549,1.585));
#6886 = CIRCLE('',#6887,7.447391611625E-02);
#6887 = AXIS2_PLACEMENT_3D('',#6888,#6889,#6890);
#6888 = CARTESIAN_POINT('',(74.536272926644,90.790291912593,1.585));
#6889 = DIRECTION('',(0.,0.,-1.));
#6890 = DIRECTION('',(9.639715124795E-02,0.995342950561,0.));
#6891 = ORIENTED_EDGE('',*,*,#6892,.T.);
#6892 = EDGE_CURVE('',#6884,#6893,#6895,.T.);
#6893 = VERTEX_POINT('',#6894);
#6894 = CARTESIAN_POINT('',(74.592157,90.740793,1.585));
#6895 = LINE('',#6896,#6897);
#6896 = CARTESIAN_POINT('',(74.609273,90.775549,1.585));
#6897 = VECTOR('',#6898,1.);
#6898 = DIRECTION('',(-0.441795255027,-0.897115908139,0.));
#6899 = ORIENTED_EDGE('',*,*,#6900,.T.);
#6900 = EDGE_CURVE('',#6893,#6901,#6903,.T.);
#6901 = VERTEX_POINT('',#6902);
#6902 = CARTESIAN_POINT('',(74.365261,90.481484,1.585));
#6903 = LINE('',#6904,#6905);
#6904 = CARTESIAN_POINT('',(74.592157,90.740793,1.585));
#6905 = VECTOR('',#6906,1.);
#6906 = DIRECTION('',(-0.658505635208,-0.752575795784,0.));
#6907 = ORIENTED_EDGE('',*,*,#6908,.T.);
#6908 = EDGE_CURVE('',#6901,#6909,#6911,.T.);
#6909 = VERTEX_POINT('',#6910);
#6910 = CARTESIAN_POINT('',(74.609273,90.233385,1.585));
#6911 = CIRCLE('',#6912,0.348520834816);
#6912 = AXIS2_PLACEMENT_3D('',#6913,#6914,#6915);
#6913 = CARTESIAN_POINT('',(74.2719676174,90.145681800686,1.585));
#6914 = DIRECTION('',(0.,0.,-1.));
#6915 = DIRECTION('',(0.267683803321,0.963506814423,0.));
#6916 = ORIENTED_EDGE('',*,*,#6917,.T.);
#6917 = EDGE_CURVE('',#6909,#6918,#6920,.T.);
#6918 = VERTEX_POINT('',#6919);
#6919 = CARTESIAN_POINT('',(74.608051,89.960848,1.585));
#6920 = LINE('',#6921,#6922);
#6921 = CARTESIAN_POINT('',(74.609273,90.233385,1.585));
#6922 = VECTOR('',#6923,1.);
#6923 = DIRECTION('',(-4.483749789516E-03,-0.999989947943,0.));
#6924 = ORIENTED_EDGE('',*,*,#6925,.T.);
#6925 = EDGE_CURVE('',#6918,#6926,#6928,.T.);
#6926 = VERTEX_POINT('',#6927);
#6927 = CARTESIAN_POINT('',(74.35987,89.716622,1.585));
#6928 = CIRCLE('',#6929,0.348635327447);
#6929 = AXIS2_PLACEMENT_3D('',#6930,#6931,#6932);
#6930 = CARTESIAN_POINT('',(74.272098481291,90.054027915845,1.585));
#6931 = DIRECTION('',(0.,0.,-1.));
#6932 = DIRECTION('',(0.963621561732,-0.267270435638,0.));
#6933 = ORIENTED_EDGE('',*,*,#6934,.T.);
#6934 = EDGE_CURVE('',#6926,#6935,#6937,.T.);
#6935 = VERTEX_POINT('',#6936);
#6936 = CARTESIAN_POINT('',(74.039714,89.717844,1.585));
#6937 = LINE('',#6938,#6939);
#6938 = CARTESIAN_POINT('',(74.35987,89.716622,1.585));
#6939 = VECTOR('',#6940,1.);
#6940 = DIRECTION('',(-0.999992715758,3.816861463332E-03,0.));
#6941 = ORIENTED_EDGE('',*,*,#6942,.T.);
#6942 = EDGE_CURVE('',#6935,#6943,#6945,.T.);
#6943 = VERTEX_POINT('',#6944);
#6944 = CARTESIAN_POINT('',(73.917001,89.78005,1.585));
#6945 = LINE('',#6946,#6947);
#6946 = CARTESIAN_POINT('',(74.039714,89.717844,1.585));
#6947 = VECTOR('',#6948,1.);
#6948 = DIRECTION('',(-0.891943702445,0.452146471477,0.));
#6949 = ORIENTED_EDGE('',*,*,#6950,.T.);
#6950 = EDGE_CURVE('',#6943,#6951,#6953,.T.);
#6951 = VERTEX_POINT('',#6952);
#6952 = CARTESIAN_POINT('',(73.854306,89.843753,1.585));
#6953 = LINE('',#6954,#6955);
#6954 = CARTESIAN_POINT('',(73.917001,89.78005,1.585));
#6955 = VECTOR('',#6956,1.);
#6956 = DIRECTION('',(-0.701445434384,0.712723159846,0.));
#6957 = ORIENTED_EDGE('',*,*,#6958,.T.);
#6958 = EDGE_CURVE('',#6951,#6959,#6961,.T.);
#6959 = VERTEX_POINT('',#6960);
#6960 = CARTESIAN_POINT('',(73.969701,89.938452,1.585));
#6961 = CIRCLE('',#6962,7.500012668039E-02);
#6962 = AXIS2_PLACEMENT_3D('',#6963,#6964,#6965);
#6963 = CARTESIAN_POINT('',(73.916667051994,89.885419751688,1.585));
#6964 = DIRECTION('',(0.,0.,-1.));
#6965 = DIRECTION('',(-0.831479288827,-0.555555750804,-0.));
#6966 = ORIENTED_EDGE('',*,*,#6967,.T.);
#6967 = EDGE_CURVE('',#6959,#6968,#6970,.T.);
#6968 = VERTEX_POINT('',#6969);
#6969 = CARTESIAN_POINT('',(74.008713,89.899439,1.585));
#6970 = LINE('',#6971,#6972);
#6971 = CARTESIAN_POINT('',(73.969701,89.938452,1.585));
#6972 = VECTOR('',#6973,1.);
#6973 = DIRECTION('',(0.707097718562,-0.707115843695,0.));
#6974 = ORIENTED_EDGE('',*,*,#6975,.T.);
#6975 = EDGE_CURVE('',#6968,#6976,#6978,.T.);
#6976 = VERTEX_POINT('',#6977);
#6977 = CARTESIAN_POINT('',(74.396048,89.899439,1.585));
#6978 = CIRCLE('',#6979,0.358502380266);
#6979 = AXIS2_PLACEMENT_3D('',#6980,#6981,#6982);
#6980 = CARTESIAN_POINT('',(74.2023805,90.201129,1.585));
#6981 = DIRECTION('',(0.,0.,1.));
#6982 = DIRECTION('',(-0.540212591772,-0.841528582813,0.));
#6983 = ORIENTED_EDGE('',*,*,#6984,.T.);
#6984 = EDGE_CURVE('',#6976,#6985,#6987,.T.);
#6985 = VERTEX_POINT('',#6986);
#6986 = CARTESIAN_POINT('',(74.426455,89.929847,1.585));
#6987 = LINE('',#6988,#6989);
#6988 = CARTESIAN_POINT('',(74.396048,89.899439,1.585));
#6989 = VECTOR('',#6990,1.);
#6990 = DIRECTION('',(0.707095153914,0.707118408268,0.));
#6991 = ORIENTED_EDGE('',*,*,#6992,.T.);
#6992 = EDGE_CURVE('',#6985,#6993,#6995,.T.);
#6993 = VERTEX_POINT('',#6994);
#6994 = CARTESIAN_POINT('',(74.426456,90.269564,1.585));
#6995 = CIRCLE('',#6996,0.305616146029);
#6996 = AXIS2_PLACEMENT_3D('',#6997,#6998,#6999);
#6997 = CARTESIAN_POINT('',(74.172389920492,90.099706247874,1.585));
#6998 = DIRECTION('',(0.,-0.,1.));
#6999 = DIRECTION('',(0.831320867071,-0.555792781505,-0.));
#7000 = ORIENTED_EDGE('',*,*,#7001,.T.);
#7001 = EDGE_CURVE('',#6993,#7002,#7004,.T.);
#7002 = VERTEX_POINT('',#7003);
#7003 = CARTESIAN_POINT('',(74.396049,90.299971,1.585));
#7004 = LINE('',#7005,#7006);
#7005 = CARTESIAN_POINT('',(74.426456,90.269564,1.585));
#7006 = VECTOR('',#7007,1.);
#7007 = DIRECTION('',(-0.707106781187,0.707106781187,0.));
#7008 = ORIENTED_EDGE('',*,*,#7009,.T.);
#7009 = EDGE_CURVE('',#7002,#7010,#7012,.T.);
#7010 = VERTEX_POINT('',#7011);
#7011 = CARTESIAN_POINT('',(74.327533,90.334229,1.585));
#7012 = LINE('',#7013,#7014);
#7013 = CARTESIAN_POINT('',(74.396049,90.299971,1.585));
#7014 = VECTOR('',#7015,1.);
#7015 = DIRECTION('',(-0.894427191,0.4472135955,0.));
#7016 = ORIENTED_EDGE('',*,*,#7017,.T.);
#7017 = EDGE_CURVE('',#7010,#7018,#7020,.T.);
#7018 = VERTEX_POINT('',#7019);
#7019 = CARTESIAN_POINT('',(74.187749,90.33567,1.585));
#7020 = LINE('',#7021,#7022);
#7021 = CARTESIAN_POINT('',(74.327533,90.334229,1.585));
#7022 = VECTOR('',#7023,1.);
#7023 = DIRECTION('',(-0.999946868947,1.030821437469E-02,0.));
#7024 = ORIENTED_EDGE('',*,*,#7025,.T.);
#7025 = EDGE_CURVE('',#7018,#7026,#7028,.T.);
#7026 = VERTEX_POINT('',#7027);
#7027 = CARTESIAN_POINT('',(74.145938,90.458617,1.585));
#7028 = CIRCLE('',#7029,7.500015628755E-02);
#7029 = AXIS2_PLACEMENT_3D('',#7030,#7031,#7032);
#7030 = CARTESIAN_POINT('',(74.202381284325,90.409228953898,1.585));
#7031 = DIRECTION('',(0.,0.,-1.));
#7032 = DIRECTION('',(-0.195096717785,-0.980784008184,-0.));
#7033 = ORIENTED_EDGE('',*,*,#7034,.T.);
#7034 = EDGE_CURVE('',#7026,#7035,#7037,.T.);
#7035 = VERTEX_POINT('',#7036);
#7036 = CARTESIAN_POINT('',(74.370432,90.715181,1.585));
#7037 = LINE('',#7038,#7039);
#7038 = CARTESIAN_POINT('',(74.145938,90.458617,1.585));
#7039 = VECTOR('',#7040,1.);
#7040 = DIRECTION('',(0.658505438534,0.752575967874,0.));
#7041 = ORIENTED_EDGE('',*,*,#7042,.T.);
#7042 = EDGE_CURVE('',#7035,#6865,#7043,.T.);
#7043 = LINE('',#7044,#7045);
#7044 = CARTESIAN_POINT('',(74.370432,90.715181,1.585));
#7045 = VECTOR('',#7046,1.);
#7046 = DIRECTION('',(-0.999995267761,3.076435546862E-03,0.));
#7047 = PLANE('',#7048);
#7048 = AXIS2_PLACEMENT_3D('',#7049,#7050,#7051);
#7049 = CARTESIAN_POINT('',(0.,0.,1.585));
#7050 = DIRECTION('',(0.,0.,1.));
#7051 = DIRECTION('',(1.,0.,-0.));
#7052 = SHELL_BASED_SURFACE_MODEL('',(#7053));
#7053 = OPEN_SHELL('',(#7054));
#7054 = ADVANCED_FACE('',(#7055),#7327,.T.);
#7055 = FACE_BOUND('',#7056,.F.);
#7056 = EDGE_LOOP('',(#7057,#7067,#7075,#7083,#7091,#7100,#7108,#7116,
    #7124,#7132,#7141,#7149,#7157,#7165,#7174,#7182,#7190,#7198,#7207,
    #7215,#7224,#7232,#7241,#7249,#7257,#7265,#7273,#7281,#7289,#7297,
    #7305,#7313,#7321));
#7057 = ORIENTED_EDGE('',*,*,#7058,.T.);
#7058 = EDGE_CURVE('',#7059,#7061,#7063,.T.);
#7059 = VERTEX_POINT('',#7060);
#7060 = CARTESIAN_POINT('',(84.458733,95.712934,1.585));
#7061 = VERTEX_POINT('',#7062);
#7062 = CARTESIAN_POINT('',(84.483026,95.72483,1.585));
#7063 = LINE('',#7064,#7065);
#7064 = CARTESIAN_POINT('',(84.458733,95.712934,1.585));
#7065 = VECTOR('',#7066,1.);
#7066 = DIRECTION('',(0.898100853889,0.439789559044,0.));
#7067 = ORIENTED_EDGE('',*,*,#7068,.T.);
#7068 = EDGE_CURVE('',#7061,#7069,#7071,.T.);
#7069 = VERTEX_POINT('',#7070);
#7070 = CARTESIAN_POINT('',(84.665814,95.782624,1.585));
#7071 = LINE('',#7072,#7073);
#7072 = CARTESIAN_POINT('',(84.483026,95.72483,1.585));
#7073 = VECTOR('',#7074,1.);
#7074 = DIRECTION('',(0.953475546065,0.301470368456,0.));
#7075 = ORIENTED_EDGE('',*,*,#7076,.T.);
#7076 = EDGE_CURVE('',#7069,#7077,#7079,.T.);
#7077 = VERTEX_POINT('',#7078);
#7078 = CARTESIAN_POINT('',(84.856354,95.78166,1.585));
#7079 = LINE('',#7080,#7081);
#7080 = CARTESIAN_POINT('',(84.665814,95.782624,1.585));
#7081 = VECTOR('',#7082,1.);
#7082 = DIRECTION('',(0.999987201961,-5.059240383579E-03,0.));
#7083 = ORIENTED_EDGE('',*,*,#7084,.T.);
#7084 = EDGE_CURVE('',#7077,#7085,#7087,.T.);
#7085 = VERTEX_POINT('',#7086);
#7086 = CARTESIAN_POINT('',(84.989086,95.719324,1.585));
#7087 = LINE('',#7088,#7089);
#7088 = CARTESIAN_POINT('',(84.856354,95.78166,1.585));
#7089 = VECTOR('',#7090,1.);
#7090 = DIRECTION('',(0.905149776632,-0.425092792063,0.));
#7091 = ORIENTED_EDGE('',*,*,#7092,.T.);
#7092 = EDGE_CURVE('',#7085,#7093,#7095,.T.);
#7093 = VERTEX_POINT('',#7094);
#7094 = CARTESIAN_POINT('',(84.916885,95.530643,1.585));
#7095 = CIRCLE('',#7096,0.101500519635);
#7096 = AXIS2_PLACEMENT_3D('',#7097,#7098,#7099);
#7097 = CARTESIAN_POINT('',(84.943693723904,95.62853910722,1.585));
#7098 = DIRECTION('',(0.,0.,-1.));
#7099 = DIRECTION('',(0.44721225329,0.894427862104,0.));
#7100 = ORIENTED_EDGE('',*,*,#7101,.T.);
#7101 = EDGE_CURVE('',#7093,#7102,#7104,.T.);
#7102 = VERTEX_POINT('',#7103);
#7103 = CARTESIAN_POINT('',(84.812592,95.58061,1.585));
#7104 = LINE('',#7105,#7106);
#7105 = CARTESIAN_POINT('',(84.916885,95.530643,1.585));
#7106 = VECTOR('',#7107,1.);
#7107 = DIRECTION('',(-0.901838703015,0.432072856985,0.));
#7108 = ORIENTED_EDGE('',*,*,#7109,.T.);
#7109 = EDGE_CURVE('',#7102,#7110,#7112,.T.);
#7110 = VERTEX_POINT('',#7111);
#7111 = CARTESIAN_POINT('',(84.69231,95.58061,1.585));
#7112 = LINE('',#7113,#7114);
#7113 = CARTESIAN_POINT('',(84.812592,95.58061,1.585));
#7114 = VECTOR('',#7115,1.);
#7115 = DIRECTION('',(-1.,0.,0.));
#7116 = ORIENTED_EDGE('',*,*,#7117,.T.);
#7117 = EDGE_CURVE('',#7110,#7118,#7120,.T.);
#7118 = VERTEX_POINT('',#7119);
#7119 = CARTESIAN_POINT('',(84.56995,95.539825,1.585));
#7120 = LINE('',#7121,#7122);
#7121 = CARTESIAN_POINT('',(84.69231,95.58061,1.585));
#7122 = VECTOR('',#7123,1.);
#7123 = DIRECTION('',(-0.948687174602,-0.316216136124,0.));
#7124 = ORIENTED_EDGE('',*,*,#7125,.T.);
#7125 = EDGE_CURVE('',#7118,#7126,#7128,.T.);
#7126 = VERTEX_POINT('',#7127);
#7127 = CARTESIAN_POINT('',(84.491398,95.461273,1.585));
#7128 = LINE('',#7129,#7130);
#7129 = CARTESIAN_POINT('',(84.56995,95.539825,1.585));
#7130 = VECTOR('',#7131,1.);
#7131 = DIRECTION('',(-0.707106781187,-0.707106781186,0.));
#7132 = ORIENTED_EDGE('',*,*,#7133,.T.);
#7133 = EDGE_CURVE('',#7126,#7134,#7136,.T.);
#7134 = VERTEX_POINT('',#7135);
#7135 = CARTESIAN_POINT('',(84.402337,95.051748,1.585));
#7136 = CIRCLE('',#7137,0.66937673896);
#7137 = AXIS2_PLACEMENT_3D('',#7138,#7139,#7140);
#7138 = CARTESIAN_POINT('',(85.068078666853,95.121413283148,1.585));
#7139 = DIRECTION('',(0.,0.,1.));
#7140 = DIRECTION('',(-0.861518832801,0.507725615592,0.));
#7141 = ORIENTED_EDGE('',*,*,#7142,.T.);
#7142 = EDGE_CURVE('',#7134,#7143,#7145,.T.);
#7143 = VERTEX_POINT('',#7144);
#7144 = CARTESIAN_POINT('',(84.450175,94.860397,1.585));
#7145 = LINE('',#7146,#7147);
#7146 = CARTESIAN_POINT('',(84.402337,95.051748,1.585));
#7147 = VECTOR('',#7148,1.);
#7148 = DIRECTION('',(0.242536817968,-0.970142201912,0.));
#7149 = ORIENTED_EDGE('',*,*,#7150,.T.);
#7150 = EDGE_CURVE('',#7143,#7151,#7153,.T.);
#7151 = VERTEX_POINT('',#7152);
#7152 = CARTESIAN_POINT('',(84.491398,94.777948,1.585));
#7153 = LINE('',#7154,#7155);
#7154 = CARTESIAN_POINT('',(84.450175,94.860397,1.585));
#7155 = VECTOR('',#7156,1.);
#7156 = DIRECTION('',(0.44720057746,-0.894433699901,0.));
#7157 = ORIENTED_EDGE('',*,*,#7158,.T.);
#7158 = EDGE_CURVE('',#7151,#7159,#7161,.T.);
#7159 = VERTEX_POINT('',#7160);
#7160 = CARTESIAN_POINT('',(84.56995,94.699396,1.585));
#7161 = LINE('',#7162,#7163);
#7162 = CARTESIAN_POINT('',(84.491398,94.777948,1.585));
#7163 = VECTOR('',#7164,1.);
#7164 = DIRECTION('',(0.707106781187,-0.707106781187,0.));
#7165 = ORIENTED_EDGE('',*,*,#7166,.T.);
#7166 = EDGE_CURVE('',#7159,#7167,#7169,.T.);
#7167 = VERTEX_POINT('',#7168);
#7168 = CARTESIAN_POINT('',(84.888865,94.699395,1.585));
#7169 = CIRCLE('',#7170,0.31740836501);
#7170 = AXIS2_PLACEMENT_3D('',#7171,#7172,#7173);
#7171 = CARTESIAN_POINT('',(84.729408360566,94.973842900918,1.585));
#7172 = DIRECTION('',(0.,0.,1.));
#7173 = DIRECTION('',(-0.502376049734,-0.864649237931,0.));
#7174 = ORIENTED_EDGE('',*,*,#7175,.T.);
#7175 = EDGE_CURVE('',#7167,#7176,#7178,.T.);
#7176 = VERTEX_POINT('',#7177);
#7177 = CARTESIAN_POINT('',(84.895766,94.706296,1.585));
#7178 = LINE('',#7179,#7180);
#7179 = CARTESIAN_POINT('',(84.888865,94.699395,1.585));
#7180 = VECTOR('',#7181,1.);
#7181 = DIRECTION('',(0.707106781187,0.707106781187,0.));
#7182 = ORIENTED_EDGE('',*,*,#7183,.T.);
#7183 = EDGE_CURVE('',#7176,#7184,#7186,.T.);
#7184 = VERTEX_POINT('',#7185);
#7185 = CARTESIAN_POINT('',(84.895766,94.937753,1.585));
#7186 = LINE('',#7187,#7188);
#7187 = CARTESIAN_POINT('',(84.895766,94.706296,1.585));
#7188 = VECTOR('',#7189,1.);
#7189 = DIRECTION('',(0.,1.,0.));
#7190 = ORIENTED_EDGE('',*,*,#7191,.T.);
#7191 = EDGE_CURVE('',#7184,#7192,#7194,.T.);
#7192 = VERTEX_POINT('',#7193);
#7193 = CARTESIAN_POINT('',(84.763178,94.939703,1.585));
#7194 = LINE('',#7195,#7196);
#7195 = CARTESIAN_POINT('',(84.895766,94.937753,1.585));
#7196 = VECTOR('',#7197,1.);
#7197 = DIRECTION('',(-0.99989186648,1.470562297968E-02,0.));
#7198 = ORIENTED_EDGE('',*,*,#7199,.T.);
#7199 = EDGE_CURVE('',#7192,#7200,#7202,.T.);
#7200 = VERTEX_POINT('',#7201);
#7201 = CARTESIAN_POINT('',(84.763178,95.138803,1.585));
#7202 = CIRCLE('',#7203,0.101500353221);
#7203 = AXIS2_PLACEMENT_3D('',#7204,#7205,#7206);
#7204 = CARTESIAN_POINT('',(84.78298,95.039253,1.585));
#7205 = DIRECTION('',(0.,0.,-1.));
#7206 = DIRECTION('',(-0.195092917134,-0.980784764199,-0.));
#7207 = ORIENTED_EDGE('',*,*,#7208,.T.);
#7208 = EDGE_CURVE('',#7200,#7209,#7211,.T.);
#7209 = VERTEX_POINT('',#7210);
#7210 = CARTESIAN_POINT('',(85.017068,95.138803,1.585));
#7211 = LINE('',#7212,#7213);
#7212 = CARTESIAN_POINT('',(84.763178,95.138803,1.585));
#7213 = VECTOR('',#7214,1.);
#7214 = DIRECTION('',(1.,0.,0.));
#7215 = ORIENTED_EDGE('',*,*,#7216,.T.);
#7216 = EDGE_CURVE('',#7209,#7217,#7219,.T.);
#7217 = VERTEX_POINT('',#7218);
#7218 = CARTESIAN_POINT('',(85.096816,95.059055,1.585));
#7219 = CIRCLE('',#7220,0.101504258801);
#7220 = AXIS2_PLACEMENT_3D('',#7221,#7222,#7223);
#7221 = CARTESIAN_POINT('',(84.997262678611,95.039249678611,1.585));
#7222 = DIRECTION('',(0.,0.,-1.));
#7223 = DIRECTION('',(0.195118132209,0.980779748202,0.));
#7224 = ORIENTED_EDGE('',*,*,#7225,.T.);
#7225 = EDGE_CURVE('',#7217,#7226,#7228,.T.);
#7226 = VERTEX_POINT('',#7227);
#7227 = CARTESIAN_POINT('',(85.096816,94.644451,1.585));
#7228 = LINE('',#7229,#7230);
#7229 = CARTESIAN_POINT('',(85.096816,95.059055,1.585));
#7230 = VECTOR('',#7231,1.);
#7231 = DIRECTION('',(0.,-1.,0.));
#7232 = ORIENTED_EDGE('',*,*,#7233,.T.);
#7233 = EDGE_CURVE('',#7226,#7234,#7236,.T.);
#7234 = VERTEX_POINT('',#7235);
#7235 = CARTESIAN_POINT('',(84.975791,94.514389,1.585));
#7236 = CIRCLE('',#7237,0.202218109701);
#7237 = AXIS2_PLACEMENT_3D('',#7238,#7239,#7240);
#7238 = CARTESIAN_POINT('',(84.903311328737,94.70317157638,1.585));
#7239 = DIRECTION('',(0.,0.,-1.));
#7240 = DIRECTION('',(0.956910691873,-0.290382382007,0.));
#7241 = ORIENTED_EDGE('',*,*,#7242,.T.);
#7242 = EDGE_CURVE('',#7234,#7243,#7245,.T.);
#7243 = VERTEX_POINT('',#7244);
#7244 = CARTESIAN_POINT('',(84.793002,94.456597,1.585));
#7245 = LINE('',#7246,#7247);
#7246 = CARTESIAN_POINT('',(84.975791,94.514389,1.585));
#7247 = VECTOR('',#7248,1.);
#7248 = DIRECTION('',(-0.953479018865,-0.301459384636,0.));
#7249 = ORIENTED_EDGE('',*,*,#7250,.T.);
#7250 = EDGE_CURVE('',#7243,#7251,#7253,.T.);
#7251 = VERTEX_POINT('',#7252);
#7252 = CARTESIAN_POINT('',(84.653556,94.458587,1.585));
#7253 = LINE('',#7254,#7255);
#7254 = CARTESIAN_POINT('',(84.793002,94.456597,1.585));
#7255 = VECTOR('',#7256,1.);
#7256 = DIRECTION('',(-0.999898188296,1.42693042088E-02,0.));
#7257 = ORIENTED_EDGE('',*,*,#7258,.T.);
#7258 = EDGE_CURVE('',#7251,#7259,#7261,.T.);
#7259 = VERTEX_POINT('',#7260);
#7260 = CARTESIAN_POINT('',(84.464857,94.522501,1.585));
#7261 = LINE('',#7262,#7263);
#7262 = CARTESIAN_POINT('',(84.653556,94.458587,1.585));
#7263 = VECTOR('',#7264,1.);
#7264 = DIRECTION('',(-0.947144846215,0.320806234803,0.));
#7265 = ORIENTED_EDGE('',*,*,#7266,.T.);
#7266 = EDGE_CURVE('',#7259,#7267,#7269,.T.);
#7267 = VERTEX_POINT('',#7268);
#7268 = CARTESIAN_POINT('',(84.443352,94.53891,1.585));
#7269 = LINE('',#7270,#7271);
#7270 = CARTESIAN_POINT('',(84.464857,94.522501,1.585));
#7271 = VECTOR('',#7272,1.);
#7272 = DIRECTION('',(-0.794999569035,0.606609994341,0.));
#7273 = ORIENTED_EDGE('',*,*,#7274,.T.);
#7274 = EDGE_CURVE('',#7267,#7275,#7277,.T.);
#7275 = VERTEX_POINT('',#7276);
#7276 = CARTESIAN_POINT('',(84.322559,94.663911,1.585));
#7277 = LINE('',#7278,#7279);
#7278 = CARTESIAN_POINT('',(84.443352,94.53891,1.585));
#7279 = VECTOR('',#7280,1.);
#7280 = DIRECTION('',(-0.694899265354,0.719107092866,0.));
#7281 = ORIENTED_EDGE('',*,*,#7282,.T.);
#7282 = EDGE_CURVE('',#7275,#7283,#7285,.T.);
#7283 = VERTEX_POINT('',#7284);
#7284 = CARTESIAN_POINT('',(84.25594,94.800349,1.585));
#7285 = LINE('',#7286,#7287);
#7286 = CARTESIAN_POINT('',(84.322559,94.663911,1.585));
#7287 = VECTOR('',#7288,1.);
#7288 = DIRECTION('',(-0.438763444676,0.898602603833,0.));
#7289 = ORIENTED_EDGE('',*,*,#7290,.T.);
#7290 = EDGE_CURVE('',#7283,#7291,#7293,.T.);
#7291 = VERTEX_POINT('',#7292);
#7292 = CARTESIAN_POINT('',(84.199337,95.039253,1.585));
#7293 = LINE('',#7294,#7295);
#7294 = CARTESIAN_POINT('',(84.25594,94.800349,1.585));
#7295 = VECTOR('',#7296,1.);
#7296 = DIRECTION('',(-0.230545343687,0.9730615831,0.));
#7297 = ORIENTED_EDGE('',*,*,#7298,.T.);
#7298 = EDGE_CURVE('',#7291,#7299,#7301,.T.);
#7299 = VERTEX_POINT('',#7300);
#7300 = CARTESIAN_POINT('',(84.202368,95.224585,1.585));
#7301 = LINE('',#7302,#7303);
#7302 = CARTESIAN_POINT('',(84.199337,95.039253,1.585));
#7303 = VECTOR('',#7304,1.);
#7304 = DIRECTION('',(1.635224750328E-02,0.999866293062,0.));
#7305 = ORIENTED_EDGE('',*,*,#7306,.T.);
#7306 = EDGE_CURVE('',#7299,#7307,#7309,.T.);
#7307 = VERTEX_POINT('',#7308);
#7308 = CARTESIAN_POINT('',(84.263624,95.459645,1.585));
#7309 = LINE('',#7310,#7311);
#7310 = CARTESIAN_POINT('',(84.202368,95.224585,1.585));
#7311 = VECTOR('',#7312,1.);
#7312 = DIRECTION('',(0.252175204964,0.967681593295,0.));
#7313 = ORIENTED_EDGE('',*,*,#7314,.T.);
#7314 = EDGE_CURVE('',#7307,#7315,#7317,.T.);
#7315 = VERTEX_POINT('',#7316);
#7316 = CARTESIAN_POINT('',(84.329821,95.585385,1.585));
#7317 = LINE('',#7318,#7319);
#7318 = CARTESIAN_POINT('',(84.263624,95.459645,1.585));
#7319 = VECTOR('',#7320,1.);
#7320 = DIRECTION('',(0.465845913326,0.884865857087,0.));
#7321 = ORIENTED_EDGE('',*,*,#7322,.T.);
#7322 = EDGE_CURVE('',#7315,#7059,#7323,.T.);
#7323 = LINE('',#7324,#7325);
#7324 = CARTESIAN_POINT('',(84.329821,95.585385,1.585));
#7325 = VECTOR('',#7326,1.);
#7326 = DIRECTION('',(0.710854765842,0.703338824379,0.));
#7327 = PLANE('',#7328);
#7328 = AXIS2_PLACEMENT_3D('',#7329,#7330,#7331);
#7329 = CARTESIAN_POINT('',(0.,0.,1.585));
#7330 = DIRECTION('',(0.,0.,1.));
#7331 = DIRECTION('',(1.,0.,-0.));
#7332 = SHELL_BASED_SURFACE_MODEL('',(#7333));
#7333 = OPEN_SHELL('',(#7334));
#7334 = ADVANCED_FACE('',(#7335,#7467),#7550,.T.);
#7335 = FACE_BOUND('',#7336,.F.);
#7336 = EDGE_LOOP('',(#7337,#7348,#7356,#7364,#7372,#7380,#7388,#7396,
    #7404,#7412,#7420,#7428,#7436,#7444,#7452,#7461));
#7337 = ORIENTED_EDGE('',*,*,#7338,.T.);
#7338 = EDGE_CURVE('',#7339,#7341,#7343,.T.);
#7339 = VERTEX_POINT('',#7340);
#7340 = CARTESIAN_POINT('',(86.55843,95.701912,1.585));
#7341 = VERTEX_POINT('',#7342);
#7342 = CARTESIAN_POINT('',(86.638178,95.78166,1.585));
#7343 = CIRCLE('',#7344,0.101504258801);
#7344 = AXIS2_PLACEMENT_3D('',#7345,#7346,#7347);
#7345 = CARTESIAN_POINT('',(86.657983321389,95.682106678611,1.585));
#7346 = DIRECTION('',(0.,0.,-1.));
#7347 = DIRECTION('',(-0.980779748202,0.195118132209,0.));
#7348 = ORIENTED_EDGE('',*,*,#7349,.T.);
#7349 = EDGE_CURVE('',#7341,#7350,#7352,.T.);
#7350 = VERTEX_POINT('',#7351);
#7351 = CARTESIAN_POINT('',(86.935859,95.782624,1.585));
#7352 = LINE('',#7353,#7354);
#7353 = CARTESIAN_POINT('',(86.638178,95.78166,1.585));
#7354 = VECTOR('',#7355,1.);
#7355 = DIRECTION('',(0.999994756534,3.238348921481E-03,0.));
#7356 = ORIENTED_EDGE('',*,*,#7357,.T.);
#7357 = EDGE_CURVE('',#7350,#7358,#7360,.T.);
#7358 = VERTEX_POINT('',#7359);
#7359 = CARTESIAN_POINT('',(87.136817,95.716719,1.585));
#7360 = LINE('',#7361,#7362);
#7361 = CARTESIAN_POINT('',(86.935859,95.782624,1.585));
#7362 = VECTOR('',#7363,1.);
#7363 = DIRECTION('',(0.950205557785,-0.311623808387,0.));
#7364 = ORIENTED_EDGE('',*,*,#7365,.T.);
#7365 = EDGE_CURVE('',#7358,#7366,#7368,.T.);
#7366 = VERTEX_POINT('',#7367);
#7367 = CARTESIAN_POINT('',(87.158322,95.70031,1.585));
#7368 = LINE('',#7369,#7370);
#7369 = CARTESIAN_POINT('',(87.136817,95.716719,1.585));
#7370 = VECTOR('',#7371,1.);
#7371 = DIRECTION('',(0.794999569035,-0.606609994341,0.));
#7372 = ORIENTED_EDGE('',*,*,#7373,.T.);
#7373 = EDGE_CURVE('',#7366,#7374,#7376,.T.);
#7374 = VERTEX_POINT('',#7375);
#7375 = CARTESIAN_POINT('',(87.279114,95.57531,1.585));
#7376 = LINE('',#7377,#7378);
#7377 = CARTESIAN_POINT('',(87.158322,95.70031,1.585));
#7378 = VECTOR('',#7379,1.);
#7379 = DIRECTION('',(0.694899165208,-0.71910718964,0.));
#7380 = ORIENTED_EDGE('',*,*,#7381,.T.);
#7381 = EDGE_CURVE('',#7374,#7382,#7384,.T.);
#7382 = VERTEX_POINT('',#7383);
#7383 = CARTESIAN_POINT('',(87.345734,95.438871,1.585));
#7384 = LINE('',#7385,#7386);
#7385 = CARTESIAN_POINT('',(87.279114,95.57531,1.585));
#7386 = VECTOR('',#7387,1.);
#7387 = DIRECTION('',(0.438766166135,-0.898601275013,0.));
#7388 = ORIENTED_EDGE('',*,*,#7389,.T.);
#7389 = EDGE_CURVE('',#7382,#7390,#7392,.T.);
#7390 = VERTEX_POINT('',#7391);
#7391 = CARTESIAN_POINT('',(87.402337,95.199967,1.585));
#7392 = LINE('',#7393,#7394);
#7393 = CARTESIAN_POINT('',(87.345734,95.438871,1.585));
#7394 = VECTOR('',#7395,1.);
#7395 = DIRECTION('',(0.230545343687,-0.9730615831,0.));
#7396 = ORIENTED_EDGE('',*,*,#7397,.T.);
#7397 = EDGE_CURVE('',#7390,#7398,#7400,.T.);
#7398 = VERTEX_POINT('',#7399);
#7399 = CARTESIAN_POINT('',(87.399306,95.014635,1.585));
#7400 = LINE('',#7401,#7402);
#7401 = CARTESIAN_POINT('',(87.402337,95.199967,1.585));
#7402 = VECTOR('',#7403,1.);
#7403 = DIRECTION('',(-1.635224750328E-02,-0.999866293062,0.));
#7404 = ORIENTED_EDGE('',*,*,#7405,.T.);
#7405 = EDGE_CURVE('',#7398,#7406,#7408,.T.);
#7406 = VERTEX_POINT('',#7407);
#7407 = CARTESIAN_POINT('',(87.338049,94.779575,1.585));
#7408 = LINE('',#7409,#7410);
#7409 = CARTESIAN_POINT('',(87.399306,95.014635,1.585));
#7410 = VECTOR('',#7411,1.);
#7411 = DIRECTION('',(-0.252179059908,-0.967680588699,0.));
#7412 = ORIENTED_EDGE('',*,*,#7413,.T.);
#7413 = EDGE_CURVE('',#7406,#7414,#7416,.T.);
#7414 = VERTEX_POINT('',#7415);
#7415 = CARTESIAN_POINT('',(87.271852,94.653836,1.585));
#7416 = LINE('',#7417,#7418);
#7417 = CARTESIAN_POINT('',(87.338049,94.779575,1.585));
#7418 = VECTOR('',#7419,1.);
#7419 = DIRECTION('',(-0.465848814181,-0.884864329898,0.));
#7420 = ORIENTED_EDGE('',*,*,#7421,.T.);
#7421 = EDGE_CURVE('',#7414,#7422,#7424,.T.);
#7422 = VERTEX_POINT('',#7423);
#7423 = CARTESIAN_POINT('',(87.142941,94.526286,1.585));
#7424 = LINE('',#7425,#7426);
#7425 = CARTESIAN_POINT('',(87.271852,94.653836,1.585));
#7426 = VECTOR('',#7427,1.);
#7427 = DIRECTION('',(-0.710849281018,-0.703344367772,0.));
#7428 = ORIENTED_EDGE('',*,*,#7429,.T.);
#7429 = EDGE_CURVE('',#7422,#7430,#7432,.T.);
#7430 = VERTEX_POINT('',#7431);
#7431 = CARTESIAN_POINT('',(87.118648,94.514389,1.585));
#7432 = LINE('',#7433,#7434);
#7433 = CARTESIAN_POINT('',(87.142941,94.526286,1.585));
#7434 = VECTOR('',#7435,1.);
#7435 = DIRECTION('',(-0.898086251576,-0.439819377393,0.));
#7436 = ORIENTED_EDGE('',*,*,#7437,.T.);
#7437 = EDGE_CURVE('',#7430,#7438,#7440,.T.);
#7438 = VERTEX_POINT('',#7439);
#7439 = CARTESIAN_POINT('',(86.935859,94.456597,1.585));
#7440 = LINE('',#7441,#7442);
#7441 = CARTESIAN_POINT('',(87.118648,94.514389,1.585));
#7442 = VECTOR('',#7443,1.);
#7443 = DIRECTION('',(-0.953479018865,-0.301459384636,0.));
#7444 = ORIENTED_EDGE('',*,*,#7445,.T.);
#7445 = EDGE_CURVE('',#7438,#7446,#7448,.T.);
#7446 = VERTEX_POINT('',#7447);
#7447 = CARTESIAN_POINT('',(86.638178,94.45756,1.585));
#7448 = LINE('',#7449,#7450);
#7449 = CARTESIAN_POINT('',(86.935859,94.456597,1.585));
#7450 = VECTOR('',#7451,1.);
#7451 = DIRECTION('',(-0.999994767407,3.234989673549E-03,0.));
#7452 = ORIENTED_EDGE('',*,*,#7453,.T.);
#7453 = EDGE_CURVE('',#7446,#7454,#7456,.T.);
#7454 = VERTEX_POINT('',#7455);
#7455 = CARTESIAN_POINT('',(86.55843,94.537308,1.585));
#7456 = CIRCLE('',#7457,0.101504258801);
#7457 = AXIS2_PLACEMENT_3D('',#7458,#7459,#7460);
#7458 = CARTESIAN_POINT('',(86.657983321389,94.557113321389,1.585));
#7459 = DIRECTION('',(0.,0.,-1.));
#7460 = DIRECTION('',(-0.195118132209,-0.980779748202,-0.));
#7461 = ORIENTED_EDGE('',*,*,#7462,.T.);
#7462 = EDGE_CURVE('',#7454,#7339,#7463,.T.);
#7463 = LINE('',#7464,#7465);
#7464 = CARTESIAN_POINT('',(86.55843,94.537308,1.585));
#7465 = VECTOR('',#7466,1.);
#7466 = DIRECTION('',(0.,1.,0.));
#7467 = FACE_BOUND('',#7468,.F.);
#7468 = EDGE_LOOP('',(#7469,#7479,#7487,#7495,#7503,#7511,#7519,#7528,
    #7536,#7544));
#7469 = ORIENTED_EDGE('',*,*,#7470,.T.);
#7470 = EDGE_CURVE('',#7471,#7473,#7475,.T.);
#7471 = VERTEX_POINT('',#7472);
#7472 = CARTESIAN_POINT('',(87.031723,95.539825,1.585));
#7473 = VERTEX_POINT('',#7474);
#7474 = CARTESIAN_POINT('',(86.909367,95.58061,1.585));
#7475 = LINE('',#7476,#7477);
#7476 = CARTESIAN_POINT('',(87.031723,95.539825,1.585));
#7477 = VECTOR('',#7478,1.);
#7478 = DIRECTION('',(-0.948684073395,0.316225439974,0.));
#7479 = ORIENTED_EDGE('',*,*,#7480,.T.);
#7480 = EDGE_CURVE('',#7473,#7481,#7483,.T.);
#7481 = VERTEX_POINT('',#7482);
#7482 = CARTESIAN_POINT('',(86.75948,95.58061,1.585));
#7483 = LINE('',#7484,#7485);
#7484 = CARTESIAN_POINT('',(86.909367,95.58061,1.585));
#7485 = VECTOR('',#7486,1.);
#7486 = DIRECTION('',(-1.,0.,0.));
#7487 = ORIENTED_EDGE('',*,*,#7488,.T.);
#7488 = EDGE_CURVE('',#7481,#7489,#7491,.T.);
#7489 = VERTEX_POINT('',#7490);
#7490 = CARTESIAN_POINT('',(86.75948,94.65861,1.585));
#7491 = LINE('',#7492,#7493);
#7492 = CARTESIAN_POINT('',(86.75948,95.58061,1.585));
#7493 = VECTOR('',#7494,1.);
#7494 = DIRECTION('',(0.,-1.,0.));
#7495 = ORIENTED_EDGE('',*,*,#7496,.T.);
#7496 = EDGE_CURVE('',#7489,#7497,#7499,.T.);
#7497 = VERTEX_POINT('',#7498);
#7498 = CARTESIAN_POINT('',(86.909367,94.65861,1.585));
#7499 = LINE('',#7500,#7501);
#7500 = CARTESIAN_POINT('',(86.75948,94.65861,1.585));
#7501 = VECTOR('',#7502,1.);
#7502 = DIRECTION('',(1.,0.,0.));
#7503 = ORIENTED_EDGE('',*,*,#7504,.T.);
#7504 = EDGE_CURVE('',#7497,#7505,#7507,.T.);
#7505 = VERTEX_POINT('',#7506);
#7506 = CARTESIAN_POINT('',(87.031723,94.699396,1.585));
#7507 = LINE('',#7508,#7509);
#7508 = CARTESIAN_POINT('',(86.909367,94.65861,1.585));
#7509 = VECTOR('',#7510,1.);
#7510 = DIRECTION('',(0.948681747348,0.316232418086,0.));
#7511 = ORIENTED_EDGE('',*,*,#7512,.T.);
#7512 = EDGE_CURVE('',#7505,#7513,#7515,.T.);
#7513 = VERTEX_POINT('',#7514);
#7514 = CARTESIAN_POINT('',(87.110273,94.777946,1.585));
#7515 = LINE('',#7516,#7517);
#7516 = CARTESIAN_POINT('',(87.031723,94.699396,1.585));
#7517 = VECTOR('',#7518,1.);
#7518 = DIRECTION('',(0.707106781187,0.707106781187,0.));
#7519 = ORIENTED_EDGE('',*,*,#7520,.T.);
#7520 = EDGE_CURVE('',#7513,#7521,#7523,.T.);
#7521 = VERTEX_POINT('',#7522);
#7522 = CARTESIAN_POINT('',(87.199337,95.187473,1.585));
#7523 = CIRCLE('',#7524,0.669341471999);
#7524 = AXIS2_PLACEMENT_3D('',#7525,#7526,#7527);
#7525 = CARTESIAN_POINT('',(86.533631343879,95.117802449937,1.585));
#7526 = DIRECTION('',(0.,0.,1.));
#7527 = DIRECTION('',(0.861505943146,-0.507747486379,0.));
#7528 = ORIENTED_EDGE('',*,*,#7529,.T.);
#7529 = EDGE_CURVE('',#7521,#7530,#7532,.T.);
#7530 = VERTEX_POINT('',#7531);
#7531 = CARTESIAN_POINT('',(87.151499,95.378824,1.585));
#7532 = LINE('',#7533,#7534);
#7533 = CARTESIAN_POINT('',(87.199337,95.187473,1.585));
#7534 = VECTOR('',#7535,1.);
#7535 = DIRECTION('',(-0.242536817968,0.970142201912,0.));
#7536 = ORIENTED_EDGE('',*,*,#7537,.T.);
#7537 = EDGE_CURVE('',#7530,#7538,#7540,.T.);
#7538 = VERTEX_POINT('',#7539);
#7539 = CARTESIAN_POINT('',(87.110273,95.461275,1.585));
#7540 = LINE('',#7541,#7542);
#7541 = CARTESIAN_POINT('',(87.151499,95.378824,1.585));
#7542 = VECTOR('',#7543,1.);
#7543 = DIRECTION('',(-0.447217934678,0.894425021398,0.));
#7544 = ORIENTED_EDGE('',*,*,#7545,.T.);
#7545 = EDGE_CURVE('',#7538,#7471,#7546,.T.);
#7546 = LINE('',#7547,#7548);
#7547 = CARTESIAN_POINT('',(87.110273,95.461275,1.585));
#7548 = VECTOR('',#7549,1.);
#7549 = DIRECTION('',(-0.707106781187,0.707106781186,0.));
#7550 = PLANE('',#7551);
#7551 = AXIS2_PLACEMENT_3D('',#7552,#7553,#7554);
#7552 = CARTESIAN_POINT('',(0.,0.,1.585));
#7553 = DIRECTION('',(0.,0.,1.));
#7554 = DIRECTION('',(1.,0.,-0.));
#7555 = SHELL_BASED_SURFACE_MODEL('',(#7556));
#7556 = OPEN_SHELL('',(#7557));
#7557 = ADVANCED_FACE('',(#7558),#7668,.T.);
#7558 = FACE_BOUND('',#7559,.F.);
#7559 = EDGE_LOOP('',(#7560,#7571,#7579,#7587,#7595,#7603,#7611,#7620,
    #7628,#7637,#7645,#7653,#7662));
#7560 = ORIENTED_EDGE('',*,*,#7561,.T.);
#7561 = EDGE_CURVE('',#7562,#7564,#7566,.T.);
#7562 = VERTEX_POINT('',#7563);
#7563 = CARTESIAN_POINT('',(85.379859,95.701912,1.585));
#7564 = VERTEX_POINT('',#7565);
#7565 = CARTESIAN_POINT('',(85.459607,95.78166,1.585));
#7566 = CIRCLE('',#7567,0.101504258801);
#7567 = AXIS2_PLACEMENT_3D('',#7568,#7569,#7570);
#7568 = CARTESIAN_POINT('',(85.479412321389,95.682106678611,1.585));
#7569 = DIRECTION('',(0.,0.,-1.));
#7570 = DIRECTION('',(-0.980779748202,0.195118132209,0.));
#7571 = ORIENTED_EDGE('',*,*,#7572,.T.);
#7572 = EDGE_CURVE('',#7564,#7573,#7575,.T.);
#7573 = VERTEX_POINT('',#7574);
#7574 = CARTESIAN_POINT('',(85.492738,95.78166,1.585));
#7575 = LINE('',#7576,#7577);
#7576 = CARTESIAN_POINT('',(85.459607,95.78166,1.585));
#7577 = VECTOR('',#7578,1.);
#7578 = DIRECTION('',(1.,0.,0.));
#7579 = ORIENTED_EDGE('',*,*,#7580,.T.);
#7580 = EDGE_CURVE('',#7573,#7581,#7583,.T.);
#7581 = VERTEX_POINT('',#7582);
#7582 = CARTESIAN_POINT('',(85.535799,95.766504,1.585));
#7583 = LINE('',#7584,#7585);
#7584 = CARTESIAN_POINT('',(85.492738,95.78166,1.585));
#7585 = VECTOR('',#7586,1.);
#7586 = DIRECTION('',(0.943278728711,-0.332001867406,0.));
#7587 = ORIENTED_EDGE('',*,*,#7588,.T.);
#7588 = EDGE_CURVE('',#7581,#7589,#7591,.T.);
#7589 = VERTEX_POINT('',#7590);
#7590 = CARTESIAN_POINT('',(85.567536,95.732468,1.585));
#7591 = LINE('',#7592,#7593);
#7592 = CARTESIAN_POINT('',(85.535799,95.766504,1.585));
#7593 = VECTOR('',#7594,1.);
#7594 = DIRECTION('',(0.681974413047,-0.731376031839,0.));
#7595 = ORIENTED_EDGE('',*,*,#7596,.T.);
#7596 = EDGE_CURVE('',#7589,#7597,#7599,.T.);
#7597 = VERTEX_POINT('',#7598);
#7598 = CARTESIAN_POINT('',(86.020766,94.939316,1.585));
#7599 = LINE('',#7600,#7601);
#7600 = CARTESIAN_POINT('',(85.567536,95.732468,1.585));
#7601 = VECTOR('',#7602,1.);
#7602 = DIRECTION('',(0.496139174133,-0.868243007395,0.));
#7603 = ORIENTED_EDGE('',*,*,#7604,.T.);
#7604 = EDGE_CURVE('',#7597,#7605,#7607,.T.);
#7605 = VERTEX_POINT('',#7606);
#7606 = CARTESIAN_POINT('',(86.022716,95.701912,1.585));
#7607 = LINE('',#7608,#7609);
#7608 = CARTESIAN_POINT('',(86.020766,94.939316,1.585));
#7609 = VECTOR('',#7610,1.);
#7610 = DIRECTION('',(2.557046752109E-03,0.999996730751,0.));
#7611 = ORIENTED_EDGE('',*,*,#7612,.T.);
#7612 = EDGE_CURVE('',#7605,#7613,#7615,.T.);
#7613 = VERTEX_POINT('',#7614);
#7614 = CARTESIAN_POINT('',(86.221816,95.701912,1.585));
#7615 = CIRCLE('',#7616,0.101500353221);
#7616 = AXIS2_PLACEMENT_3D('',#7617,#7618,#7619);
#7617 = CARTESIAN_POINT('',(86.122266,95.68211,1.585));
#7618 = DIRECTION('',(0.,0.,-1.));
#7619 = DIRECTION('',(-0.980784764199,0.195092917134,0.));
#7620 = ORIENTED_EDGE('',*,*,#7621,.T.);
#7621 = EDGE_CURVE('',#7613,#7622,#7624,.T.);
#7622 = VERTEX_POINT('',#7623);
#7623 = CARTESIAN_POINT('',(86.221816,94.537308,1.585));
#7624 = LINE('',#7625,#7626);
#7625 = CARTESIAN_POINT('',(86.221816,95.701912,1.585));
#7626 = VECTOR('',#7627,1.);
#7627 = DIRECTION('',(0.,-1.,0.));
#7628 = ORIENTED_EDGE('',*,*,#7629,.T.);
#7629 = EDGE_CURVE('',#7622,#7630,#7632,.T.);
#7630 = VERTEX_POINT('',#7631);
#7631 = CARTESIAN_POINT('',(86.034139,94.506752,1.585));
#7632 = CIRCLE('',#7633,0.101500258134);
#7633 = AXIS2_PLACEMENT_3D('',#7634,#7635,#7636);
#7634 = CARTESIAN_POINT('',(86.122266080864,94.557109919136,1.585));
#7635 = DIRECTION('',(-0.,0.,-1.));
#7636 = DIRECTION('',(0.980784886318,-0.195092303207,-0.));
#7637 = ORIENTED_EDGE('',*,*,#7638,.T.);
#7638 = EDGE_CURVE('',#7630,#7639,#7641,.T.);
#7639 = VERTEX_POINT('',#7640);
#7640 = CARTESIAN_POINT('',(85.580909,95.299905,1.585));
#7641 = LINE('',#7642,#7643);
#7642 = CARTESIAN_POINT('',(86.034139,94.506752,1.585));
#7643 = VECTOR('',#7644,1.);
#7644 = DIRECTION('',(-0.496138702581,0.868243276853,0.));
#7645 = ORIENTED_EDGE('',*,*,#7646,.T.);
#7646 = EDGE_CURVE('',#7639,#7647,#7649,.T.);
#7647 = VERTEX_POINT('',#7648);
#7648 = CARTESIAN_POINT('',(85.578959,94.537308,1.585));
#7649 = LINE('',#7650,#7651);
#7650 = CARTESIAN_POINT('',(85.580909,95.299905,1.585));
#7651 = VECTOR('',#7652,1.);
#7652 = DIRECTION('',(-2.557043399054E-03,-0.999996730759,0.));
#7653 = ORIENTED_EDGE('',*,*,#7654,.T.);
#7654 = EDGE_CURVE('',#7647,#7655,#7657,.T.);
#7655 = VERTEX_POINT('',#7656);
#7656 = CARTESIAN_POINT('',(85.379859,94.537308,1.585));
#7657 = CIRCLE('',#7658,0.101500353221);
#7658 = AXIS2_PLACEMENT_3D('',#7659,#7660,#7661);
#7659 = CARTESIAN_POINT('',(85.479409,94.55711,1.585));
#7660 = DIRECTION('',(-0.,0.,-1.));
#7661 = DIRECTION('',(0.980784764199,-0.195092917134,-0.));
#7662 = ORIENTED_EDGE('',*,*,#7663,.T.);
#7663 = EDGE_CURVE('',#7655,#7562,#7664,.T.);
#7664 = LINE('',#7665,#7666);
#7665 = CARTESIAN_POINT('',(85.379859,94.537308,1.585));
#7666 = VECTOR('',#7667,1.);
#7667 = DIRECTION('',(0.,1.,0.));
#7668 = PLANE('',#7669);
#7669 = AXIS2_PLACEMENT_3D('',#7670,#7671,#7672);
#7670 = CARTESIAN_POINT('',(0.,0.,1.585));
#7671 = DIRECTION('',(0.,0.,1.));
#7672 = DIRECTION('',(1.,0.,-0.));
#7673 = SHELL_BASED_SURFACE_MODEL('',(#7674));
#7674 = OPEN_SHELL('',(#7675));
#7675 = ADVANCED_FACE('',(#7676),#7810,.T.);
#7676 = FACE_BOUND('',#7677,.F.);
#7677 = EDGE_LOOP('',(#7678,#7688,#7696,#7705,#7713,#7721,#7730,#7738,
    #7747,#7755,#7763,#7771,#7779,#7788,#7796,#7804));
#7678 = ORIENTED_EDGE('',*,*,#7679,.T.);
#7679 = EDGE_CURVE('',#7680,#7682,#7684,.T.);
#7680 = VERTEX_POINT('',#7681);
#7681 = CARTESIAN_POINT('',(87.569405,103.430159,1.585));
#7682 = VERTEX_POINT('',#7683);
#7683 = CARTESIAN_POINT('',(87.607861,103.45074,1.585));
#7684 = LINE('',#7685,#7686);
#7685 = CARTESIAN_POINT('',(87.569405,103.430159,1.585));
#7686 = VECTOR('',#7687,1.);
#7687 = DIRECTION('',(0.881674852639,0.471857451169,0.));
#7688 = ORIENTED_EDGE('',*,*,#7689,.T.);
#7689 = EDGE_CURVE('',#7682,#7690,#7692,.T.);
#7690 = VERTEX_POINT('',#7691);
#7691 = CARTESIAN_POINT('',(87.629698,103.45074,1.585));
#7692 = LINE('',#7693,#7694);
#7693 = CARTESIAN_POINT('',(87.607861,103.45074,1.585));
#7694 = VECTOR('',#7695,1.);
#7695 = DIRECTION('',(1.,0.,0.));
#7696 = ORIENTED_EDGE('',*,*,#7697,.T.);
#7697 = EDGE_CURVE('',#7690,#7698,#7700,.T.);
#7698 = VERTEX_POINT('',#7699);
#7699 = CARTESIAN_POINT('',(87.697493,103.377181,1.585));
#7700 = CIRCLE('',#7701,7.216898094225E-02);
#7701 = AXIS2_PLACEMENT_3D('',#7702,#7703,#7704);
#7702 = CARTESIAN_POINT('',(87.625340063893,103.37870271657,1.585));
#7703 = DIRECTION('',(0.,0.,-1.));
#7704 = DIRECTION('',(6.038516895247E-02,0.998175150648,0.));
#7705 = ORIENTED_EDGE('',*,*,#7706,.T.);
#7706 = EDGE_CURVE('',#7698,#7707,#7709,.T.);
#7707 = VERTEX_POINT('',#7708);
#7708 = CARTESIAN_POINT('',(87.697493,102.452181,1.585));
#7709 = LINE('',#7710,#7711);
#7710 = CARTESIAN_POINT('',(87.697493,103.377181,1.585));
#7711 = VECTOR('',#7712,1.);
#7712 = DIRECTION('',(0.,-1.,0.));
#7713 = ORIENTED_EDGE('',*,*,#7714,.T.);
#7714 = EDGE_CURVE('',#7707,#7715,#7717,.T.);
#7715 = VERTEX_POINT('',#7716);
#7716 = CARTESIAN_POINT('',(87.922839,102.45074,1.585));
#7717 = LINE('',#7718,#7719);
#7718 = CARTESIAN_POINT('',(87.697493,102.452181,1.585));
#7719 = VECTOR('',#7720,1.);
#7720 = DIRECTION('',(0.999979555102,-6.394480216655E-03,0.));
#7721 = ORIENTED_EDGE('',*,*,#7722,.T.);
#7722 = EDGE_CURVE('',#7715,#7723,#7725,.T.);
#7723 = VERTEX_POINT('',#7724);
#7724 = CARTESIAN_POINT('',(87.908207,102.302181,1.585));
#7725 = CIRCLE('',#7726,7.500006711464E-02);
#7726 = AXIS2_PLACEMENT_3D('',#7727,#7728,#7729);
#7727 = CARTESIAN_POINT('',(87.908207067115,102.37718106711,1.585));
#7728 = DIRECTION('',(0.,0.,-1.));
#7729 = DIRECTION('',(0.195092263891,0.980784894138,0.));
#7730 = ORIENTED_EDGE('',*,*,#7731,.T.);
#7731 = EDGE_CURVE('',#7723,#7732,#7734,.T.);
#7732 = VERTEX_POINT('',#7733);
#7733 = CARTESIAN_POINT('',(87.322147,102.303622,1.585));
#7734 = LINE('',#7735,#7736);
#7735 = CARTESIAN_POINT('',(87.908207,102.302181,1.585));
#7736 = VECTOR('',#7737,1.);
#7737 = DIRECTION('',(-0.999996977183,2.45878518261E-03,0.));
#7738 = ORIENTED_EDGE('',*,*,#7739,.T.);
#7739 = EDGE_CURVE('',#7732,#7740,#7742,.T.);
#7740 = VERTEX_POINT('',#7741);
#7741 = CARTESIAN_POINT('',(87.336779,102.452181,1.585));
#7742 = CIRCLE('',#7743,7.500006711464E-02);
#7743 = AXIS2_PLACEMENT_3D('',#7744,#7745,#7746);
#7744 = CARTESIAN_POINT('',(87.336778932885,102.37718093288,1.585));
#7745 = DIRECTION('',(0.,0.,-1.));
#7746 = DIRECTION('',(-0.195092263891,-0.980784894138,-0.));
#7747 = ORIENTED_EDGE('',*,*,#7748,.T.);
#7748 = EDGE_CURVE('',#7740,#7749,#7751,.T.);
#7749 = VERTEX_POINT('',#7750);
#7750 = CARTESIAN_POINT('',(87.547493,102.452181,1.585));
#7751 = LINE('',#7752,#7753);
#7752 = CARTESIAN_POINT('',(87.336779,102.452181,1.585));
#7753 = VECTOR('',#7754,1.);
#7754 = DIRECTION('',(1.,0.,0.));
#7755 = ORIENTED_EDGE('',*,*,#7756,.T.);
#7756 = EDGE_CURVE('',#7749,#7757,#7759,.T.);
#7757 = VERTEX_POINT('',#7758);
#7758 = CARTESIAN_POINT('',(87.547493,103.148496,1.585));
#7759 = LINE('',#7760,#7761);
#7760 = CARTESIAN_POINT('',(87.547493,102.452181,1.585));
#7761 = VECTOR('',#7762,1.);
#7762 = DIRECTION('',(0.,1.,0.));
#7763 = ORIENTED_EDGE('',*,*,#7764,.T.);
#7764 = EDGE_CURVE('',#7757,#7765,#7767,.T.);
#7765 = VERTEX_POINT('',#7766);
#7766 = CARTESIAN_POINT('',(87.471857,103.075969,1.585));
#7767 = LINE('',#7768,#7769);
#7768 = CARTESIAN_POINT('',(87.547493,103.148496,1.585));
#7769 = VECTOR('',#7770,1.);
#7770 = DIRECTION('',(-0.721785571396,-0.692116745156,0.));
#7771 = ORIENTED_EDGE('',*,*,#7772,.T.);
#7772 = EDGE_CURVE('',#7765,#7773,#7775,.T.);
#7773 = VERTEX_POINT('',#7774);
#7774 = CARTESIAN_POINT('',(87.356588,103.01913,1.585));
#7775 = LINE('',#7776,#7777);
#7776 = CARTESIAN_POINT('',(87.471857,103.075969,1.585));
#7777 = VECTOR('',#7778,1.);
#7778 = DIRECTION('',(-0.896889346494,-0.442255017094,0.));
#7779 = ORIENTED_EDGE('',*,*,#7780,.T.);
#7780 = EDGE_CURVE('',#7773,#7781,#7783,.T.);
#7781 = VERTEX_POINT('',#7782);
#7782 = CARTESIAN_POINT('',(87.303238,103.158549,1.585));
#7783 = CIRCLE('',#7784,7.500005272361E-02);
#7784 = AXIS2_PLACEMENT_3D('',#7785,#7786,#7787);
#7785 = CARTESIAN_POINT('',(87.33677855676,103.09146667027,1.585));
#7786 = DIRECTION('',(0.,0.,-1.));
#7787 = DIRECTION('',(0.264125724196,-0.964488259036,0.));
#7788 = ORIENTED_EDGE('',*,*,#7789,.T.);
#7789 = EDGE_CURVE('',#7781,#7790,#7792,.T.);
#7790 = VERTEX_POINT('',#7791);
#7791 = CARTESIAN_POINT('',(87.38759,103.200725,1.585));
#7792 = LINE('',#7793,#7794);
#7793 = CARTESIAN_POINT('',(87.303238,103.158549,1.585));
#7794 = VECTOR('',#7795,1.);
#7795 = DIRECTION('',(0.894427191,0.4472135955,0.));
#7796 = ORIENTED_EDGE('',*,*,#7797,.T.);
#7797 = EDGE_CURVE('',#7790,#7798,#7800,.T.);
#7798 = VERTEX_POINT('',#7799);
#7799 = CARTESIAN_POINT('',(87.468969,103.282104,1.585));
#7800 = LINE('',#7801,#7802);
#7801 = CARTESIAN_POINT('',(87.38759,103.200725,1.585));
#7802 = VECTOR('',#7803,1.);
#7803 = DIRECTION('',(0.707106781187,0.707106781187,0.));
#7804 = ORIENTED_EDGE('',*,*,#7805,.T.);
#7805 = EDGE_CURVE('',#7798,#7680,#7806,.T.);
#7806 = LINE('',#7807,#7808);
#7807 = CARTESIAN_POINT('',(87.468969,103.282104,1.585));
#7808 = VECTOR('',#7809,1.);
#7809 = DIRECTION('',(0.561387006404,0.82755339951,0.));
#7810 = PLANE('',#7811);
#7811 = AXIS2_PLACEMENT_3D('',#7812,#7813,#7814);
#7812 = CARTESIAN_POINT('',(0.,0.,1.585));
#7813 = DIRECTION('',(0.,0.,1.));
#7814 = DIRECTION('',(1.,0.,-0.));
#7815 = SHELL_BASED_SURFACE_MODEL('',(#7816));
#7816 = OPEN_SHELL('',(#7817));
#7817 = ADVANCED_FACE('',(#7818),#7938,.T.);
#7818 = FACE_BOUND('',#7819,.F.);
#7819 = EDGE_LOOP('',(#7820,#7831,#7839,#7848,#7856,#7865,#7873,#7882,
    #7890,#7899,#7907,#7916,#7924,#7932));
#7820 = ORIENTED_EDGE('',*,*,#7821,.T.);
#7821 = EDGE_CURVE('',#7822,#7824,#7826,.T.);
#7822 = VERTEX_POINT('',#7823);
#7823 = CARTESIAN_POINT('',(86.295111,103.439541,1.585));
#7824 = VERTEX_POINT('',#7825);
#7825 = CARTESIAN_POINT('',(86.411779,103.377181,1.585));
#7826 = CIRCLE('',#7827,7.500000000002E-02);
#7827 = AXIS2_PLACEMENT_3D('',#7828,#7829,#7830);
#7828 = CARTESIAN_POINT('',(86.336779,103.37718093444,1.585));
#7829 = DIRECTION('',(0.,0.,-1.));
#7830 = DIRECTION('',(-0.555573333333,0.831467540731,0.));
#7831 = ORIENTED_EDGE('',*,*,#7832,.T.);
#7832 = EDGE_CURVE('',#7824,#7833,#7835,.T.);
#7833 = VERTEX_POINT('',#7834);
#7834 = CARTESIAN_POINT('',(86.411779,102.585363,1.585));
#7835 = LINE('',#7836,#7837);
#7836 = CARTESIAN_POINT('',(86.411779,103.377181,1.585));
#7837 = VECTOR('',#7838,1.);
#7838 = DIRECTION('',(0.,-1.,0.));
#7839 = ORIENTED_EDGE('',*,*,#7840,.T.);
#7840 = EDGE_CURVE('',#7833,#7841,#7843,.T.);
#7841 = VERTEX_POINT('',#7842);
#7842 = CARTESIAN_POINT('',(86.54496,102.452181,1.585));
#7843 = CIRCLE('',#7844,0.186867373533);
#7844 = AXIS2_PLACEMENT_3D('',#7845,#7846,#7847);
#7845 = CARTESIAN_POINT('',(86.592498713884,102.63290035694,1.585));
#7846 = DIRECTION('',(0.,0.,1.));
#7847 = DIRECTION('',(-0.967101482012,-0.2543908872,0.));
#7848 = ORIENTED_EDGE('',*,*,#7849,.T.);
#7849 = EDGE_CURVE('',#7841,#7850,#7852,.T.);
#7850 = VERTEX_POINT('',#7851);
#7851 = CARTESIAN_POINT('',(86.700026,102.452181,1.585));
#7852 = LINE('',#7853,#7854);
#7853 = CARTESIAN_POINT('',(86.54496,102.452181,1.585));
#7854 = VECTOR('',#7855,1.);
#7855 = DIRECTION('',(1.,0.,0.));
#7856 = ORIENTED_EDGE('',*,*,#7857,.T.);
#7857 = EDGE_CURVE('',#7850,#7858,#7860,.T.);
#7858 = VERTEX_POINT('',#7859);
#7859 = CARTESIAN_POINT('',(86.833207,102.585363,1.585));
#7860 = CIRCLE('',#7861,0.186867760544);
#7861 = AXIS2_PLACEMENT_3D('',#7862,#7863,#7864);
#7862 = CARTESIAN_POINT('',(86.652486969282,102.63290067377,1.585));
#7863 = DIRECTION('',(0.,0.,1.));
#7864 = DIRECTION('',(0.254399317356,-0.967099264465,0.));
#7865 = ORIENTED_EDGE('',*,*,#7866,.T.);
#7866 = EDGE_CURVE('',#7858,#7867,#7869,.T.);
#7867 = VERTEX_POINT('',#7868);
#7868 = CARTESIAN_POINT('',(86.834648,103.391813,1.585));
#7869 = LINE('',#7870,#7871);
#7870 = CARTESIAN_POINT('',(86.833207,102.585363,1.585));
#7871 = VECTOR('',#7872,1.);
#7872 = DIRECTION('',(1.786840721168E-03,0.999998403599,0.));
#7873 = ORIENTED_EDGE('',*,*,#7874,.T.);
#7874 = EDGE_CURVE('',#7867,#7875,#7877,.T.);
#7875 = VERTEX_POINT('',#7876);
#7876 = CARTESIAN_POINT('',(86.983207,103.377181,1.585));
#7877 = CIRCLE('',#7878,7.500006711463E-02);
#7878 = AXIS2_PLACEMENT_3D('',#7879,#7880,#7881);
#7879 = CARTESIAN_POINT('',(86.908206932885,103.37718106711,1.585));
#7880 = DIRECTION('',(0.,0.,-1.));
#7881 = DIRECTION('',(-0.980784894138,0.195092263891,0.));
#7882 = ORIENTED_EDGE('',*,*,#7883,.T.);
#7883 = EDGE_CURVE('',#7875,#7884,#7886,.T.);
#7884 = VERTEX_POINT('',#7885);
#7885 = CARTESIAN_POINT('',(86.980544,102.547848,1.585));
#7886 = LINE('',#7887,#7888);
#7887 = CARTESIAN_POINT('',(86.983207,103.377181,1.585));
#7888 = VECTOR('',#7889,1.);
#7889 = DIRECTION('',(-3.210997598703E-03,-0.999994844734,0.));
#7890 = ORIENTED_EDGE('',*,*,#7891,.T.);
#7891 = EDGE_CURVE('',#7884,#7892,#7894,.T.);
#7892 = VERTEX_POINT('',#7893);
#7893 = CARTESIAN_POINT('',(86.732363,102.303622,1.585));
#7894 = CIRCLE('',#7895,0.348635327447);
#7895 = AXIS2_PLACEMENT_3D('',#7896,#7897,#7898);
#7896 = CARTESIAN_POINT('',(86.644591481291,102.64102791584,1.585));
#7897 = DIRECTION('',(0.,0.,-1.));
#7898 = DIRECTION('',(0.963621561732,-0.267270435638,0.));
#7899 = ORIENTED_EDGE('',*,*,#7900,.T.);
#7900 = EDGE_CURVE('',#7892,#7901,#7903,.T.);
#7901 = VERTEX_POINT('',#7902);
#7902 = CARTESIAN_POINT('',(86.507445,102.304844,1.585));
#7903 = LINE('',#7904,#7905);
#7904 = CARTESIAN_POINT('',(86.732363,102.303622,1.585));
#7905 = VECTOR('',#7906,1.);
#7906 = DIRECTION('',(-0.999985241087,5.433010984477E-03,0.));
#7907 = ORIENTED_EDGE('',*,*,#7908,.T.);
#7908 = EDGE_CURVE('',#7901,#7909,#7911,.T.);
#7909 = VERTEX_POINT('',#7910);
#7910 = CARTESIAN_POINT('',(86.26322,102.553026,1.585));
#7911 = CIRCLE('',#7912,0.348628446662);
#7912 = AXIS2_PLACEMENT_3D('',#7913,#7914,#7915);
#7913 = CARTESIAN_POINT('',(86.600620613227,102.64079057152,1.585));
#7914 = DIRECTION('',(0.,0.,-1.));
#7915 = DIRECTION('',(-0.267263369124,-0.963623521674,-0.));
#7916 = ORIENTED_EDGE('',*,*,#7917,.T.);
#7917 = EDGE_CURVE('',#7909,#7918,#7920,.T.);
#7918 = VERTEX_POINT('',#7919);
#7919 = CARTESIAN_POINT('',(86.26322,103.391813,1.585));
#7920 = LINE('',#7921,#7922);
#7921 = CARTESIAN_POINT('',(86.26322,102.553026,1.585));
#7922 = VECTOR('',#7923,1.);
#7923 = DIRECTION('',(0.,1.,0.));
#7924 = ORIENTED_EDGE('',*,*,#7925,.T.);
#7925 = EDGE_CURVE('',#7918,#7926,#7928,.T.);
#7926 = VERTEX_POINT('',#7927);
#7927 = CARTESIAN_POINT('',(86.274419,103.418849,1.585));
#7928 = LINE('',#7929,#7930);
#7929 = CARTESIAN_POINT('',(86.26322,103.391813,1.585));
#7930 = VECTOR('',#7931,1.);
#7931 = DIRECTION('',(0.38269282806,0.923875640631,0.));
#7932 = ORIENTED_EDGE('',*,*,#7933,.T.);
#7933 = EDGE_CURVE('',#7926,#7822,#7934,.T.);
#7934 = LINE('',#7935,#7936);
#7935 = CARTESIAN_POINT('',(86.274419,103.418849,1.585));
#7936 = VECTOR('',#7937,1.);
#7937 = DIRECTION('',(0.707106781187,0.707106781187,0.));
#7938 = PLANE('',#7939);
#7939 = AXIS2_PLACEMENT_3D('',#7940,#7941,#7942);
#7940 = CARTESIAN_POINT('',(0.,0.,1.585));
#7941 = DIRECTION('',(0.,0.,1.));
#7942 = DIRECTION('',(1.,0.,-0.));
#7943 = SHELL_BASED_SURFACE_MODEL('',(#7944));
#7944 = OPEN_SHELL('',(#7945));
#7945 = ADVANCED_FACE('',(#7946,#8140),#8210,.T.);
#7946 = FACE_BOUND('',#7947,.F.);
#7947 = EDGE_LOOP('',(#7948,#7958,#7966,#7974,#7982,#7990,#7998,#8006,
    #8014,#8022,#8030,#8038,#8046,#8054,#8062,#8070,#8078,#8086,#8094,
    #8102,#8110,#8118,#8126,#8134));
#7948 = ORIENTED_EDGE('',*,*,#7949,.T.);
#7949 = EDGE_CURVE('',#7950,#7952,#7954,.T.);
#7950 = VERTEX_POINT('',#7951);
#7951 = CARTESIAN_POINT('',(82.418924,104.02196,1.585));
#7952 = VERTEX_POINT('',#7953);
#7953 = CARTESIAN_POINT('',(82.556808,104.088265,1.585));
#7954 = LINE('',#7955,#7956);
#7955 = CARTESIAN_POINT('',(82.418924,104.02196,1.585));
#7956 = VECTOR('',#7957,1.);
#7957 = DIRECTION('',(0.901215117271,0.433372025403,0.));
#7958 = ORIENTED_EDGE('',*,*,#7959,.T.);
#7959 = EDGE_CURVE('',#7952,#7960,#7962,.T.);
#7960 = VERTEX_POINT('',#7961);
#7961 = CARTESIAN_POINT('',(82.57998,104.09161,1.585));
#7962 = LINE('',#7963,#7964);
#7963 = CARTESIAN_POINT('',(82.556808,104.088265,1.585));
#7964 = VECTOR('',#7965,1.);
#7965 = DIRECTION('',(0.989740843033,0.14287429311,0.));
#7966 = ORIENTED_EDGE('',*,*,#7967,.T.);
#7967 = EDGE_CURVE('',#7960,#7968,#7970,.T.);
#7968 = VERTEX_POINT('',#7969);
#7969 = CARTESIAN_POINT('',(82.814068,104.08966,1.585));
#7970 = LINE('',#7971,#7972);
#7971 = CARTESIAN_POINT('',(82.57998,104.09161,1.585));
#7972 = VECTOR('',#7973,1.);
#7973 = DIRECTION('',(0.999965305685,-8.329911597744E-03,0.));
#7974 = ORIENTED_EDGE('',*,*,#7975,.T.);
#7975 = EDGE_CURVE('',#7968,#7976,#7978,.T.);
#7976 = VERTEX_POINT('',#7977);
#7977 = CARTESIAN_POINT('',(82.946801,104.027324,1.585));
#7978 = LINE('',#7979,#7980);
#7979 = CARTESIAN_POINT('',(82.814068,104.08966,1.585));
#7980 = VECTOR('',#7981,1.);
#7981 = DIRECTION('',(0.905151008908,-0.425090168167,0.));
#7982 = ORIENTED_EDGE('',*,*,#7983,.T.);
#7983 = EDGE_CURVE('',#7976,#7984,#7986,.T.);
#7984 = VERTEX_POINT('',#7985);
#7985 = CARTESIAN_POINT('',(82.97318,104.00831,1.585));
#7986 = LINE('',#7987,#7988);
#7987 = CARTESIAN_POINT('',(82.946801,104.027324,1.585));
#7988 = VECTOR('',#7989,1.);
#7989 = DIRECTION('',(0.811226247751,-0.584732396024,0.));
#7990 = ORIENTED_EDGE('',*,*,#7991,.T.);
#7991 = EDGE_CURVE('',#7984,#7992,#7994,.T.);
#7992 = VERTEX_POINT('',#7993);
#7993 = CARTESIAN_POINT('',(83.092947,103.885786,1.585));
#7994 = LINE('',#7995,#7996);
#7995 = CARTESIAN_POINT('',(82.97318,104.00831,1.585));
#7996 = VECTOR('',#7997,1.);
#7997 = DIRECTION('',(0.699015446194,-0.715106569668,0.));
#7998 = ORIENTED_EDGE('',*,*,#7999,.T.);
#7999 = EDGE_CURVE('',#7992,#8000,#8002,.T.);
#8000 = VERTEX_POINT('',#8001);
#8001 = CARTESIAN_POINT('',(83.107022,103.854013,1.585));
#8002 = LINE('',#8003,#8004);
#8003 = CARTESIAN_POINT('',(83.092947,103.885786,1.585));
#8004 = VECTOR('',#8005,1.);
#8005 = DIRECTION('',(0.405024793272,-0.914305702069,0.));
#8006 = ORIENTED_EDGE('',*,*,#8007,.T.);
#8007 = EDGE_CURVE('',#8000,#8008,#8010,.T.);
#8008 = VERTEX_POINT('',#8009);
#8009 = CARTESIAN_POINT('',(83.163623,103.61511,1.585));
#8010 = LINE('',#8011,#8012);
#8011 = CARTESIAN_POINT('',(83.107022,103.854013,1.585));
#8012 = VECTOR('',#8013,1.);
#8013 = DIRECTION('',(0.230538544288,-0.973063194041,0.));
#8014 = ORIENTED_EDGE('',*,*,#8015,.T.);
#8015 = EDGE_CURVE('',#8008,#8016,#8018,.T.);
#8016 = VERTEX_POINT('',#8017);
#8017 = CARTESIAN_POINT('',(83.160593,103.215493,1.585));
#8018 = LINE('',#8019,#8020);
#8019 = CARTESIAN_POINT('',(83.163623,103.61511,1.585));
#8020 = VECTOR('',#8021,1.);
#8021 = DIRECTION('',(-7.582042068757E-03,-0.999971255906,0.));
#8022 = ORIENTED_EDGE('',*,*,#8023,.T.);
#8023 = EDGE_CURVE('',#8016,#8024,#8026,.T.);
#8024 = VERTEX_POINT('',#8025);
#8025 = CARTESIAN_POINT('',(83.100327,102.982469,1.585));
#8026 = LINE('',#8027,#8028);
#8027 = CARTESIAN_POINT('',(83.160593,103.215493,1.585));
#8028 = VECTOR('',#8029,1.);
#8029 = DIRECTION('',(-0.250387387625,-0.968145730827,0.));
#8030 = ORIENTED_EDGE('',*,*,#8031,.T.);
#8031 = EDGE_CURVE('',#8024,#8032,#8034,.T.);
#8032 = VERTEX_POINT('',#8033);
#8033 = CARTESIAN_POINT('',(83.080323,102.954053,1.585));
#8034 = LINE('',#8035,#8036);
#8035 = CARTESIAN_POINT('',(83.100327,102.982469,1.585));
#8036 = VECTOR('',#8037,1.);
#8037 = DIRECTION('',(-0.575638809213,-0.817704079315,0.));
#8038 = ORIENTED_EDGE('',*,*,#8039,.T.);
#8039 = EDGE_CURVE('',#8032,#8040,#8042,.T.);
#8040 = VERTEX_POINT('',#8041);
#8041 = CARTESIAN_POINT('',(82.955322,102.833261,1.585));
#8042 = LINE('',#8043,#8044);
#8043 = CARTESIAN_POINT('',(83.080323,102.954053,1.585));
#8044 = VECTOR('',#8045,1.);
#8045 = DIRECTION('',(-0.719109967591,-0.694896290472,0.));
#8046 = ORIENTED_EDGE('',*,*,#8047,.T.);
#8047 = EDGE_CURVE('',#8040,#8048,#8050,.T.);
#8048 = VERTEX_POINT('',#8049);
#8049 = CARTESIAN_POINT('',(82.817437,102.766956,1.585));
#8050 = LINE('',#8051,#8052);
#8051 = CARTESIAN_POINT('',(82.955322,102.833261,1.585));
#8052 = VECTOR('',#8053,1.);
#8053 = DIRECTION('',(-0.901216344802,-0.433369472692,0.));
#8054 = ORIENTED_EDGE('',*,*,#8055,.T.);
#8055 = EDGE_CURVE('',#8048,#8056,#8058,.T.);
#8056 = VERTEX_POINT('',#8057);
#8057 = CARTESIAN_POINT('',(82.794266,102.76361,1.585));
#8058 = LINE('',#8059,#8060);
#8059 = CARTESIAN_POINT('',(82.817437,102.766956,1.585));
#8060 = VECTOR('',#8061,1.);
#8061 = DIRECTION('',(-0.989733929773,-0.142922175522,0.));
#8062 = ORIENTED_EDGE('',*,*,#8063,.T.);
#8063 = EDGE_CURVE('',#8056,#8064,#8066,.T.);
#8064 = VERTEX_POINT('',#8065);
#8065 = CARTESIAN_POINT('',(82.560178,102.76556,1.585));
#8066 = LINE('',#8067,#8068);
#8067 = CARTESIAN_POINT('',(82.794266,102.76361,1.585));
#8068 = VECTOR('',#8069,1.);
#8069 = DIRECTION('',(-0.999965305685,8.329911597683E-03,0.));
#8070 = ORIENTED_EDGE('',*,*,#8071,.T.);
#8071 = EDGE_CURVE('',#8064,#8072,#8074,.T.);
#8072 = VERTEX_POINT('',#8073);
#8073 = CARTESIAN_POINT('',(82.427446,102.827897,1.585));
#8074 = LINE('',#8075,#8076);
#8075 = CARTESIAN_POINT('',(82.560178,102.76556,1.585));
#8076 = VECTOR('',#8077,1.);
#8077 = DIRECTION('',(-0.905147152711,0.425098379129,0.));
#8078 = ORIENTED_EDGE('',*,*,#8079,.T.);
#8079 = EDGE_CURVE('',#8072,#8080,#8082,.T.);
#8080 = VERTEX_POINT('',#8081);
#8081 = CARTESIAN_POINT('',(82.401067,102.84691,1.585));
#8082 = LINE('',#8083,#8084);
#8083 = CARTESIAN_POINT('',(82.427446,102.827897,1.585));
#8084 = VECTOR('',#8085,1.);
#8085 = DIRECTION('',(-0.811240835326,0.584712157476,0.));
#8086 = ORIENTED_EDGE('',*,*,#8087,.T.);
#8087 = EDGE_CURVE('',#8080,#8088,#8090,.T.);
#8088 = VERTEX_POINT('',#8089);
#8089 = CARTESIAN_POINT('',(82.2813,102.969434,1.585));
#8090 = LINE('',#8091,#8092);
#8091 = CARTESIAN_POINT('',(82.401067,102.84691,1.585));
#8092 = VECTOR('',#8093,1.);
#8093 = DIRECTION('',(-0.699015446194,0.715106569668,0.));
#8094 = ORIENTED_EDGE('',*,*,#8095,.T.);
#8095 = EDGE_CURVE('',#8088,#8096,#8098,.T.);
#8096 = VERTEX_POINT('',#8097);
#8097 = CARTESIAN_POINT('',(82.267226,103.001206,1.585));
#8098 = LINE('',#8099,#8100);
#8099 = CARTESIAN_POINT('',(82.2813,102.969434,1.585));
#8100 = VECTOR('',#8101,1.);
#8101 = DIRECTION('',(-0.405011393422,0.914311637899,0.));
#8102 = ORIENTED_EDGE('',*,*,#8103,.T.);
#8103 = EDGE_CURVE('',#8096,#8104,#8106,.T.);
#8104 = VERTEX_POINT('',#8105);
#8105 = CARTESIAN_POINT('',(82.210623,103.24011,1.585));
#8106 = LINE('',#8107,#8108);
#8107 = CARTESIAN_POINT('',(82.267226,103.001206,1.585));
#8108 = VECTOR('',#8109,1.);
#8109 = DIRECTION('',(-0.230545343687,0.9730615831,0.));
#8110 = ORIENTED_EDGE('',*,*,#8111,.T.);
#8111 = EDGE_CURVE('',#8104,#8112,#8114,.T.);
#8112 = VERTEX_POINT('',#8113);
#8113 = CARTESIAN_POINT('',(82.213654,103.639728,1.585));
#8114 = LINE('',#8115,#8116);
#8115 = CARTESIAN_POINT('',(82.210623,103.24011,1.585));
#8116 = VECTOR('',#8117,1.);
#8117 = DIRECTION('',(7.584525270584E-03,0.999971237075,0.));
#8118 = ORIENTED_EDGE('',*,*,#8119,.T.);
#8119 = EDGE_CURVE('',#8112,#8120,#8122,.T.);
#8120 = VERTEX_POINT('',#8121);
#8121 = CARTESIAN_POINT('',(82.27392,103.872751,1.585));
#8122 = LINE('',#8123,#8124);
#8123 = CARTESIAN_POINT('',(82.213654,103.639728,1.585));
#8124 = VECTOR('',#8125,1.);
#8125 = DIRECTION('',(0.250388394777,0.968145470351,0.));
#8126 = ORIENTED_EDGE('',*,*,#8127,.T.);
#8127 = EDGE_CURVE('',#8120,#8128,#8130,.T.);
#8128 = VERTEX_POINT('',#8129);
#8129 = CARTESIAN_POINT('',(82.293924,103.901167,1.585));
#8130 = LINE('',#8131,#8132);
#8131 = CARTESIAN_POINT('',(82.27392,103.872751,1.585));
#8132 = VECTOR('',#8133,1.);
#8133 = DIRECTION('',(0.575638809213,0.817704079314,0.));
#8134 = ORIENTED_EDGE('',*,*,#8135,.T.);
#8135 = EDGE_CURVE('',#8128,#7950,#8136,.T.);
#8136 = LINE('',#8137,#8138);
#8137 = CARTESIAN_POINT('',(82.293924,103.901167,1.585));
#8138 = VECTOR('',#8139,1.);
#8139 = DIRECTION('',(0.719104314903,0.69490214008,0.));
#8140 = FACE_BOUND('',#8141,.F.);
#8141 = EDGE_LOOP('',(#8142,#8153,#8161,#8170,#8178,#8187,#8195,#8204));
#8142 = ORIENTED_EDGE('',*,*,#8143,.T.);
#8143 = EDGE_CURVE('',#8144,#8146,#8148,.T.);
#8144 = VERTEX_POINT('',#8145);
#8145 = CARTESIAN_POINT('',(82.841285,103.853121,1.585));
#8146 = VERTEX_POINT('',#8147);
#8147 = CARTESIAN_POINT('',(82.532961,103.853121,1.585));
#8148 = CIRCLE('',#8149,0.268316658881);
#8149 = AXIS2_PLACEMENT_3D('',#8150,#8151,#8152);
#8150 = CARTESIAN_POINT('',(82.687123,103.63351246831,1.585));
#8151 = DIRECTION('',(0.,0.,1.));
#8152 = DIRECTION('',(0.574552473345,0.818467748523,-0.));
#8153 = ORIENTED_EDGE('',*,*,#8154,.T.);
#8154 = EDGE_CURVE('',#8146,#8155,#8157,.T.);
#8155 = VERTEX_POINT('',#8156);
#8156 = CARTESIAN_POINT('',(82.457345,103.777505,1.585));
#8157 = LINE('',#8158,#8159);
#8158 = CARTESIAN_POINT('',(82.532961,103.853121,1.585));
#8159 = VECTOR('',#8160,1.);
#8160 = DIRECTION('',(-0.707106781187,-0.707106781187,0.));
#8161 = ORIENTED_EDGE('',*,*,#8162,.T.);
#8162 = EDGE_CURVE('',#8155,#8163,#8165,.T.);
#8163 = VERTEX_POINT('',#8164);
#8164 = CARTESIAN_POINT('',(82.457345,103.077716,1.585));
#8165 = CIRCLE('',#8166,1.085862371437);
#8166 = AXIS2_PLACEMENT_3D('',#8167,#8168,#8169);
#8167 = CARTESIAN_POINT('',(83.485290002699,103.4276105,1.585));
#8168 = DIRECTION('',(0.,0.,1.));
#8169 = DIRECTION('',(-0.946662330087,0.32222729989,0.));
#8170 = ORIENTED_EDGE('',*,*,#8171,.T.);
#8171 = EDGE_CURVE('',#8163,#8172,#8174,.T.);
#8172 = VERTEX_POINT('',#8173);
#8173 = CARTESIAN_POINT('',(82.532961,103.0021,1.585));
#8174 = LINE('',#8175,#8176);
#8175 = CARTESIAN_POINT('',(82.457345,103.077716,1.585));
#8176 = VECTOR('',#8177,1.);
#8177 = DIRECTION('',(0.707106781187,-0.707106781187,0.));
#8178 = ORIENTED_EDGE('',*,*,#8179,.T.);
#8179 = EDGE_CURVE('',#8172,#8180,#8182,.T.);
#8180 = VERTEX_POINT('',#8181);
#8181 = CARTESIAN_POINT('',(82.841285,103.0021,1.585));
#8182 = CIRCLE('',#8183,0.268310775861);
#8183 = AXIS2_PLACEMENT_3D('',#8184,#8185,#8186);
#8184 = CARTESIAN_POINT('',(82.687123,103.2217013438,1.585));
#8185 = DIRECTION('',(0.,0.,1.));
#8186 = DIRECTION('',(-0.574565071064,-0.818458904963,0.));
#8187 = ORIENTED_EDGE('',*,*,#8188,.T.);
#8188 = EDGE_CURVE('',#8180,#8189,#8191,.T.);
#8189 = VERTEX_POINT('',#8190);
#8190 = CARTESIAN_POINT('',(82.9169,103.077715,1.585));
#8191 = LINE('',#8192,#8193);
#8192 = CARTESIAN_POINT('',(82.841285,103.0021,1.585));
#8193 = VECTOR('',#8194,1.);
#8194 = DIRECTION('',(0.707106781187,0.707106781187,0.));
#8195 = ORIENTED_EDGE('',*,*,#8196,.T.);
#8196 = EDGE_CURVE('',#8189,#8197,#8199,.T.);
#8197 = VERTEX_POINT('',#8198);
#8198 = CARTESIAN_POINT('',(82.9169,103.777506,1.585));
#8199 = CIRCLE('',#8200,1.085843277219);
#8200 = AXIS2_PLACEMENT_3D('',#8201,#8202,#8203);
#8201 = CARTESIAN_POINT('',(81.888975507753,103.4276105,1.585));
#8202 = DIRECTION('',(0.,-0.,1.));
#8203 = DIRECTION('',(0.94666008789,-0.3222338871,-0.));
#8204 = ORIENTED_EDGE('',*,*,#8205,.T.);
#8205 = EDGE_CURVE('',#8197,#8144,#8206,.T.);
#8206 = LINE('',#8207,#8208);
#8207 = CARTESIAN_POINT('',(82.9169,103.777506,1.585));
#8208 = VECTOR('',#8209,1.);
#8209 = DIRECTION('',(-0.707106781187,0.707106781187,0.));
#8210 = PLANE('',#8211);
#8211 = AXIS2_PLACEMENT_3D('',#8212,#8213,#8214);
#8212 = CARTESIAN_POINT('',(0.,0.,1.585));
#8213 = DIRECTION('',(0.,0.,1.));
#8214 = DIRECTION('',(1.,0.,-0.));
#8215 = SHELL_BASED_SURFACE_MODEL('',(#8216));
#8216 = OPEN_SHELL('',(#8217));
#8217 = ADVANCED_FACE('',(#8218),#8400,.T.);
#8218 = FACE_BOUND('',#8219,.F.);
#8219 = EDGE_LOOP('',(#8220,#8231,#8239,#8248,#8256,#8265,#8273,#8282,
    #8290,#8298,#8306,#8314,#8322,#8330,#8338,#8346,#8354,#8362,#8370,
    #8378,#8386,#8394));
#8220 = ORIENTED_EDGE('',*,*,#8221,.T.);
#8221 = EDGE_CURVE('',#8222,#8224,#8226,.T.);
#8222 = VERTEX_POINT('',#8223);
#8223 = CARTESIAN_POINT('',(83.487876,104.074504,1.585));
#8224 = VERTEX_POINT('',#8225);
#8225 = CARTESIAN_POINT('',(83.643816,104.009912,1.585));
#8226 = CIRCLE('',#8227,0.10150056823);
#8227 = AXIS2_PLACEMENT_3D('',#8228,#8229,#8230);
#8228 = CARTESIAN_POINT('',(83.544266,103.99010889794,1.585));
#8229 = DIRECTION('',(0.,0.,-1.));
#8230 = DIRECTION('',(-0.555563392238,0.831474183126,0.));
#8231 = ORIENTED_EDGE('',*,*,#8232,.T.);
#8232 = EDGE_CURVE('',#8224,#8233,#8235,.T.);
#8233 = VERTEX_POINT('',#8234);
#8234 = CARTESIAN_POINT('',(83.645766,103.103358,1.585));
#8235 = LINE('',#8236,#8237);
#8236 = CARTESIAN_POINT('',(83.643816,104.009912,1.585));
#8237 = VECTOR('',#8238,1.);
#8238 = DIRECTION('',(2.150997611689E-03,-0.999997686602,0.));
#8239 = ORIENTED_EDGE('',*,*,#8240,.T.);
#8240 = EDGE_CURVE('',#8233,#8241,#8243,.T.);
#8241 = VERTEX_POINT('',#8242);
#8242 = CARTESIAN_POINT('',(83.782513,102.96661,1.585));
#8243 = CIRCLE('',#8244,0.190905384688);
#8244 = AXIS2_PLACEMENT_3D('',#8245,#8246,#8247);
#8245 = CARTESIAN_POINT('',(83.830533496115,103.15137714495,1.585));
#8246 = DIRECTION('',(0.,0.,1.));
#8247 = DIRECTION('',(-0.967848530917,-0.251533737701,0.));
#8248 = ORIENTED_EDGE('',*,*,#8249,.T.);
#8249 = EDGE_CURVE('',#8241,#8250,#8252,.T.);
#8250 = VERTEX_POINT('',#8251);
#8251 = CARTESIAN_POINT('',(83.948876,102.96661,1.585));
#8252 = LINE('',#8253,#8254);
#8253 = CARTESIAN_POINT('',(83.782513,102.96661,1.585));
#8254 = VECTOR('',#8255,1.);
#8255 = DIRECTION('',(1.,0.,0.));
#8256 = ORIENTED_EDGE('',*,*,#8257,.T.);
#8257 = EDGE_CURVE('',#8250,#8258,#8260,.T.);
#8258 = VERTEX_POINT('',#8259);
#8259 = CARTESIAN_POINT('',(84.085623,103.103358,1.585));
#8260 = CIRCLE('',#8261,0.190913927697);
#8261 = AXIS2_PLACEMENT_3D('',#8262,#8263,#8264);
#8262 = CARTESIAN_POINT('',(83.900848497915,103.15138415087,1.585));
#8263 = DIRECTION('',(0.,0.,1.));
#8264 = DIRECTION('',(0.251566256396,-0.967840079064,0.));
#8265 = ORIENTED_EDGE('',*,*,#8266,.T.);
#8266 = EDGE_CURVE('',#8258,#8267,#8269,.T.);
#8267 = VERTEX_POINT('',#8268);
#8268 = CARTESIAN_POINT('',(84.087573,104.009912,1.585));
#8269 = LINE('',#8270,#8271);
#8270 = CARTESIAN_POINT('',(84.085623,103.103358,1.585));
#8271 = VECTOR('',#8272,1.);
#8272 = DIRECTION('',(2.150997611705E-03,0.999997686602,0.));
#8273 = ORIENTED_EDGE('',*,*,#8274,.T.);
#8274 = EDGE_CURVE('',#8267,#8275,#8277,.T.);
#8275 = VERTEX_POINT('',#8276);
#8276 = CARTESIAN_POINT('',(84.286673,104.009912,1.585));
#8277 = CIRCLE('',#8278,0.101500353221);
#8278 = AXIS2_PLACEMENT_3D('',#8279,#8280,#8281);
#8279 = CARTESIAN_POINT('',(84.187123,103.99011,1.585));
#8280 = DIRECTION('',(0.,0.,-1.));
#8281 = DIRECTION('',(-0.980784764199,0.195092917134,0.));
#8282 = ORIENTED_EDGE('',*,*,#8283,.T.);
#8283 = EDGE_CURVE('',#8275,#8284,#8286,.T.);
#8284 = VERTEX_POINT('',#8285);
#8285 = CARTESIAN_POINT('',(84.286673,103.059594,1.585));
#8286 = LINE('',#8287,#8288);
#8287 = CARTESIAN_POINT('',(84.286673,104.009912,1.585));
#8288 = VECTOR('',#8289,1.);
#8289 = DIRECTION('',(0.,-1.,0.));
#8290 = ORIENTED_EDGE('',*,*,#8291,.T.);
#8291 = EDGE_CURVE('',#8284,#8292,#8294,.T.);
#8292 = VERTEX_POINT('',#8293);
#8293 = CARTESIAN_POINT('',(84.224335,102.92686,1.585));
#8294 = LINE('',#8295,#8296);
#8295 = CARTESIAN_POINT('',(84.286673,103.059594,1.585));
#8296 = VECTOR('',#8297,1.);
#8297 = DIRECTION('',(-0.425098718307,-0.905146993418,0.));
#8298 = ORIENTED_EDGE('',*,*,#8299,.T.);
#8299 = EDGE_CURVE('',#8292,#8300,#8302,.T.);
#8300 = VERTEX_POINT('',#8301);
#8301 = CARTESIAN_POINT('',(84.205323,102.900483,1.585));
#8302 = LINE('',#8303,#8304);
#8303 = CARTESIAN_POINT('',(84.224335,102.92686,1.585));
#8304 = VECTOR('',#8305,1.);
#8305 = DIRECTION('',(-0.584721094122,-0.811234394049,0.));
#8306 = ORIENTED_EDGE('',*,*,#8307,.T.);
#8307 = EDGE_CURVE('',#8300,#8308,#8310,.T.);
#8308 = VERTEX_POINT('',#8309);
#8309 = CARTESIAN_POINT('',(84.133896,102.833262,1.585));
#8310 = LINE('',#8311,#8312);
#8311 = CARTESIAN_POINT('',(84.205323,102.900483,1.585));
#8312 = VECTOR('',#8313,1.);
#8313 = DIRECTION('',(-0.728222440754,-0.685340847157,0.));
#8314 = ORIENTED_EDGE('',*,*,#8315,.T.);
#8315 = EDGE_CURVE('',#8308,#8316,#8318,.T.);
#8316 = VERTEX_POINT('',#8317);
#8317 = CARTESIAN_POINT('',(83.996008,102.766956,1.585));
#8318 = LINE('',#8319,#8320);
#8319 = CARTESIAN_POINT('',(84.133896,102.833262,1.585));
#8320 = VECTOR('',#8321,1.);
#8321 = DIRECTION('',(-0.901217474639,-0.433367123125,0.));
#8322 = ORIENTED_EDGE('',*,*,#8323,.T.);
#8323 = EDGE_CURVE('',#8316,#8324,#8326,.T.);
#8324 = VERTEX_POINT('',#8325);
#8325 = CARTESIAN_POINT('',(83.972837,102.76361,1.585));
#8326 = LINE('',#8327,#8328);
#8327 = CARTESIAN_POINT('',(83.996008,102.766956,1.585));
#8328 = VECTOR('',#8329,1.);
#8329 = DIRECTION('',(-0.989733929773,-0.142922175522,0.));
#8330 = ORIENTED_EDGE('',*,*,#8331,.T.);
#8331 = EDGE_CURVE('',#8324,#8332,#8334,.T.);
#8332 = VERTEX_POINT('',#8333);
#8333 = CARTESIAN_POINT('',(83.738749,102.76556,1.585));
#8334 = LINE('',#8335,#8336);
#8335 = CARTESIAN_POINT('',(83.972837,102.76361,1.585));
#8336 = VECTOR('',#8337,1.);
#8337 = DIRECTION('',(-0.999965305685,8.329911597683E-03,0.));
#8338 = ORIENTED_EDGE('',*,*,#8339,.T.);
#8339 = EDGE_CURVE('',#8332,#8340,#8342,.T.);
#8340 = VERTEX_POINT('',#8341);
#8341 = CARTESIAN_POINT('',(83.606017,102.827897,1.585));
#8342 = LINE('',#8343,#8344);
#8343 = CARTESIAN_POINT('',(83.738749,102.76556,1.585));
#8344 = VECTOR('',#8345,1.);
#8345 = DIRECTION('',(-0.905147152712,0.425098379129,0.));
#8346 = ORIENTED_EDGE('',*,*,#8347,.T.);
#8347 = EDGE_CURVE('',#8340,#8348,#8350,.T.);
#8348 = VERTEX_POINT('',#8349);
#8349 = CARTESIAN_POINT('',(83.579637,102.84691,1.585));
#8350 = LINE('',#8351,#8352);
#8351 = CARTESIAN_POINT('',(83.606017,102.827897,1.585));
#8352 = VECTOR('',#8353,1.);
#8353 = DIRECTION('',(-0.81125134912,0.58469757016,0.));
#8354 = ORIENTED_EDGE('',*,*,#8355,.T.);
#8355 = EDGE_CURVE('',#8348,#8356,#8358,.T.);
#8356 = VERTEX_POINT('',#8357);
#8357 = CARTESIAN_POINT('',(83.512416,102.91834,1.585));
#8358 = LINE('',#8359,#8360);
#8359 = CARTESIAN_POINT('',(83.579637,102.84691,1.585));
#8360 = VECTOR('',#8361,1.);
#8361 = DIRECTION('',(-0.68532558246,0.728236806283,0.));
#8362 = ORIENTED_EDGE('',*,*,#8363,.T.);
#8363 = EDGE_CURVE('',#8356,#8364,#8366,.T.);
#8364 = VERTEX_POINT('',#8365);
#8365 = CARTESIAN_POINT('',(83.446111,103.056225,1.585));
#8366 = LINE('',#8367,#8368);
#8367 = CARTESIAN_POINT('',(83.512416,102.91834,1.585));
#8368 = VECTOR('',#8369,1.);
#8369 = DIRECTION('',(-0.433369472692,0.901216344802,0.));
#8370 = ORIENTED_EDGE('',*,*,#8371,.T.);
#8371 = EDGE_CURVE('',#8364,#8372,#8374,.T.);
#8372 = VERTEX_POINT('',#8373);
#8373 = CARTESIAN_POINT('',(83.442766,103.079396,1.585));
#8374 = LINE('',#8375,#8376);
#8375 = CARTESIAN_POINT('',(83.446111,103.056225,1.585));
#8376 = VECTOR('',#8377,1.);
#8377 = DIRECTION('',(-0.142880333316,0.989739971079,0.));
#8378 = ORIENTED_EDGE('',*,*,#8379,.T.);
#8379 = EDGE_CURVE('',#8372,#8380,#8382,.T.);
#8380 = VERTEX_POINT('',#8381);
#8381 = CARTESIAN_POINT('',(83.444716,104.009912,1.585));
#8382 = LINE('',#8383,#8384);
#8383 = CARTESIAN_POINT('',(83.442766,103.079396,1.585));
#8384 = VECTOR('',#8385,1.);
#8385 = DIRECTION('',(2.095606865664E-03,0.999997804214,0.));
#8386 = ORIENTED_EDGE('',*,*,#8387,.T.);
#8387 = EDGE_CURVE('',#8380,#8388,#8390,.T.);
#8388 = VERTEX_POINT('',#8389);
#8389 = CARTESIAN_POINT('',(83.459872,104.0465,1.585));
#8390 = LINE('',#8391,#8392);
#8391 = CARTESIAN_POINT('',(83.444716,104.009912,1.585));
#8392 = VECTOR('',#8393,1.);
#8393 = DIRECTION('',(0.382699687013,0.923872799448,0.));
#8394 = ORIENTED_EDGE('',*,*,#8395,.T.);
#8395 = EDGE_CURVE('',#8388,#8222,#8396,.T.);
#8396 = LINE('',#8397,#8398);
#8397 = CARTESIAN_POINT('',(83.459872,104.0465,1.585));
#8398 = VECTOR('',#8399,1.);
#8399 = DIRECTION('',(0.707106781186,0.707106781187,0.));
#8400 = PLANE('',#8401);
#8401 = AXIS2_PLACEMENT_3D('',#8402,#8403,#8404);
#8402 = CARTESIAN_POINT('',(0.,0.,1.585));
#8403 = DIRECTION('',(0.,0.,1.));
#8404 = DIRECTION('',(1.,0.,-0.));
#8405 = SHELL_BASED_SURFACE_MODEL('',(#8406));
#8406 = OPEN_SHELL('',(#8407));
#8407 = ADVANCED_FACE('',(#8408),#8477,.T.);
#8408 = FACE_BOUND('',#8409,.F.);
#8409 = EDGE_LOOP('',(#8410,#8421,#8429,#8438,#8446,#8455,#8463,#8471));
#8410 = ORIENTED_EDGE('',*,*,#8411,.T.);
#8411 = EDGE_CURVE('',#8412,#8414,#8416,.T.);
#8412 = VERTEX_POINT('',#8413);
#8413 = CARTESIAN_POINT('',(81.928463,104.070294,1.585));
#8414 = VERTEX_POINT('',#8415);
#8415 = CARTESIAN_POINT('',(82.091397,103.977415,1.585));
#8416 = CIRCLE('',#8417,0.101499846456);
#8417 = AXIS2_PLACEMENT_3D('',#8418,#8419,#8420);
#8418 = CARTESIAN_POINT('',(81.990694169869,103.99010983493,1.585));
#8419 = DIRECTION('',(0.,0.,-1.));
#8420 = DIRECTION('',(-0.613115901567,0.789992969111,0.));
#8421 = ORIENTED_EDGE('',*,*,#8422,.T.);
#8422 = EDGE_CURVE('',#8414,#8423,#8425,.T.);
#8423 = VERTEX_POINT('',#8424);
#8424 = CARTESIAN_POINT('',(81.703873,102.814844,1.585));
#8425 = LINE('',#8426,#8427);
#8426 = CARTESIAN_POINT('',(82.091397,103.977415,1.585));
#8427 = VECTOR('',#8428,1.);
#8428 = DIRECTION('',(-0.316228010823,-0.948683216448,0.));
#8429 = ORIENTED_EDGE('',*,*,#8430,.T.);
#8430 = EDGE_CURVE('',#8423,#8431,#8433,.T.);
#8431 = VERTEX_POINT('',#8432);
#8432 = CARTESIAN_POINT('',(81.527514,102.814844,1.585));
#8433 = CIRCLE('',#8434,0.101500344524);
#8434 = AXIS2_PLACEMENT_3D('',#8435,#8436,#8437);
#8435 = CARTESIAN_POINT('',(81.6156935,102.8651102483,1.585));
#8436 = DIRECTION('',(-0.,0.,-1.));
#8437 = DIRECTION('',(0.868760597946,-0.495232292421,-0.));
#8438 = ORIENTED_EDGE('',*,*,#8439,.T.);
#8439 = EDGE_CURVE('',#8431,#8440,#8442,.T.);
#8440 = VERTEX_POINT('',#8441);
#8441 = CARTESIAN_POINT('',(81.139991,103.977415,1.585));
#8442 = LINE('',#8443,#8444);
#8443 = CARTESIAN_POINT('',(81.527514,102.814844,1.585));
#8444 = VECTOR('',#8445,1.);
#8445 = DIRECTION('',(-0.316227276404,0.948683461255,0.));
#8446 = ORIENTED_EDGE('',*,*,#8447,.T.);
#8447 = EDGE_CURVE('',#8440,#8448,#8450,.T.);
#8448 = VERTEX_POINT('',#8449);
#8449 = CARTESIAN_POINT('',(81.328873,104.040376,1.585));
#8450 = CIRCLE('',#8451,0.101499948389);
#8451 = AXIS2_PLACEMENT_3D('',#8452,#8453,#8454);
#8452 = CARTESIAN_POINT('',(81.240693939783,103.9901097801,1.585));
#8453 = DIRECTION('',(0.,0.,-1.));
#8454 = DIRECTION('',(-0.992147694472,-0.125071788804,-0.));
#8455 = ORIENTED_EDGE('',*,*,#8456,.T.);
#8456 = EDGE_CURVE('',#8448,#8457,#8459,.T.);
#8457 = VERTEX_POINT('',#8458);
#8458 = CARTESIAN_POINT('',(81.615694,103.18608,1.585));
#8459 = LINE('',#8460,#8461);
#8460 = CARTESIAN_POINT('',(81.328873,104.040376,1.585));
#8461 = VECTOR('',#8462,1.);
#8462 = DIRECTION('',(0.318280047859,-0.947996735825,0.));
#8463 = ORIENTED_EDGE('',*,*,#8464,.T.);
#8464 = EDGE_CURVE('',#8457,#8465,#8467,.T.);
#8465 = VERTEX_POINT('',#8466);
#8466 = CARTESIAN_POINT('',(81.902514,104.040376,1.585));
#8467 = LINE('',#8468,#8469);
#8468 = CARTESIAN_POINT('',(81.615694,103.18608,1.585));
#8469 = VECTOR('',#8470,1.);
#8470 = DIRECTION('',(0.31827905059,0.947997070647,0.));
#8471 = ORIENTED_EDGE('',*,*,#8472,.T.);
#8472 = EDGE_CURVE('',#8465,#8412,#8473,.T.);
#8473 = LINE('',#8474,#8475);
#8474 = CARTESIAN_POINT('',(81.902514,104.040376,1.585));
#8475 = VECTOR('',#8476,1.);
#8476 = DIRECTION('',(0.65521984338,0.755438254817,0.));
#8477 = PLANE('',#8478);
#8478 = AXIS2_PLACEMENT_3D('',#8479,#8480,#8481);
#8479 = CARTESIAN_POINT('',(0.,0.,1.585));
#8480 = DIRECTION('',(0.,0.,1.));
#8481 = DIRECTION('',(1.,0.,-0.));
#8482 = SHELL_BASED_SURFACE_MODEL('',(#8483));
#8483 = OPEN_SHELL('',(#8484));
#8484 = ADVANCED_FACE('',(#8485),#8554,.T.);
#8485 = FACE_BOUND('',#8486,.F.);
#8486 = EDGE_LOOP('',(#8487,#8498,#8506,#8515,#8523,#8532,#8540,#8548));
#8487 = ORIENTED_EDGE('',*,*,#8488,.T.);
#8488 = EDGE_CURVE('',#8489,#8491,#8493,.T.);
#8489 = VERTEX_POINT('',#8490);
#8490 = CARTESIAN_POINT('',(88.928463,104.070294,1.585));
#8491 = VERTEX_POINT('',#8492);
#8492 = CARTESIAN_POINT('',(89.091397,103.977415,1.585));
#8493 = CIRCLE('',#8494,0.101499846456);
#8494 = AXIS2_PLACEMENT_3D('',#8495,#8496,#8497);
#8495 = CARTESIAN_POINT('',(88.990694169869,103.99010983493,1.585));
#8496 = DIRECTION('',(0.,0.,-1.));
#8497 = DIRECTION('',(-0.613115901567,0.789992969111,0.));
#8498 = ORIENTED_EDGE('',*,*,#8499,.T.);
#8499 = EDGE_CURVE('',#8491,#8500,#8502,.T.);
#8500 = VERTEX_POINT('',#8501);
#8501 = CARTESIAN_POINT('',(88.703873,102.814844,1.585));
#8502 = LINE('',#8503,#8504);
#8503 = CARTESIAN_POINT('',(89.091397,103.977415,1.585));
#8504 = VECTOR('',#8505,1.);
#8505 = DIRECTION('',(-0.316228010823,-0.948683216448,0.));
#8506 = ORIENTED_EDGE('',*,*,#8507,.T.);
#8507 = EDGE_CURVE('',#8500,#8508,#8510,.T.);
#8508 = VERTEX_POINT('',#8509);
#8509 = CARTESIAN_POINT('',(88.527514,102.814844,1.585));
#8510 = CIRCLE('',#8511,0.101500344524);
#8511 = AXIS2_PLACEMENT_3D('',#8512,#8513,#8514);
#8512 = CARTESIAN_POINT('',(88.6156935,102.8651102483,1.585));
#8513 = DIRECTION('',(-0.,0.,-1.));
#8514 = DIRECTION('',(0.868760597946,-0.495232292421,-0.));
#8515 = ORIENTED_EDGE('',*,*,#8516,.T.);
#8516 = EDGE_CURVE('',#8508,#8517,#8519,.T.);
#8517 = VERTEX_POINT('',#8518);
#8518 = CARTESIAN_POINT('',(88.139991,103.977415,1.585));
#8519 = LINE('',#8520,#8521);
#8520 = CARTESIAN_POINT('',(88.527514,102.814844,1.585));
#8521 = VECTOR('',#8522,1.);
#8522 = DIRECTION('',(-0.316227276404,0.948683461255,0.));
#8523 = ORIENTED_EDGE('',*,*,#8524,.T.);
#8524 = EDGE_CURVE('',#8517,#8525,#8527,.T.);
#8525 = VERTEX_POINT('',#8526);
#8526 = CARTESIAN_POINT('',(88.328873,104.040376,1.585));
#8527 = CIRCLE('',#8528,0.101499948389);
#8528 = AXIS2_PLACEMENT_3D('',#8529,#8530,#8531);
#8529 = CARTESIAN_POINT('',(88.240693939783,103.9901097801,1.585));
#8530 = DIRECTION('',(0.,0.,-1.));
#8531 = DIRECTION('',(-0.992147694472,-0.125071788804,-0.));
#8532 = ORIENTED_EDGE('',*,*,#8533,.T.);
#8533 = EDGE_CURVE('',#8525,#8534,#8536,.T.);
#8534 = VERTEX_POINT('',#8535);
#8535 = CARTESIAN_POINT('',(88.615694,103.18608,1.585));
#8536 = LINE('',#8537,#8538);
#8537 = CARTESIAN_POINT('',(88.328873,104.040376,1.585));
#8538 = VECTOR('',#8539,1.);
#8539 = DIRECTION('',(0.318280047859,-0.947996735825,0.));
#8540 = ORIENTED_EDGE('',*,*,#8541,.T.);
#8541 = EDGE_CURVE('',#8534,#8542,#8544,.T.);
#8542 = VERTEX_POINT('',#8543);
#8543 = CARTESIAN_POINT('',(88.902514,104.040376,1.585));
#8544 = LINE('',#8545,#8546);
#8545 = CARTESIAN_POINT('',(88.615694,103.18608,1.585));
#8546 = VECTOR('',#8547,1.);
#8547 = DIRECTION('',(0.31827905059,0.947997070647,0.));
#8548 = ORIENTED_EDGE('',*,*,#8549,.T.);
#8549 = EDGE_CURVE('',#8542,#8489,#8550,.T.);
#8550 = LINE('',#8551,#8552);
#8551 = CARTESIAN_POINT('',(88.902514,104.040376,1.585));
#8552 = VECTOR('',#8553,1.);
#8553 = DIRECTION('',(0.65521984338,0.755438254817,0.));
#8554 = PLANE('',#8555);
#8555 = AXIS2_PLACEMENT_3D('',#8556,#8557,#8558);
#8556 = CARTESIAN_POINT('',(0.,0.,1.585));
#8557 = DIRECTION('',(0.,0.,1.));
#8558 = DIRECTION('',(1.,0.,-0.));
#8559 = SHELL_BASED_SURFACE_MODEL('',(#8560));
#8560 = OPEN_SHELL('',(#8561));
#8561 = ADVANCED_FACE('',(#8562),#8631,.T.);
#8562 = FACE_BOUND('',#8563,.F.);
#8563 = EDGE_LOOP('',(#8564,#8575,#8583,#8592,#8600,#8608,#8617,#8625));
#8564 = ORIENTED_EDGE('',*,*,#8565,.T.);
#8565 = EDGE_CURVE('',#8566,#8568,#8570,.T.);
#8566 = VERTEX_POINT('',#8567);
#8567 = CARTESIAN_POINT('',(84.54232,103.89056,1.585));
#8568 = VERTEX_POINT('',#8569);
#8569 = CARTESIAN_POINT('',(84.54232,104.08966,1.585));
#8570 = CIRCLE('',#8571,0.101500353221);
#8571 = AXIS2_PLACEMENT_3D('',#8572,#8573,#8574);
#8572 = CARTESIAN_POINT('',(84.562122,103.99011,1.585));
#8573 = DIRECTION('',(0.,0.,-1.));
#8574 = DIRECTION('',(-0.195092917134,-0.980784764199,-0.));
#8575 = ORIENTED_EDGE('',*,*,#8576,.T.);
#8576 = EDGE_CURVE('',#8568,#8577,#8579,.T.);
#8577 = VERTEX_POINT('',#8578);
#8578 = CARTESIAN_POINT('',(85.224782,104.08966,1.585));
#8579 = LINE('',#8580,#8581);
#8580 = CARTESIAN_POINT('',(84.54232,104.08966,1.585));
#8581 = VECTOR('',#8582,1.);
#8582 = DIRECTION('',(1.,0.,0.));
#8583 = ORIENTED_EDGE('',*,*,#8584,.T.);
#8584 = EDGE_CURVE('',#8577,#8585,#8587,.T.);
#8585 = VERTEX_POINT('',#8586);
#8586 = CARTESIAN_POINT('',(85.224782,103.89056,1.585));
#8587 = CIRCLE('',#8588,0.101500353221);
#8588 = AXIS2_PLACEMENT_3D('',#8589,#8590,#8591);
#8589 = CARTESIAN_POINT('',(85.20498,103.99011,1.585));
#8590 = DIRECTION('',(0.,0.,-1.));
#8591 = DIRECTION('',(0.195092917134,0.980784764199,0.));
#8592 = ORIENTED_EDGE('',*,*,#8593,.T.);
#8593 = EDGE_CURVE('',#8585,#8594,#8596,.T.);
#8594 = VERTEX_POINT('',#8595);
#8595 = CARTESIAN_POINT('',(84.985051,103.88861,1.585));
#8596 = LINE('',#8597,#8598);
#8597 = CARTESIAN_POINT('',(85.224782,103.89056,1.585));
#8598 = VECTOR('',#8599,1.);
#8599 = DIRECTION('',(-0.999966919712,-8.133847910499E-03,0.));
#8600 = ORIENTED_EDGE('',*,*,#8601,.T.);
#8601 = EDGE_CURVE('',#8594,#8602,#8604,.T.);
#8602 = VERTEX_POINT('',#8603);
#8603 = CARTESIAN_POINT('',(84.983101,102.845308,1.585));
#8604 = LINE('',#8605,#8606);
#8605 = CARTESIAN_POINT('',(84.985051,103.88861,1.585));
#8606 = VECTOR('',#8607,1.);
#8607 = DIRECTION('',(-1.86906245165E-03,-0.999998253301,0.));
#8608 = ORIENTED_EDGE('',*,*,#8609,.T.);
#8609 = EDGE_CURVE('',#8602,#8610,#8612,.T.);
#8610 = VERTEX_POINT('',#8611);
#8611 = CARTESIAN_POINT('',(84.784001,102.845308,1.585));
#8612 = CIRCLE('',#8613,0.101500353221);
#8613 = AXIS2_PLACEMENT_3D('',#8614,#8615,#8616);
#8614 = CARTESIAN_POINT('',(84.883551,102.86511,1.585));
#8615 = DIRECTION('',(-0.,0.,-1.));
#8616 = DIRECTION('',(0.980784764199,-0.195092917134,-0.));
#8617 = ORIENTED_EDGE('',*,*,#8618,.T.);
#8618 = EDGE_CURVE('',#8610,#8619,#8621,.T.);
#8619 = VERTEX_POINT('',#8620);
#8620 = CARTESIAN_POINT('',(84.782051,103.88861,1.585));
#8621 = LINE('',#8622,#8623);
#8622 = CARTESIAN_POINT('',(84.784001,102.845308,1.585));
#8623 = VECTOR('',#8624,1.);
#8624 = DIRECTION('',(-1.869062451663E-03,0.999998253301,0.));
#8625 = ORIENTED_EDGE('',*,*,#8626,.T.);
#8626 = EDGE_CURVE('',#8619,#8566,#8627,.T.);
#8627 = LINE('',#8628,#8629);
#8628 = CARTESIAN_POINT('',(84.782051,103.88861,1.585));
#8629 = VECTOR('',#8630,1.);
#8630 = DIRECTION('',(-0.999966919712,8.1338479105E-03,0.));
#8631 = PLANE('',#8632);
#8632 = AXIS2_PLACEMENT_3D('',#8633,#8634,#8635);
#8633 = CARTESIAN_POINT('',(0.,0.,1.585));
#8634 = DIRECTION('',(0.,0.,1.));
#8635 = DIRECTION('',(1.,0.,-0.));
#8636 = SHELL_BASED_SURFACE_MODEL('',(#8637));
#8637 = OPEN_SHELL('',(#8638));
#8638 = ADVANCED_FACE('',(#8639),#8691,.T.);
#8639 = FACE_BOUND('',#8640,.F.);
#8640 = EDGE_LOOP('',(#8641,#8652,#8660,#8669,#8677,#8685));
#8641 = ORIENTED_EDGE('',*,*,#8642,.T.);
#8642 = EDGE_CURVE('',#8643,#8645,#8647,.T.);
#8643 = VERTEX_POINT('',#8644);
#8644 = CARTESIAN_POINT('',(89.309305,104.074504,1.585));
#8645 = VERTEX_POINT('',#8646);
#8646 = CARTESIAN_POINT('',(89.465245,104.009912,1.585));
#8647 = CIRCLE('',#8648,0.10150056823);
#8648 = AXIS2_PLACEMENT_3D('',#8649,#8650,#8651);
#8649 = CARTESIAN_POINT('',(89.365695,103.99010889794,1.585));
#8650 = DIRECTION('',(0.,0.,-1.));
#8651 = DIRECTION('',(-0.555563392238,0.831474183126,0.));
#8652 = ORIENTED_EDGE('',*,*,#8653,.T.);
#8653 = EDGE_CURVE('',#8645,#8654,#8656,.T.);
#8654 = VERTEX_POINT('',#8655);
#8655 = CARTESIAN_POINT('',(89.465245,102.845308,1.585));
#8656 = LINE('',#8657,#8658);
#8657 = CARTESIAN_POINT('',(89.465245,104.009912,1.585));
#8658 = VECTOR('',#8659,1.);
#8659 = DIRECTION('',(0.,-1.,0.));
#8660 = ORIENTED_EDGE('',*,*,#8661,.T.);
#8661 = EDGE_CURVE('',#8654,#8662,#8664,.T.);
#8662 = VERTEX_POINT('',#8663);
#8663 = CARTESIAN_POINT('',(89.266145,102.845308,1.585));
#8664 = CIRCLE('',#8665,0.101500353221);
#8665 = AXIS2_PLACEMENT_3D('',#8666,#8667,#8668);
#8666 = CARTESIAN_POINT('',(89.365695,102.86511,1.585));
#8667 = DIRECTION('',(-0.,0.,-1.));
#8668 = DIRECTION('',(0.980784764199,-0.195092917134,-0.));
#8669 = ORIENTED_EDGE('',*,*,#8670,.T.);
#8670 = EDGE_CURVE('',#8662,#8671,#8673,.T.);
#8671 = VERTEX_POINT('',#8672);
#8672 = CARTESIAN_POINT('',(89.266145,104.009912,1.585));
#8673 = LINE('',#8674,#8675);
#8674 = CARTESIAN_POINT('',(89.266145,102.845308,1.585));
#8675 = VECTOR('',#8676,1.);
#8676 = DIRECTION('',(0.,1.,0.));
#8677 = ORIENTED_EDGE('',*,*,#8678,.T.);
#8678 = EDGE_CURVE('',#8671,#8679,#8681,.T.);
#8679 = VERTEX_POINT('',#8680);
#8680 = CARTESIAN_POINT('',(89.281301,104.0465,1.585));
#8681 = LINE('',#8682,#8683);
#8682 = CARTESIAN_POINT('',(89.266145,104.009912,1.585));
#8683 = VECTOR('',#8684,1.);
#8684 = DIRECTION('',(0.382699687013,0.923872799448,0.));
#8685 = ORIENTED_EDGE('',*,*,#8686,.T.);
#8686 = EDGE_CURVE('',#8679,#8643,#8687,.T.);
#8687 = LINE('',#8688,#8689);
#8688 = CARTESIAN_POINT('',(89.281301,104.0465,1.585));
#8689 = VECTOR('',#8690,1.);
#8690 = DIRECTION('',(0.707106781186,0.707106781187,0.));
#8691 = PLANE('',#8692);
#8692 = AXIS2_PLACEMENT_3D('',#8693,#8694,#8695);
#8693 = CARTESIAN_POINT('',(0.,0.,1.585));
#8694 = DIRECTION('',(0.,0.,1.));
#8695 = DIRECTION('',(1.,0.,-0.));
#8696 = SHELL_BASED_SURFACE_MODEL('',(#8697));
#8697 = OPEN_SHELL('',(#8698));
#8698 = ADVANCED_FACE('',(#8699),#8809,.T.);
#8699 = FACE_BOUND('',#8700,.F.);
#8700 = EDGE_LOOP('',(#8701,#8712,#8720,#8728,#8736,#8744,#8752,#8761,
    #8769,#8778,#8786,#8794,#8803));
#8701 = ORIENTED_EDGE('',*,*,#8702,.T.);
#8702 = EDGE_CURVE('',#8703,#8705,#8707,.T.);
#8703 = VERTEX_POINT('',#8704);
#8704 = CARTESIAN_POINT('',(89.801859,104.009912,1.585));
#8705 = VERTEX_POINT('',#8706);
#8706 = CARTESIAN_POINT('',(89.881607,104.08966,1.585));
#8707 = CIRCLE('',#8708,0.101504258801);
#8708 = AXIS2_PLACEMENT_3D('',#8709,#8710,#8711);
#8709 = CARTESIAN_POINT('',(89.901412321389,103.99010667861,1.585));
#8710 = DIRECTION('',(0.,0.,-1.));
#8711 = DIRECTION('',(-0.980779748202,0.195118132209,0.));
#8712 = ORIENTED_EDGE('',*,*,#8713,.T.);
#8713 = EDGE_CURVE('',#8705,#8714,#8716,.T.);
#8714 = VERTEX_POINT('',#8715);
#8715 = CARTESIAN_POINT('',(89.914738,104.08966,1.585));
#8716 = LINE('',#8717,#8718);
#8717 = CARTESIAN_POINT('',(89.881607,104.08966,1.585));
#8718 = VECTOR('',#8719,1.);
#8719 = DIRECTION('',(1.,0.,0.));
#8720 = ORIENTED_EDGE('',*,*,#8721,.T.);
#8721 = EDGE_CURVE('',#8714,#8722,#8724,.T.);
#8722 = VERTEX_POINT('',#8723);
#8723 = CARTESIAN_POINT('',(89.957799,104.074504,1.585));
#8724 = LINE('',#8725,#8726);
#8725 = CARTESIAN_POINT('',(89.914738,104.08966,1.585));
#8726 = VECTOR('',#8727,1.);
#8727 = DIRECTION('',(0.943278728711,-0.332001867405,0.));
#8728 = ORIENTED_EDGE('',*,*,#8729,.T.);
#8729 = EDGE_CURVE('',#8722,#8730,#8732,.T.);
#8730 = VERTEX_POINT('',#8731);
#8731 = CARTESIAN_POINT('',(89.989536,104.040468,1.585));
#8732 = LINE('',#8733,#8734);
#8733 = CARTESIAN_POINT('',(89.957799,104.074504,1.585));
#8734 = VECTOR('',#8735,1.);
#8735 = DIRECTION('',(0.681974413047,-0.731376031839,0.));
#8736 = ORIENTED_EDGE('',*,*,#8737,.T.);
#8737 = EDGE_CURVE('',#8730,#8738,#8740,.T.);
#8738 = VERTEX_POINT('',#8739);
#8739 = CARTESIAN_POINT('',(90.442766,103.247316,1.585));
#8740 = LINE('',#8741,#8742);
#8741 = CARTESIAN_POINT('',(89.989536,104.040468,1.585));
#8742 = VECTOR('',#8743,1.);
#8743 = DIRECTION('',(0.496139174133,-0.868243007395,0.));
#8744 = ORIENTED_EDGE('',*,*,#8745,.T.);
#8745 = EDGE_CURVE('',#8738,#8746,#8748,.T.);
#8746 = VERTEX_POINT('',#8747);
#8747 = CARTESIAN_POINT('',(90.444716,104.009912,1.585));
#8748 = LINE('',#8749,#8750);
#8749 = CARTESIAN_POINT('',(90.442766,103.247316,1.585));
#8750 = VECTOR('',#8751,1.);
#8751 = DIRECTION('',(2.557046752091E-03,0.999996730751,0.));
#8752 = ORIENTED_EDGE('',*,*,#8753,.T.);
#8753 = EDGE_CURVE('',#8746,#8754,#8756,.T.);
#8754 = VERTEX_POINT('',#8755);
#8755 = CARTESIAN_POINT('',(90.643816,104.009912,1.585));
#8756 = CIRCLE('',#8757,0.101500353221);
#8757 = AXIS2_PLACEMENT_3D('',#8758,#8759,#8760);
#8758 = CARTESIAN_POINT('',(90.544266,103.99011,1.585));
#8759 = DIRECTION('',(0.,0.,-1.));
#8760 = DIRECTION('',(-0.980784764199,0.195092917134,0.));
#8761 = ORIENTED_EDGE('',*,*,#8762,.T.);
#8762 = EDGE_CURVE('',#8754,#8763,#8765,.T.);
#8763 = VERTEX_POINT('',#8764);
#8764 = CARTESIAN_POINT('',(90.643816,102.845308,1.585));
#8765 = LINE('',#8766,#8767);
#8766 = CARTESIAN_POINT('',(90.643816,104.009912,1.585));
#8767 = VECTOR('',#8768,1.);
#8768 = DIRECTION('',(0.,-1.,0.));
#8769 = ORIENTED_EDGE('',*,*,#8770,.T.);
#8770 = EDGE_CURVE('',#8763,#8771,#8773,.T.);
#8771 = VERTEX_POINT('',#8772);
#8772 = CARTESIAN_POINT('',(90.456139,102.814752,1.585));
#8773 = CIRCLE('',#8774,0.101500258134);
#8774 = AXIS2_PLACEMENT_3D('',#8775,#8776,#8777);
#8775 = CARTESIAN_POINT('',(90.544266080864,102.86510991913,1.585));
#8776 = DIRECTION('',(-0.,0.,-1.));
#8777 = DIRECTION('',(0.980784886318,-0.195092303207,-0.));
#8778 = ORIENTED_EDGE('',*,*,#8779,.T.);
#8779 = EDGE_CURVE('',#8771,#8780,#8782,.T.);
#8780 = VERTEX_POINT('',#8781);
#8781 = CARTESIAN_POINT('',(90.002909,103.607905,1.585));
#8782 = LINE('',#8783,#8784);
#8783 = CARTESIAN_POINT('',(90.456139,102.814752,1.585));
#8784 = VECTOR('',#8785,1.);
#8785 = DIRECTION('',(-0.496138702581,0.868243276853,0.));
#8786 = ORIENTED_EDGE('',*,*,#8787,.T.);
#8787 = EDGE_CURVE('',#8780,#8788,#8790,.T.);
#8788 = VERTEX_POINT('',#8789);
#8789 = CARTESIAN_POINT('',(90.000959,102.845308,1.585));
#8790 = LINE('',#8791,#8792);
#8791 = CARTESIAN_POINT('',(90.002909,103.607905,1.585));
#8792 = VECTOR('',#8793,1.);
#8793 = DIRECTION('',(-2.557043399054E-03,-0.999996730759,0.));
#8794 = ORIENTED_EDGE('',*,*,#8795,.T.);
#8795 = EDGE_CURVE('',#8788,#8796,#8798,.T.);
#8796 = VERTEX_POINT('',#8797);
#8797 = CARTESIAN_POINT('',(89.801859,102.845308,1.585));
#8798 = CIRCLE('',#8799,0.101500353221);
#8799 = AXIS2_PLACEMENT_3D('',#8800,#8801,#8802);
#8800 = CARTESIAN_POINT('',(89.901409,102.86511,1.585));
#8801 = DIRECTION('',(-0.,0.,-1.));
#8802 = DIRECTION('',(0.980784764199,-0.195092917133,-0.));
#8803 = ORIENTED_EDGE('',*,*,#8804,.T.);
#8804 = EDGE_CURVE('',#8796,#8703,#8805,.T.);
#8805 = LINE('',#8806,#8807);
#8806 = CARTESIAN_POINT('',(89.801859,102.845308,1.585));
#8807 = VECTOR('',#8808,1.);
#8808 = DIRECTION('',(0.,1.,0.));
#8809 = PLANE('',#8810);
#8810 = AXIS2_PLACEMENT_3D('',#8811,#8812,#8813);
#8811 = CARTESIAN_POINT('',(0.,0.,1.585));
#8812 = DIRECTION('',(0.,0.,1.));
#8813 = DIRECTION('',(1.,0.,-0.));
#8814 = SHELL_BASED_SURFACE_MODEL('',(#8815));
#8815 = OPEN_SHELL('',(#8816));
#8816 = ADVANCED_FACE('',(#8817,#8887),#8921,.T.);
#8817 = FACE_BOUND('',#8818,.F.);
#8818 = EDGE_LOOP('',(#8819,#8830,#8838,#8847,#8855,#8864,#8872,#8881));
#8819 = ORIENTED_EDGE('',*,*,#8820,.T.);
#8820 = EDGE_CURVE('',#8821,#8823,#8825,.T.);
#8821 = VERTEX_POINT('',#8822);
#8822 = CARTESIAN_POINT('',(77.89544,106.152776,1.585));
#8823 = VERTEX_POINT('',#8824);
#8824 = CARTESIAN_POINT('',(77.995224,106.25256,1.585));
#8825 = CIRCLE('',#8826,0.12700076686);
#8826 = AXIS2_PLACEMENT_3D('',#8827,#8828,#8829);
#8827 = CARTESIAN_POINT('',(78.020000505593,106.1279994944,1.585));
#8828 = DIRECTION('',(0.,0.,-1.));
#8829 = DIRECTION('',(-0.980785460378,0.19508941722,0.));
#8830 = ORIENTED_EDGE('',*,*,#8831,.T.);
#8831 = EDGE_CURVE('',#8823,#8832,#8834,.T.);
#8832 = VERTEX_POINT('',#8833);
#8833 = CARTESIAN_POINT('',(94.044776,106.25256,1.585));
#8834 = LINE('',#8835,#8836);
#8835 = CARTESIAN_POINT('',(77.995224,106.25256,1.585));
#8836 = VECTOR('',#8837,1.);
#8837 = DIRECTION('',(1.,0.,0.));
#8838 = ORIENTED_EDGE('',*,*,#8839,.T.);
#8839 = EDGE_CURVE('',#8832,#8840,#8842,.T.);
#8840 = VERTEX_POINT('',#8841);
#8841 = CARTESIAN_POINT('',(94.14456,106.152776,1.585));
#8842 = CIRCLE('',#8843,0.12700076686);
#8843 = AXIS2_PLACEMENT_3D('',#8844,#8845,#8846);
#8844 = CARTESIAN_POINT('',(94.019999494407,106.1279994944,1.585));
#8845 = DIRECTION('',(0.,0.,-1.));
#8846 = DIRECTION('',(0.19508941722,0.980785460378,0.));
#8847 = ORIENTED_EDGE('',*,*,#8848,.T.);
#8848 = EDGE_CURVE('',#8840,#8849,#8851,.T.);
#8849 = VERTEX_POINT('',#8850);
#8850 = CARTESIAN_POINT('',(94.14456,93.103224,1.585));
#8851 = LINE('',#8852,#8853);
#8852 = CARTESIAN_POINT('',(94.14456,106.152776,1.585));
#8853 = VECTOR('',#8854,1.);
#8854 = DIRECTION('',(0.,-1.,0.));
#8855 = ORIENTED_EDGE('',*,*,#8856,.T.);
#8856 = EDGE_CURVE('',#8849,#8857,#8859,.T.);
#8857 = VERTEX_POINT('',#8858);
#8858 = CARTESIAN_POINT('',(94.044776,93.00344,1.585));
#8859 = CIRCLE('',#8860,0.12700076686);
#8860 = AXIS2_PLACEMENT_3D('',#8861,#8862,#8863);
#8861 = CARTESIAN_POINT('',(94.019999494407,93.128000505593,1.585));
#8862 = DIRECTION('',(0.,0.,-1.));
#8863 = DIRECTION('',(0.980785460378,-0.19508941722,0.));
#8864 = ORIENTED_EDGE('',*,*,#8865,.T.);
#8865 = EDGE_CURVE('',#8857,#8866,#8868,.T.);
#8866 = VERTEX_POINT('',#8867);
#8867 = CARTESIAN_POINT('',(77.995224,93.00344,1.585));
#8868 = LINE('',#8869,#8870);
#8869 = CARTESIAN_POINT('',(94.044776,93.00344,1.585));
#8870 = VECTOR('',#8871,1.);
#8871 = DIRECTION('',(-1.,0.,0.));
#8872 = ORIENTED_EDGE('',*,*,#8873,.T.);
#8873 = EDGE_CURVE('',#8866,#8874,#8876,.T.);
#8874 = VERTEX_POINT('',#8875);
#8875 = CARTESIAN_POINT('',(77.89544,93.103224,1.585));
#8876 = CIRCLE('',#8877,0.12700076686);
#8877 = AXIS2_PLACEMENT_3D('',#8878,#8879,#8880);
#8878 = CARTESIAN_POINT('',(78.020000505593,93.128000505593,1.585));
#8879 = DIRECTION('',(0.,0.,-1.));
#8880 = DIRECTION('',(-0.19508941722,-0.980785460378,-0.));
#8881 = ORIENTED_EDGE('',*,*,#8882,.T.);
#8882 = EDGE_CURVE('',#8874,#8821,#8883,.T.);
#8883 = LINE('',#8884,#8885);
#8884 = CARTESIAN_POINT('',(77.89544,93.103224,1.585));
#8885 = VECTOR('',#8886,1.);
#8886 = DIRECTION('',(0.,1.,0.));
#8887 = FACE_BOUND('',#8888,.F.);
#8888 = EDGE_LOOP('',(#8889,#8899,#8907,#8915));
#8889 = ORIENTED_EDGE('',*,*,#8890,.T.);
#8890 = EDGE_CURVE('',#8891,#8893,#8895,.T.);
#8891 = VERTEX_POINT('',#8892);
#8892 = CARTESIAN_POINT('',(93.893,93.255,1.585));
#8893 = VERTEX_POINT('',#8894);
#8894 = CARTESIAN_POINT('',(93.893,106.001,1.585));
#8895 = LINE('',#8896,#8897);
#8896 = CARTESIAN_POINT('',(93.893,93.255,1.585));
#8897 = VECTOR('',#8898,1.);
#8898 = DIRECTION('',(0.,1.,0.));
#8899 = ORIENTED_EDGE('',*,*,#8900,.T.);
#8900 = EDGE_CURVE('',#8893,#8901,#8903,.T.);
#8901 = VERTEX_POINT('',#8902);
#8902 = CARTESIAN_POINT('',(78.147,106.001,1.585));
#8903 = LINE('',#8904,#8905);
#8904 = CARTESIAN_POINT('',(93.893,106.001,1.585));
#8905 = VECTOR('',#8906,1.);
#8906 = DIRECTION('',(-1.,0.,0.));
#8907 = ORIENTED_EDGE('',*,*,#8908,.T.);
#8908 = EDGE_CURVE('',#8901,#8909,#8911,.T.);
#8909 = VERTEX_POINT('',#8910);
#8910 = CARTESIAN_POINT('',(78.147,93.255,1.585));
#8911 = LINE('',#8912,#8913);
#8912 = CARTESIAN_POINT('',(78.147,106.001,1.585));
#8913 = VECTOR('',#8914,1.);
#8914 = DIRECTION('',(0.,-1.,0.));
#8915 = ORIENTED_EDGE('',*,*,#8916,.T.);
#8916 = EDGE_CURVE('',#8909,#8891,#8917,.T.);
#8917 = LINE('',#8918,#8919);
#8918 = CARTESIAN_POINT('',(78.147,93.255,1.585));
#8919 = VECTOR('',#8920,1.);
#8920 = DIRECTION('',(1.,0.,0.));
#8921 = PLANE('',#8922);
#8922 = AXIS2_PLACEMENT_3D('',#8923,#8924,#8925);
#8923 = CARTESIAN_POINT('',(0.,0.,1.585));
#8924 = DIRECTION('',(0.,0.,1.));
#8925 = DIRECTION('',(1.,0.,-0.));
#8926 = SHELL_BASED_SURFACE_MODEL('',(#8927));
#8927 = OPEN_SHELL('',(#8928));
#8928 = ADVANCED_FACE('',(#8929),#8940,.T.);
#8929 = FACE_BOUND('',#8930,.T.);
#8930 = EDGE_LOOP('',(#8931));
#8931 = ORIENTED_EDGE('',*,*,#8932,.T.);
#8932 = EDGE_CURVE('',#8933,#8933,#8935,.T.);
#8933 = VERTEX_POINT('',#8934);
#8934 = CARTESIAN_POINT('',(47.93,100.975,1.585));
#8935 = CIRCLE('',#8936,0.2);
#8936 = AXIS2_PLACEMENT_3D('',#8937,#8938,#8939);
#8937 = CARTESIAN_POINT('',(47.73,100.975,1.585));
#8938 = DIRECTION('',(0.,0.,1.));
#8939 = DIRECTION('',(1.,0.,-0.));
#8940 = PLANE('',#8941);
#8941 = AXIS2_PLACEMENT_3D('',#8942,#8943,#8944);
#8942 = CARTESIAN_POINT('',(0.,0.,1.585));
#8943 = DIRECTION('',(0.,0.,1.));
#8944 = DIRECTION('',(1.,0.,-0.));
#8945 = SHELL_BASED_SURFACE_MODEL('',(#8946));
#8946 = OPEN_SHELL('',(#8947));
#8947 = ADVANCED_FACE('',(#8948),#9107,.T.);
#8948 = FACE_BOUND('',#8949,.F.);
#8949 = EDGE_LOOP('',(#8950,#8961,#8969,#8977,#8985,#8993,#9001,#9009,
    #9018,#9026,#9035,#9043,#9051,#9059,#9068,#9076,#9084,#9092,#9101));
#8950 = ORIENTED_EDGE('',*,*,#8951,.T.);
#8951 = EDGE_CURVE('',#8952,#8954,#8956,.T.);
#8952 = VERTEX_POINT('',#8953);
#8953 = CARTESIAN_POINT('',(55.757173,107.264644,1.585));
#8954 = VERTEX_POINT('',#8955);
#8955 = CARTESIAN_POINT('',(56.266568,107.255314,1.585));
#8956 = CIRCLE('',#8957,0.450326844012);
#8957 = AXIS2_PLACEMENT_3D('',#8958,#8959,#8960);
#8958 = CARTESIAN_POINT('',(56.005070030105,106.888690108,1.585));
#8959 = DIRECTION('',(0.,0.,-1.));
#8960 = DIRECTION('',(-0.550482462684,0.834846727416,0.));
#8961 = ORIENTED_EDGE('',*,*,#8962,.T.);
#8962 = EDGE_CURVE('',#8954,#8963,#8965,.T.);
#8963 = VERTEX_POINT('',#8964);
#8964 = CARTESIAN_POINT('',(56.330021,107.189784,1.585));
#8965 = LINE('',#8966,#8967);
#8966 = CARTESIAN_POINT('',(56.266568,107.255314,1.585));
#8967 = VECTOR('',#8968,1.);
#8968 = DIRECTION('',(0.695630129574,-0.718400113328,0.));
#8969 = ORIENTED_EDGE('',*,*,#8970,.T.);
#8970 = EDGE_CURVE('',#8963,#8971,#8973,.T.);
#8971 = VERTEX_POINT('',#8972);
#8972 = CARTESIAN_POINT('',(56.388082,107.069337,1.585));
#8973 = LINE('',#8974,#8975);
#8974 = CARTESIAN_POINT('',(56.330021,107.189784,1.585));
#8975 = VECTOR('',#8976,1.);
#8976 = DIRECTION('',(0.434228424707,-0.900802794832,0.));
#8977 = ORIENTED_EDGE('',*,*,#8978,.T.);
#8978 = EDGE_CURVE('',#8971,#8979,#8981,.T.);
#8979 = VERTEX_POINT('',#8980);
#8980 = CARTESIAN_POINT('',(56.387323,106.943005,1.585));
#8981 = LINE('',#8982,#8983);
#8982 = CARTESIAN_POINT('',(56.388082,107.069337,1.585));
#8983 = VECTOR('',#8984,1.);
#8984 = DIRECTION('',(-6.00787054749E-03,-0.999981952583,0.));
#8985 = ORIENTED_EDGE('',*,*,#8986,.T.);
#8986 = EDGE_CURVE('',#8979,#8987,#8989,.T.);
#8987 = VERTEX_POINT('',#8988);
#8988 = CARTESIAN_POINT('',(56.329265,106.774942,1.585));
#8989 = LINE('',#8990,#8991);
#8990 = CARTESIAN_POINT('',(56.387323,106.943005,1.585));
#8991 = VECTOR('',#8992,1.);
#8992 = DIRECTION('',(-0.326519613327,-0.945190426376,0.));
#8993 = ORIENTED_EDGE('',*,*,#8994,.T.);
#8994 = EDGE_CURVE('',#8987,#8995,#8997,.T.);
#8995 = VERTEX_POINT('',#8996);
#8996 = CARTESIAN_POINT('',(55.876542,106.320181,1.585));
#8997 = LINE('',#8998,#8999);
#8998 = CARTESIAN_POINT('',(56.329265,106.774942,1.585));
#8999 = VECTOR('',#9000,1.);
#9000 = DIRECTION('',(-0.705517003129,-0.708692992978,0.));
#9001 = ORIENTED_EDGE('',*,*,#9002,.T.);
#9002 = EDGE_CURVE('',#8995,#9003,#9005,.T.);
#9003 = VERTEX_POINT('',#9004);
#9004 = CARTESIAN_POINT('',(56.329155,106.31874,1.585));
#9005 = LINE('',#9006,#9007);
#9006 = CARTESIAN_POINT('',(55.876542,106.320181,1.585));
#9007 = VECTOR('',#9008,1.);
#9008 = DIRECTION('',(0.999994931953,-3.183719197072E-03,0.));
#9009 = ORIENTED_EDGE('',*,*,#9010,.T.);
#9010 = EDGE_CURVE('',#9003,#9011,#9013,.T.);
#9011 = VERTEX_POINT('',#9012);
#9012 = CARTESIAN_POINT('',(56.314523,106.170181,1.585));
#9013 = CIRCLE('',#9014,7.500006711464E-02);
#9014 = AXIS2_PLACEMENT_3D('',#9015,#9016,#9017);
#9015 = CARTESIAN_POINT('',(56.314523067115,106.24518106711,1.585));
#9016 = DIRECTION('',(0.,0.,-1.));
#9017 = DIRECTION('',(0.195092263891,0.980784894138,0.));
#9018 = ORIENTED_EDGE('',*,*,#9019,.T.);
#9019 = EDGE_CURVE('',#9011,#9020,#9022,.T.);
#9020 = VERTEX_POINT('',#9021);
#9021 = CARTESIAN_POINT('',(55.680844,106.171622,1.585));
#9022 = LINE('',#9023,#9024);
#9023 = CARTESIAN_POINT('',(56.314523,106.170181,1.585));
#9024 = VECTOR('',#9025,1.);
#9025 = DIRECTION('',(-0.999997414422,2.274016140951E-03,0.));
#9026 = ORIENTED_EDGE('',*,*,#9027,.T.);
#9027 = EDGE_CURVE('',#9020,#9028,#9030,.T.);
#9028 = VERTEX_POINT('',#9029);
#9029 = CARTESIAN_POINT('',(55.642443,106.298214,1.585));
#9030 = CIRCLE('',#9031,7.500021013111E-02);
#9031 = AXIS2_PLACEMENT_3D('',#9032,#9033,#9034);
#9032 = CARTESIAN_POINT('',(55.695476316704,106.24518100235,1.585));
#9033 = DIRECTION('',(0.,0.,-1.));
#9034 = DIRECTION('',(-0.195097009436,-0.980783950169,-0.));
#9035 = ORIENTED_EDGE('',*,*,#9036,.T.);
#9036 = EDGE_CURVE('',#9028,#9037,#9039,.T.);
#9037 = VERTEX_POINT('',#9038);
#9038 = CARTESIAN_POINT('',(56.201351,106.857124,1.585));
#9039 = LINE('',#9040,#9041);
#9040 = CARTESIAN_POINT('',(55.642443,106.298214,1.585));
#9041 = VECTOR('',#9042,1.);
#9042 = DIRECTION('',(0.70710551603,0.707108046341,0.));
#9043 = ORIENTED_EDGE('',*,*,#9044,.T.);
#9044 = EDGE_CURVE('',#9037,#9045,#9047,.T.);
#9045 = VERTEX_POINT('',#9046);
#9046 = CARTESIAN_POINT('',(56.239523,106.971637,1.585));
#9047 = LINE('',#9048,#9049);
#9048 = CARTESIAN_POINT('',(56.201351,106.857124,1.585));
#9049 = VECTOR('',#9050,1.);
#9050 = DIRECTION('',(0.31623522204,0.948680812677,0.));
#9051 = ORIENTED_EDGE('',*,*,#9052,.T.);
#9052 = EDGE_CURVE('',#9045,#9053,#9055,.T.);
#9053 = VERTEX_POINT('',#9054);
#9054 = CARTESIAN_POINT('',(56.239523,107.037,1.585));
#9055 = LINE('',#9056,#9057);
#9056 = CARTESIAN_POINT('',(56.239523,106.971637,1.585));
#9057 = VECTOR('',#9058,1.);
#9058 = DIRECTION('',(0.,1.,0.));
#9059 = ORIENTED_EDGE('',*,*,#9060,.T.);
#9060 = EDGE_CURVE('',#9053,#9061,#9063,.T.);
#9061 = VERTEX_POINT('',#9062);
#9062 = CARTESIAN_POINT('',(56.106342,107.170181,1.585));
#9063 = CIRCLE('',#9064,0.18686440374);
#9064 = AXIS2_PLACEMENT_3D('',#9065,#9066,#9067);
#9065 = CARTESIAN_POINT('',(56.058806,106.989464,1.585));
#9066 = DIRECTION('',(0.,0.,1.));
#9067 = DIRECTION('',(0.967102328658,0.254387668538,-0.));
#9068 = ORIENTED_EDGE('',*,*,#9069,.T.);
#9069 = EDGE_CURVE('',#9061,#9070,#9072,.T.);
#9070 = VERTEX_POINT('',#9071);
#9071 = CARTESIAN_POINT('',(55.903657,107.170181,1.585));
#9072 = LINE('',#9073,#9074);
#9073 = CARTESIAN_POINT('',(56.106342,107.170181,1.585));
#9074 = VECTOR('',#9075,1.);
#9075 = DIRECTION('',(-1.,0.,0.));
#9076 = ORIENTED_EDGE('',*,*,#9077,.T.);
#9077 = EDGE_CURVE('',#9070,#9078,#9080,.T.);
#9078 = VERTEX_POINT('',#9079);
#9079 = CARTESIAN_POINT('',(55.835141,107.135923,1.585));
#9080 = LINE('',#9081,#9082);
#9081 = CARTESIAN_POINT('',(55.903657,107.170181,1.585));
#9082 = VECTOR('',#9083,1.);
#9083 = DIRECTION('',(-0.894427191,-0.4472135955,0.));
#9084 = ORIENTED_EDGE('',*,*,#9085,.T.);
#9085 = EDGE_CURVE('',#9078,#9086,#9088,.T.);
#9086 = VERTEX_POINT('',#9087);
#9087 = CARTESIAN_POINT('',(55.784763,107.087583,1.585));
#9088 = LINE('',#9089,#9090);
#9089 = CARTESIAN_POINT('',(55.835141,107.135923,1.585));
#9090 = VECTOR('',#9091,1.);
#9091 = DIRECTION('',(-0.721551016594,-0.69236127163,0.));
#9092 = ORIENTED_EDGE('',*,*,#9093,.T.);
#9093 = EDGE_CURVE('',#9086,#9094,#9096,.T.);
#9094 = VERTEX_POINT('',#9095);
#9095 = CARTESIAN_POINT('',(55.690062,107.202976,1.585));
#9096 = CIRCLE('',#9097,7.499996838528E-02);
#9097 = AXIS2_PLACEMENT_3D('',#9098,#9099,#9100);
#9098 = CARTESIAN_POINT('',(55.743095,107.14994302753,1.585));
#9099 = DIRECTION('',(0.,0.,-1.));
#9100 = DIRECTION('',(0.555573567524,-0.831467384248,0.));
#9101 = ORIENTED_EDGE('',*,*,#9102,.T.);
#9102 = EDGE_CURVE('',#9094,#8952,#9103,.T.);
#9103 = LINE('',#9104,#9105);
#9104 = CARTESIAN_POINT('',(55.690062,107.202976,1.585));
#9105 = VECTOR('',#9106,1.);
#9106 = DIRECTION('',(0.736336089652,0.676615964248,0.));
#9107 = PLANE('',#9108);
#9108 = AXIS2_PLACEMENT_3D('',#9109,#9110,#9111);
#9109 = CARTESIAN_POINT('',(0.,0.,1.585));
#9110 = DIRECTION('',(0.,0.,1.));
#9111 = DIRECTION('',(1.,0.,-0.));
#9112 = SHELL_BASED_SURFACE_MODEL('',(#9113));
#9113 = OPEN_SHELL('',(#9114));
#9114 = ADVANCED_FACE('',(#9115),#9235,.T.);
#9115 = FACE_BOUND('',#9116,.F.);
#9116 = EDGE_LOOP('',(#9117,#9128,#9136,#9145,#9153,#9162,#9170,#9179,
    #9187,#9196,#9204,#9213,#9221,#9229));
#9117 = ORIENTED_EDGE('',*,*,#9118,.T.);
#9118 = EDGE_CURVE('',#9119,#9121,#9123,.T.);
#9119 = VERTEX_POINT('',#9120);
#9120 = CARTESIAN_POINT('',(54.701427,107.307541,1.585));
#9121 = VERTEX_POINT('',#9122);
#9122 = CARTESIAN_POINT('',(54.818095,107.245181,1.585));
#9123 = CIRCLE('',#9124,7.500000000003E-02);
#9124 = AXIS2_PLACEMENT_3D('',#9125,#9126,#9127);
#9125 = CARTESIAN_POINT('',(54.743095,107.24518093444,1.585));
#9126 = DIRECTION('',(0.,0.,-1.));
#9127 = DIRECTION('',(-0.555573333333,0.831467540731,0.));
#9128 = ORIENTED_EDGE('',*,*,#9129,.T.);
#9129 = EDGE_CURVE('',#9121,#9130,#9132,.T.);
#9130 = VERTEX_POINT('',#9131);
#9131 = CARTESIAN_POINT('',(54.818095,106.453363,1.585));
#9132 = LINE('',#9133,#9134);
#9133 = CARTESIAN_POINT('',(54.818095,107.245181,1.585));
#9134 = VECTOR('',#9135,1.);
#9135 = DIRECTION('',(0.,-1.,0.));
#9136 = ORIENTED_EDGE('',*,*,#9137,.T.);
#9137 = EDGE_CURVE('',#9130,#9138,#9140,.T.);
#9138 = VERTEX_POINT('',#9139);
#9139 = CARTESIAN_POINT('',(54.951276,106.320181,1.585));
#9140 = CIRCLE('',#9141,0.186867373533);
#9141 = AXIS2_PLACEMENT_3D('',#9142,#9143,#9144);
#9142 = CARTESIAN_POINT('',(54.998814713883,106.50090035694,1.585));
#9143 = DIRECTION('',(0.,0.,1.));
#9144 = DIRECTION('',(-0.967101482012,-0.2543908872,0.));
#9145 = ORIENTED_EDGE('',*,*,#9146,.T.);
#9146 = EDGE_CURVE('',#9138,#9147,#9149,.T.);
#9147 = VERTEX_POINT('',#9148);
#9148 = CARTESIAN_POINT('',(55.106342,106.320181,1.585));
#9149 = LINE('',#9150,#9151);
#9150 = CARTESIAN_POINT('',(54.951276,106.320181,1.585));
#9151 = VECTOR('',#9152,1.);
#9152 = DIRECTION('',(1.,0.,0.));
#9153 = ORIENTED_EDGE('',*,*,#9154,.T.);
#9154 = EDGE_CURVE('',#9147,#9155,#9157,.T.);
#9155 = VERTEX_POINT('',#9156);
#9156 = CARTESIAN_POINT('',(55.239523,106.453363,1.585));
#9157 = CIRCLE('',#9158,0.186867760544);
#9158 = AXIS2_PLACEMENT_3D('',#9159,#9160,#9161);
#9159 = CARTESIAN_POINT('',(55.058802969282,106.50090067377,1.585));
#9160 = DIRECTION('',(0.,0.,1.));
#9161 = DIRECTION('',(0.254399317355,-0.967099264465,0.));
#9162 = ORIENTED_EDGE('',*,*,#9163,.T.);
#9163 = EDGE_CURVE('',#9155,#9164,#9166,.T.);
#9164 = VERTEX_POINT('',#9165);
#9165 = CARTESIAN_POINT('',(55.240964,107.259813,1.585));
#9166 = LINE('',#9167,#9168);
#9167 = CARTESIAN_POINT('',(55.239523,106.453363,1.585));
#9168 = VECTOR('',#9169,1.);
#9169 = DIRECTION('',(1.786840721168E-03,0.999998403599,0.));
#9170 = ORIENTED_EDGE('',*,*,#9171,.T.);
#9171 = EDGE_CURVE('',#9164,#9172,#9174,.T.);
#9172 = VERTEX_POINT('',#9173);
#9173 = CARTESIAN_POINT('',(55.389523,107.245181,1.585));
#9174 = CIRCLE('',#9175,7.500006711464E-02);
#9175 = AXIS2_PLACEMENT_3D('',#9176,#9177,#9178);
#9176 = CARTESIAN_POINT('',(55.314522932885,107.24518106711,1.585));
#9177 = DIRECTION('',(0.,0.,-1.));
#9178 = DIRECTION('',(-0.980784894138,0.195092263891,0.));
#9179 = ORIENTED_EDGE('',*,*,#9180,.T.);
#9180 = EDGE_CURVE('',#9172,#9181,#9183,.T.);
#9181 = VERTEX_POINT('',#9182);
#9182 = CARTESIAN_POINT('',(55.38686,106.415848,1.585));
#9183 = LINE('',#9184,#9185);
#9184 = CARTESIAN_POINT('',(55.389523,107.245181,1.585));
#9185 = VECTOR('',#9186,1.);
#9186 = DIRECTION('',(-3.210997598702E-03,-0.999994844734,0.));
#9187 = ORIENTED_EDGE('',*,*,#9188,.T.);
#9188 = EDGE_CURVE('',#9181,#9189,#9191,.T.);
#9189 = VERTEX_POINT('',#9190);
#9190 = CARTESIAN_POINT('',(55.138679,106.171622,1.585));
#9191 = CIRCLE('',#9192,0.348635327447);
#9192 = AXIS2_PLACEMENT_3D('',#9193,#9194,#9195);
#9193 = CARTESIAN_POINT('',(55.050907481291,106.50902791584,1.585));
#9194 = DIRECTION('',(0.,0.,-1.));
#9195 = DIRECTION('',(0.963621561732,-0.267270435638,0.));
#9196 = ORIENTED_EDGE('',*,*,#9197,.T.);
#9197 = EDGE_CURVE('',#9189,#9198,#9200,.T.);
#9198 = VERTEX_POINT('',#9199);
#9199 = CARTESIAN_POINT('',(54.913761,106.172844,1.585));
#9200 = LINE('',#9201,#9202);
#9201 = CARTESIAN_POINT('',(55.138679,106.171622,1.585));
#9202 = VECTOR('',#9203,1.);
#9203 = DIRECTION('',(-0.999985241087,5.433010984477E-03,0.));
#9204 = ORIENTED_EDGE('',*,*,#9205,.T.);
#9205 = EDGE_CURVE('',#9198,#9206,#9208,.T.);
#9206 = VERTEX_POINT('',#9207);
#9207 = CARTESIAN_POINT('',(54.669536,106.421026,1.585));
#9208 = CIRCLE('',#9209,0.348628446662);
#9209 = AXIS2_PLACEMENT_3D('',#9210,#9211,#9212);
#9210 = CARTESIAN_POINT('',(55.006936613227,106.50879057152,1.585));
#9211 = DIRECTION('',(0.,0.,-1.));
#9212 = DIRECTION('',(-0.267263369124,-0.963623521674,-0.));
#9213 = ORIENTED_EDGE('',*,*,#9214,.T.);
#9214 = EDGE_CURVE('',#9206,#9215,#9217,.T.);
#9215 = VERTEX_POINT('',#9216);
#9216 = CARTESIAN_POINT('',(54.669536,107.259813,1.585));
#9217 = LINE('',#9218,#9219);
#9218 = CARTESIAN_POINT('',(54.669536,106.421026,1.585));
#9219 = VECTOR('',#9220,1.);
#9220 = DIRECTION('',(0.,1.,0.));
#9221 = ORIENTED_EDGE('',*,*,#9222,.T.);
#9222 = EDGE_CURVE('',#9215,#9223,#9225,.T.);
#9223 = VERTEX_POINT('',#9224);
#9224 = CARTESIAN_POINT('',(54.680735,107.286849,1.585));
#9225 = LINE('',#9226,#9227);
#9226 = CARTESIAN_POINT('',(54.669536,107.259813,1.585));
#9227 = VECTOR('',#9228,1.);
#9228 = DIRECTION('',(0.38269282806,0.923875640631,0.));
#9229 = ORIENTED_EDGE('',*,*,#9230,.T.);
#9230 = EDGE_CURVE('',#9223,#9119,#9231,.T.);
#9231 = LINE('',#9232,#9233);
#9232 = CARTESIAN_POINT('',(54.680735,107.286849,1.585));
#9233 = VECTOR('',#9234,1.);
#9234 = DIRECTION('',(0.707106781187,0.707106781186,0.));
#9235 = PLANE('',#9236);
#9236 = AXIS2_PLACEMENT_3D('',#9237,#9238,#9239);
#9237 = CARTESIAN_POINT('',(0.,0.,1.585));
#9238 = DIRECTION('',(0.,0.,1.));
#9239 = DIRECTION('',(1.,0.,-0.));
#9240 = SHELL_BASED_SURFACE_MODEL('',(#9241));
#9241 = OPEN_SHELL('',(#9242));
#9242 = ADVANCED_FACE('',(#9243),#9336,.T.);
#9243 = FACE_BOUND('',#9244,.F.);
#9244 = EDGE_LOOP('',(#9245,#9256,#9264,#9272,#9280,#9288,#9296,#9305,
    #9313,#9322,#9330));
#9245 = ORIENTED_EDGE('',*,*,#9246,.T.);
#9246 = EDGE_CURVE('',#9247,#9249,#9251,.T.);
#9247 = VERTEX_POINT('',#9248);
#9248 = CARTESIAN_POINT('',(70.120472,111.306715,1.585));
#9249 = VERTEX_POINT('',#9250);
#9250 = CARTESIAN_POINT('',(70.216666,111.287581,1.585));
#9251 = CIRCLE('',#9252,4.999998452109E-02);
#9252 = AXIS2_PLACEMENT_3D('',#9253,#9254,#9255);
#9253 = CARTESIAN_POINT('',(70.166666015479,111.28758096263,1.585));
#9254 = DIRECTION('',(0.,0.,-1.));
#9255 = DIRECTION('',(-0.923880595592,0.382680865851,0.));
#9256 = ORIENTED_EDGE('',*,*,#9257,.T.);
#9257 = EDGE_CURVE('',#9249,#9258,#9260,.T.);
#9258 = VERTEX_POINT('',#9259);
#9259 = CARTESIAN_POINT('',(70.2141,110.557484,1.585));
#9260 = LINE('',#9261,#9262);
#9261 = CARTESIAN_POINT('',(70.216666,111.287581,1.585));
#9262 = VECTOR('',#9263,1.);
#9263 = DIRECTION('',(-3.51457977774E-03,-0.999993823845,0.));
#9264 = ORIENTED_EDGE('',*,*,#9265,.T.);
#9265 = EDGE_CURVE('',#9258,#9266,#9268,.T.);
#9266 = VERTEX_POINT('',#9267);
#9267 = CARTESIAN_POINT('',(70.160787,110.40464,1.585));
#9268 = LINE('',#9269,#9270);
#9269 = CARTESIAN_POINT('',(70.2141,110.557484,1.585));
#9270 = VECTOR('',#9271,1.);
#9271 = DIRECTION('',(-0.329346412223,-0.944209161551,0.));
#9272 = ORIENTED_EDGE('',*,*,#9273,.T.);
#9273 = EDGE_CURVE('',#9266,#9274,#9276,.T.);
#9274 = VERTEX_POINT('',#9275);
#9275 = CARTESIAN_POINT('',(70.049614,110.293464,1.585));
#9276 = LINE('',#9277,#9278);
#9277 = CARTESIAN_POINT('',(70.160787,110.40464,1.585));
#9278 = VECTOR('',#9279,1.);
#9279 = DIRECTION('',(-0.707097240623,-0.707116321621,0.));
#9280 = ORIENTED_EDGE('',*,*,#9281,.T.);
#9281 = EDGE_CURVE('',#9274,#9282,#9284,.T.);
#9282 = VERTEX_POINT('',#9283);
#9283 = CARTESIAN_POINT('',(69.880952,110.237581,1.585));
#9284 = LINE('',#9285,#9286);
#9285 = CARTESIAN_POINT('',(70.049614,110.293464,1.585));
#9286 = VECTOR('',#9287,1.);
#9287 = DIRECTION('',(-0.949251885915,-0.31451686296,0.));
#9288 = ORIENTED_EDGE('',*,*,#9289,.T.);
#9289 = EDGE_CURVE('',#9282,#9290,#9292,.T.);
#9290 = VERTEX_POINT('',#9291);
#9291 = CARTESIAN_POINT('',(69.785714,110.237581,1.585));
#9292 = LINE('',#9293,#9294);
#9293 = CARTESIAN_POINT('',(69.880952,110.237581,1.585));
#9294 = VECTOR('',#9295,1.);
#9295 = DIRECTION('',(-1.,0.,0.));
#9296 = ORIENTED_EDGE('',*,*,#9297,.T.);
#9297 = EDGE_CURVE('',#9290,#9298,#9300,.T.);
#9298 = VERTEX_POINT('',#9299);
#9299 = CARTESIAN_POINT('',(69.785714,110.337581,1.585));
#9300 = CIRCLE('',#9301,5.000000000002E-02);
#9301 = AXIS2_PLACEMENT_3D('',#9302,#9303,#9304);
#9302 = CARTESIAN_POINT('',(69.785714047712,110.287581,1.585));
#9303 = DIRECTION('',(0.,0.,-1.));
#9304 = DIRECTION('',(-9.54236440975E-07,-1.,-0.));
#9305 = ORIENTED_EDGE('',*,*,#9306,.T.);
#9306 = EDGE_CURVE('',#9298,#9307,#9309,.T.);
#9307 = VERTEX_POINT('',#9308);
#9308 = CARTESIAN_POINT('',(69.872839,110.337581,1.585));
#9309 = LINE('',#9310,#9311);
#9310 = CARTESIAN_POINT('',(69.785714,110.337581,1.585));
#9311 = VECTOR('',#9312,1.);
#9312 = DIRECTION('',(1.,0.,0.));
#9313 = ORIENTED_EDGE('',*,*,#9314,.T.);
#9314 = EDGE_CURVE('',#9307,#9315,#9317,.T.);
#9315 = VERTEX_POINT('',#9316);
#9316 = CARTESIAN_POINT('',(70.116666,110.581409,1.585));
#9317 = CIRCLE('',#9318,0.263102491352);
#9318 = AXIS2_PLACEMENT_3D('',#9319,#9320,#9321);
#9319 = CARTESIAN_POINT('',(69.854222862441,110.60002406121,1.585));
#9320 = DIRECTION('',(0.,0.,1.));
#9321 = DIRECTION('',(7.075621923389E-02,-0.997493637794,0.));
#9322 = ORIENTED_EDGE('',*,*,#9323,.T.);
#9323 = EDGE_CURVE('',#9315,#9324,#9326,.T.);
#9324 = VERTEX_POINT('',#9325);
#9325 = CARTESIAN_POINT('',(70.116666,111.287581,1.585));
#9326 = LINE('',#9327,#9328);
#9327 = CARTESIAN_POINT('',(70.116666,110.581409,1.585));
#9328 = VECTOR('',#9329,1.);
#9329 = DIRECTION('',(0.,1.,0.));
#9330 = ORIENTED_EDGE('',*,*,#9331,.T.);
#9331 = EDGE_CURVE('',#9324,#9247,#9332,.T.);
#9332 = LINE('',#9333,#9334);
#9333 = CARTESIAN_POINT('',(70.116666,111.287581,1.585));
#9334 = VECTOR('',#9335,1.);
#9335 = DIRECTION('',(0.195090852695,0.980785174844,0.));
#9336 = PLANE('',#9337);
#9337 = AXIS2_PLACEMENT_3D('',#9338,#9339,#9340);
#9338 = CARTESIAN_POINT('',(0.,0.,1.585));
#9339 = DIRECTION('',(0.,0.,1.));
#9340 = DIRECTION('',(1.,0.,-0.));
#9341 = SHELL_BASED_SURFACE_MODEL('',(#9342));
#9342 = OPEN_SHELL('',(#9343));
#9343 = ADVANCED_FACE('',(#9344),#9553,.T.);
#9344 = FACE_BOUND('',#9345,.F.);
#9345 = EDGE_LOOP('',(#9346,#9356,#9364,#9373,#9381,#9389,#9397,#9405,
    #9413,#9421,#9430,#9438,#9447,#9455,#9464,#9472,#9481,#9489,#9498,
    #9506,#9515,#9523,#9531,#9539,#9547));
#9346 = ORIENTED_EDGE('',*,*,#9347,.T.);
#9347 = EDGE_CURVE('',#9348,#9350,#9352,.T.);
#9348 = VERTEX_POINT('',#9349);
#9349 = CARTESIAN_POINT('',(70.596663,111.306715,1.585));
#9350 = VERTEX_POINT('',#9351);
#9351 = CARTESIAN_POINT('',(70.628414,111.33545,1.585));
#9352 = LINE('',#9353,#9354);
#9353 = CARTESIAN_POINT('',(70.596663,111.306715,1.585));
#9354 = VECTOR('',#9355,1.);
#9355 = DIRECTION('',(0.741443937177,0.671014819526,0.));
#9356 = ORIENTED_EDGE('',*,*,#9357,.T.);
#9357 = EDGE_CURVE('',#9350,#9358,#9360,.T.);
#9358 = VERTEX_POINT('',#9359);
#9359 = CARTESIAN_POINT('',(71.119047,111.337581,1.585));
#9360 = LINE('',#9361,#9362);
#9361 = CARTESIAN_POINT('',(70.628414,111.33545,1.585));
#9362 = VECTOR('',#9363,1.);
#9363 = DIRECTION('',(0.999990567708,4.343327700727E-03,0.));
#9364 = ORIENTED_EDGE('',*,*,#9365,.T.);
#9365 = EDGE_CURVE('',#9358,#9366,#9368,.T.);
#9366 = VERTEX_POINT('',#9367);
#9367 = CARTESIAN_POINT('',(71.119047,111.237581,1.585));
#9368 = CIRCLE('',#9369,5.000000000002E-02);
#9369 = AXIS2_PLACEMENT_3D('',#9370,#9371,#9372);
#9370 = CARTESIAN_POINT('',(71.119046952288,111.287581,1.585));
#9371 = DIRECTION('',(0.,0.,-1.));
#9372 = DIRECTION('',(9.54236440975E-07,1.,0.));
#9373 = ORIENTED_EDGE('',*,*,#9374,.T.);
#9374 = EDGE_CURVE('',#9366,#9375,#9377,.T.);
#9375 = VERTEX_POINT('',#9376);
#9376 = CARTESIAN_POINT('',(70.688106,111.237581,1.585));
#9377 = LINE('',#9378,#9379);
#9378 = CARTESIAN_POINT('',(71.119047,111.237581,1.585));
#9379 = VECTOR('',#9380,1.);
#9380 = DIRECTION('',(-1.,0.,0.));
#9381 = ORIENTED_EDGE('',*,*,#9382,.T.);
#9382 = EDGE_CURVE('',#9375,#9383,#9385,.T.);
#9383 = VERTEX_POINT('',#9384);
#9384 = CARTESIAN_POINT('',(70.656522,110.921745,1.585));
#9385 = LINE('',#9386,#9387);
#9386 = CARTESIAN_POINT('',(70.688106,111.237581,1.585));
#9387 = VECTOR('',#9388,1.);
#9388 = DIRECTION('',(-9.950496673839E-02,-0.995037065437,0.));
#9389 = ORIENTED_EDGE('',*,*,#9390,.T.);
#9390 = EDGE_CURVE('',#9383,#9391,#9393,.T.);
#9391 = VERTEX_POINT('',#9392);
#9392 = CARTESIAN_POINT('',(70.73455,110.956503,1.585));
#9393 = LINE('',#9394,#9395);
#9394 = CARTESIAN_POINT('',(70.656522,110.921745,1.585));
#9395 = VECTOR('',#9396,1.);
#9396 = DIRECTION('',(0.913468463541,0.406909530627,0.));
#9397 = ORIENTED_EDGE('',*,*,#9398,.T.);
#9398 = EDGE_CURVE('',#9391,#9399,#9401,.T.);
#9399 = VERTEX_POINT('',#9400);
#9400 = CARTESIAN_POINT('',(70.987462,110.954387,1.585));
#9401 = LINE('',#9402,#9403);
#9402 = CARTESIAN_POINT('',(70.73455,110.956503,1.585));
#9403 = VECTOR('',#9404,1.);
#9404 = DIRECTION('',(0.999965002287,-8.366253656771E-03,0.));
#9405 = ORIENTED_EDGE('',*,*,#9406,.T.);
#9406 = EDGE_CURVE('',#9399,#9407,#9409,.T.);
#9407 = VERTEX_POINT('',#9408);
#9408 = CARTESIAN_POINT('',(71.106783,110.894365,1.585));
#9409 = LINE('',#9410,#9411);
#9410 = CARTESIAN_POINT('',(70.987462,110.954387,1.585));
#9411 = VECTOR('',#9412,1.);
#9412 = DIRECTION('',(0.893341967462,-0.449377490727,0.));
#9413 = ORIENTED_EDGE('',*,*,#9414,.T.);
#9414 = EDGE_CURVE('',#9407,#9415,#9417,.T.);
#9415 = VERTEX_POINT('',#9416);
#9416 = CARTESIAN_POINT('',(71.163768,110.833752,1.585));
#9417 = LINE('',#9418,#9419);
#9418 = CARTESIAN_POINT('',(71.106783,110.894365,1.585));
#9419 = VECTOR('',#9420,1.);
#9420 = DIRECTION('',(0.68496603593,-0.728574999312,0.));
#9421 = ORIENTED_EDGE('',*,*,#9422,.T.);
#9422 = EDGE_CURVE('',#9415,#9423,#9425,.T.);
#9423 = VERTEX_POINT('',#9424);
#9424 = CARTESIAN_POINT('',(71.154403,110.347465,1.585));
#9425 = CIRCLE('',#9426,0.42989777466);
#9426 = AXIS2_PLACEMENT_3D('',#9427,#9428,#9429);
#9427 = CARTESIAN_POINT('',(70.804649584965,110.59743428877,1.585));
#9428 = DIRECTION('',(0.,0.,-1.));
#9429 = DIRECTION('',(0.835357697115,0.549706756253,0.));
#9430 = ORIENTED_EDGE('',*,*,#9431,.T.);
#9431 = EDGE_CURVE('',#9423,#9432,#9434,.T.);
#9432 = VERTEX_POINT('',#9433);
#9433 = CARTESIAN_POINT('',(71.093788,110.290478,1.585));
#9434 = LINE('',#9435,#9436);
#9435 = CARTESIAN_POINT('',(71.154403,110.347465,1.585));
#9436 = VECTOR('',#9437,1.);
#9437 = DIRECTION('',(-0.728574281239,-0.684966799719,0.));
#9438 = ORIENTED_EDGE('',*,*,#9439,.T.);
#9439 = EDGE_CURVE('',#9432,#9440,#9442,.T.);
#9440 = VERTEX_POINT('',#9441);
#9441 = CARTESIAN_POINT('',(70.607501,110.299845,1.585));
#9442 = CIRCLE('',#9443,0.429901003201);
#9443 = AXIS2_PLACEMENT_3D('',#9444,#9445,#9446);
#9444 = CARTESIAN_POINT('',(70.857471821101,110.64960128822,1.585));
#9445 = DIRECTION('',(-0.,0.,-1.));
#9446 = DIRECTION('',(0.549699063597,-0.835362759213,-0.));
#9447 = ORIENTED_EDGE('',*,*,#9448,.T.);
#9448 = EDGE_CURVE('',#9440,#9449,#9451,.T.);
#9449 = VERTEX_POINT('',#9450);
#9450 = CARTESIAN_POINT('',(70.549044,110.363686,1.585));
#9451 = LINE('',#9452,#9453);
#9452 = CARTESIAN_POINT('',(70.607501,110.299845,1.585));
#9453 = VECTOR('',#9454,1.);
#9454 = DIRECTION('',(-0.675323286832,0.737521835787,0.));
#9455 = ORIENTED_EDGE('',*,*,#9456,.T.);
#9456 = EDGE_CURVE('',#9449,#9457,#9459,.T.);
#9457 = VERTEX_POINT('',#9458);
#9458 = CARTESIAN_POINT('',(70.614373,110.429014,1.585));
#9459 = CIRCLE('',#9460,4.999995592927E-02);
#9460 = AXIS2_PLACEMENT_3D('',#9461,#9462,#9463);
#9461 = CARTESIAN_POINT('',(70.595237792902,110.3828205,1.585));
#9462 = DIRECTION('',(0.,0.,-1.));
#9463 = DIRECTION('',(-0.92387667236,-0.382690337309,-0.));
#9464 = ORIENTED_EDGE('',*,*,#9465,.T.);
#9465 = EDGE_CURVE('',#9457,#9466,#9468,.T.);
#9466 = VERTEX_POINT('',#9467);
#9467 = CARTESIAN_POINT('',(70.672476,110.376292,1.585));
#9468 = LINE('',#9469,#9470);
#9469 = CARTESIAN_POINT('',(70.614373,110.429014,1.585));
#9470 = VECTOR('',#9471,1.);
#9471 = DIRECTION('',(0.740567235323,-0.671982269086,0.));
#9472 = ORIENTED_EDGE('',*,*,#9473,.T.);
#9473 = EDGE_CURVE('',#9466,#9474,#9476,.T.);
#9474 = VERTEX_POINT('',#9475);
#9475 = CARTESIAN_POINT('',(71.041808,110.376292,1.585));
#9476 = CIRCLE('',#9477,0.329224842901);
#9477 = AXIS2_PLACEMENT_3D('',#9478,#9479,#9480);
#9478 = CARTESIAN_POINT('',(70.857142,110.64884927036,1.585));
#9479 = DIRECTION('',(0.,0.,1.));
#9480 = DIRECTION('',(-0.560911498575,-0.827875770129,0.));
#9481 = ORIENTED_EDGE('',*,*,#9482,.T.);
#9482 = EDGE_CURVE('',#9474,#9483,#9485,.T.);
#9483 = VERTEX_POINT('',#9484);
#9484 = CARTESIAN_POINT('',(71.077954,110.412439,1.585));
#9485 = LINE('',#9486,#9487);
#9486 = CARTESIAN_POINT('',(71.041808,110.376292,1.585));
#9487 = VECTOR('',#9488,1.);
#9488 = DIRECTION('',(0.707096999995,0.707116562243,0.));
#9489 = ORIENTED_EDGE('',*,*,#9490,.T.);
#9490 = EDGE_CURVE('',#9483,#9491,#9493,.T.);
#9491 = VERTEX_POINT('',#9492);
#9492 = CARTESIAN_POINT('',(71.077954,110.781773,1.585));
#9493 = CIRCLE('',#9494,0.329220402929);
#9494 = AXIS2_PLACEMENT_3D('',#9495,#9496,#9497);
#9495 = CARTESIAN_POINT('',(70.805402770291,110.597106,1.585));
#9496 = DIRECTION('',(0.,-0.,1.));
#9497 = DIRECTION('',(0.827868586771,-0.560922100686,-0.));
#9498 = ORIENTED_EDGE('',*,*,#9499,.T.);
#9499 = EDGE_CURVE('',#9491,#9500,#9502,.T.);
#9500 = VERTEX_POINT('',#9501);
#9501 = CARTESIAN_POINT('',(71.04181,110.817918,1.585));
#9502 = LINE('',#9503,#9504);
#9503 = CARTESIAN_POINT('',(71.077954,110.781773,1.585));
#9504 = VECTOR('',#9505,1.);
#9505 = DIRECTION('',(-0.707096999454,0.707116562784,0.));
#9506 = ORIENTED_EDGE('',*,*,#9507,.T.);
#9507 = EDGE_CURVE('',#9500,#9508,#9510,.T.);
#9508 = VERTEX_POINT('',#9509);
#9509 = CARTESIAN_POINT('',(70.672475,110.817918,1.585));
#9510 = CIRCLE('',#9511,0.329228167928);
#9511 = AXIS2_PLACEMENT_3D('',#9512,#9513,#9514);
#9512 = CARTESIAN_POINT('',(70.8571425,110.54535772959,1.585));
#9513 = DIRECTION('',(0.,0.,1.));
#9514 = DIRECTION('',(0.560910389782,0.827876521369,-0.));
#9515 = ORIENTED_EDGE('',*,*,#9516,.T.);
#9516 = EDGE_CURVE('',#9508,#9517,#9519,.T.);
#9517 = VERTEX_POINT('',#9518);
#9518 = CARTESIAN_POINT('',(70.614372,110.765197,1.585));
#9519 = LINE('',#9520,#9521);
#9520 = CARTESIAN_POINT('',(70.672475,110.817918,1.585));
#9521 = VECTOR('',#9522,1.);
#9522 = DIRECTION('',(-0.74057357825,-0.671975278711,0.));
#9523 = ORIENTED_EDGE('',*,*,#9524,.T.);
#9524 = EDGE_CURVE('',#9517,#9525,#9527,.T.);
#9525 = VERTEX_POINT('',#9526);
#9526 = CARTESIAN_POINT('',(70.571602,110.76733,1.585));
#9527 = LINE('',#9528,#9529);
#9528 = CARTESIAN_POINT('',(70.614372,110.765197,1.585));
#9529 = VECTOR('',#9530,1.);
#9530 = DIRECTION('',(-0.998758736406,4.980950163092E-02,0.));
#9531 = ORIENTED_EDGE('',*,*,#9532,.T.);
#9532 = EDGE_CURVE('',#9525,#9533,#9535,.T.);
#9533 = VERTEX_POINT('',#9534);
#9534 = CARTESIAN_POINT('',(70.547369,110.796948,1.585));
#9535 = LINE('',#9536,#9537);
#9536 = CARTESIAN_POINT('',(70.571602,110.76733,1.585));
#9537 = VECTOR('',#9538,1.);
#9538 = DIRECTION('',(-0.633239213246,0.773956134937,0.));
#9539 = ORIENTED_EDGE('',*,*,#9540,.T.);
#9540 = EDGE_CURVE('',#9533,#9541,#9543,.T.);
#9541 = VERTEX_POINT('',#9542);
#9542 = CARTESIAN_POINT('',(70.545486,110.816366,1.585));
#9543 = LINE('',#9544,#9545);
#9544 = CARTESIAN_POINT('',(70.547369,110.796948,1.585));
#9545 = VECTOR('',#9546,1.);
#9546 = DIRECTION('',(-9.651913258649E-02,0.995331129346,0.));
#9547 = ORIENTED_EDGE('',*,*,#9548,.T.);
#9548 = EDGE_CURVE('',#9541,#9348,#9549,.T.);
#9549 = LINE('',#9550,#9551);
#9550 = CARTESIAN_POINT('',(70.545486,110.816366,1.585));
#9551 = VECTOR('',#9552,1.);
#9552 = DIRECTION('',(0.103804691199,0.994597700623,0.));
#9553 = PLANE('',#9554);
#9554 = AXIS2_PLACEMENT_3D('',#9555,#9556,#9557);
#9555 = CARTESIAN_POINT('',(0.,0.,1.585));
#9556 = DIRECTION('',(0.,0.,1.));
#9557 = DIRECTION('',(1.,0.,-0.));
#9558 = ( GEOMETRIC_REPRESENTATION_CONTEXT(3) 
GLOBAL_UNCERTAINTY_ASSIGNED_CONTEXT((#9562)) 
GLOBAL_UNIT_ASSIGNED_CONTEXT((#9559,#9560,#9561)) REPRESENTATION_CONTEXT
('Context #1','3D Context with UNIT and UNCERTAINTY') );
#9559 = ( LENGTH_UNIT() NAMED_UNIT(*) SI_UNIT(.MILLI.,.METRE.) );
#9560 = ( NAMED_UNIT(*) PLANE_ANGLE_UNIT() SI_UNIT($,.RADIAN.) );
#9561 = ( NAMED_UNIT(*) SI_UNIT($,.STERADIAN.) SOLID_ANGLE_UNIT() );
#9562 = UNCERTAINTY_MEASURE_WITH_UNIT(LENGTH_MEASURE(1.E-07),#9559,
  'distance_accuracy_value','confusion accuracy');
#9563 = CONTEXT_DEPENDENT_SHAPE_REPRESENTATION(#9564,#9566);
#9564 = ( REPRESENTATION_RELATIONSHIP('','',#40,#10) 
REPRESENTATION_RELATIONSHIP_WITH_TRANSFORMATION(#9565) 
SHAPE_REPRESENTATION_RELATIONSHIP() );
#9565 = ITEM_DEFINED_TRANSFORMATION('','',#11,#15);
#9566 = PRODUCT_DEFINITION_SHAPE('Placement','Placement of an item',
  #9567);
#9567 = NEXT_ASSEMBLY_USAGE_OCCURRENCE('1','=>[0:1:1:2]','',#5,#35,$);
#9568 = PRODUCT_RELATED_PRODUCT_CATEGORY('part',$,(#37));
#9569 = SHAPE_DEFINITION_REPRESENTATION(#9570,#9576);
#9570 = PRODUCT_DEFINITION_SHAPE('','',#9571);
#9571 = PRODUCT_DEFINITION('design','',#9572,#9575);
#9572 = PRODUCT_DEFINITION_FORMATION('','',#9573);
#9573 = PRODUCT('trotten pcb_PCB_1','trotten pcb_PCB_1','',(#9574));
#9574 = PRODUCT_CONTEXT('',#2,'mechanical');
#9575 = PRODUCT_DEFINITION_CONTEXT('part definition',#2,'design');
#9576 = ADVANCED_BREP_SHAPE_REPRESENTATION('',(#11,#9577),#10195);
#9577 = MANIFOLD_SOLID_BREP('',#9578);
#9578 = CLOSED_SHELL('',(#9579,#9619,#9650,#9681,#9830,#9979,#9991,
    #10008,#10025,#10042,#10059,#10076,#10093,#10110,#10127,#10144,
    #10161,#10178));
#9579 = ADVANCED_FACE('',(#9580),#9614,.T.);
#9580 = FACE_BOUND('',#9581,.T.);
#9581 = EDGE_LOOP('',(#9582,#9592,#9600,#9608));
#9582 = ORIENTED_EDGE('',*,*,#9583,.T.);
#9583 = EDGE_CURVE('',#9584,#9586,#9588,.T.);
#9584 = VERTEX_POINT('',#9585);
#9585 = CARTESIAN_POINT('',(151.125,0.125,0.));
#9586 = VERTEX_POINT('',#9587);
#9587 = CARTESIAN_POINT('',(151.125,0.125,1.51));
#9588 = LINE('',#9589,#9590);
#9589 = CARTESIAN_POINT('',(151.125,0.125,0.));
#9590 = VECTOR('',#9591,1.);
#9591 = DIRECTION('',(0.,0.,1.));
#9592 = ORIENTED_EDGE('',*,*,#9593,.T.);
#9593 = EDGE_CURVE('',#9586,#9594,#9596,.T.);
#9594 = VERTEX_POINT('',#9595);
#9595 = CARTESIAN_POINT('',(0.125,0.125,1.51));
#9596 = LINE('',#9597,#9598);
#9597 = CARTESIAN_POINT('',(151.125,0.125,1.51));
#9598 = VECTOR('',#9599,1.);
#9599 = DIRECTION('',(-1.,0.,0.));
#9600 = ORIENTED_EDGE('',*,*,#9601,.F.);
#9601 = EDGE_CURVE('',#9602,#9594,#9604,.T.);
#9602 = VERTEX_POINT('',#9603);
#9603 = CARTESIAN_POINT('',(0.125,0.125,0.));
#9604 = LINE('',#9605,#9606);
#9605 = CARTESIAN_POINT('',(0.125,0.125,0.));
#9606 = VECTOR('',#9607,1.);
#9607 = DIRECTION('',(0.,0.,1.));
#9608 = ORIENTED_EDGE('',*,*,#9609,.F.);
#9609 = EDGE_CURVE('',#9584,#9602,#9610,.T.);
#9610 = LINE('',#9611,#9612);
#9611 = CARTESIAN_POINT('',(151.125,0.125,0.));
#9612 = VECTOR('',#9613,1.);
#9613 = DIRECTION('',(-1.,0.,0.));
#9614 = PLANE('',#9615);
#9615 = AXIS2_PLACEMENT_3D('',#9616,#9617,#9618);
#9616 = CARTESIAN_POINT('',(151.125,0.125,0.));
#9617 = DIRECTION('',(0.,-1.,0.));
#9618 = DIRECTION('',(-1.,0.,0.));
#9619 = ADVANCED_FACE('',(#9620),#9645,.T.);
#9620 = FACE_BOUND('',#9621,.T.);
#9621 = EDGE_LOOP('',(#9622,#9632,#9638,#9639));
#9622 = ORIENTED_EDGE('',*,*,#9623,.T.);
#9623 = EDGE_CURVE('',#9624,#9626,#9628,.T.);
#9624 = VERTEX_POINT('',#9625);
#9625 = CARTESIAN_POINT('',(151.125,21.875,0.));
#9626 = VERTEX_POINT('',#9627);
#9627 = CARTESIAN_POINT('',(151.125,21.875,1.51));
#9628 = LINE('',#9629,#9630);
#9629 = CARTESIAN_POINT('',(151.125,21.875,0.));
#9630 = VECTOR('',#9631,1.);
#9631 = DIRECTION('',(0.,0.,1.));
#9632 = ORIENTED_EDGE('',*,*,#9633,.T.);
#9633 = EDGE_CURVE('',#9626,#9586,#9634,.T.);
#9634 = LINE('',#9635,#9636);
#9635 = CARTESIAN_POINT('',(151.125,21.875,1.51));
#9636 = VECTOR('',#9637,1.);
#9637 = DIRECTION('',(0.,-1.,0.));
#9638 = ORIENTED_EDGE('',*,*,#9583,.F.);
#9639 = ORIENTED_EDGE('',*,*,#9640,.F.);
#9640 = EDGE_CURVE('',#9624,#9584,#9641,.T.);
#9641 = LINE('',#9642,#9643);
#9642 = CARTESIAN_POINT('',(151.125,21.875,0.));
#9643 = VECTOR('',#9644,1.);
#9644 = DIRECTION('',(0.,-1.,0.));
#9645 = PLANE('',#9646);
#9646 = AXIS2_PLACEMENT_3D('',#9647,#9648,#9649);
#9647 = CARTESIAN_POINT('',(151.125,21.875,0.));
#9648 = DIRECTION('',(1.,0.,-0.));
#9649 = DIRECTION('',(0.,-1.,0.));
#9650 = ADVANCED_FACE('',(#9651),#9676,.T.);
#9651 = FACE_BOUND('',#9652,.T.);
#9652 = EDGE_LOOP('',(#9653,#9654,#9662,#9670));
#9653 = ORIENTED_EDGE('',*,*,#9601,.T.);
#9654 = ORIENTED_EDGE('',*,*,#9655,.T.);
#9655 = EDGE_CURVE('',#9594,#9656,#9658,.T.);
#9656 = VERTEX_POINT('',#9657);
#9657 = CARTESIAN_POINT('',(0.125,21.875,1.51));
#9658 = LINE('',#9659,#9660);
#9659 = CARTESIAN_POINT('',(0.125,0.125,1.51));
#9660 = VECTOR('',#9661,1.);
#9661 = DIRECTION('',(0.,1.,0.));
#9662 = ORIENTED_EDGE('',*,*,#9663,.F.);
#9663 = EDGE_CURVE('',#9664,#9656,#9666,.T.);
#9664 = VERTEX_POINT('',#9665);
#9665 = CARTESIAN_POINT('',(0.125,21.875,0.));
#9666 = LINE('',#9667,#9668);
#9667 = CARTESIAN_POINT('',(0.125,21.875,0.));
#9668 = VECTOR('',#9669,1.);
#9669 = DIRECTION('',(0.,0.,1.));
#9670 = ORIENTED_EDGE('',*,*,#9671,.F.);
#9671 = EDGE_CURVE('',#9602,#9664,#9672,.T.);
#9672 = LINE('',#9673,#9674);
#9673 = CARTESIAN_POINT('',(0.125,0.125,0.));
#9674 = VECTOR('',#9675,1.);
#9675 = DIRECTION('',(0.,1.,0.));
#9676 = PLANE('',#9677);
#9677 = AXIS2_PLACEMENT_3D('',#9678,#9679,#9680);
#9678 = CARTESIAN_POINT('',(0.125,0.125,0.));
#9679 = DIRECTION('',(-1.,0.,0.));
#9680 = DIRECTION('',(0.,1.,0.));
#9681 = ADVANCED_FACE('',(#9682,#9693,#9704,#9715,#9726,#9737,#9748,
    #9759,#9770,#9781,#9792,#9803,#9814),#9825,.F.);
#9682 = FACE_BOUND('',#9683,.F.);
#9683 = EDGE_LOOP('',(#9684,#9685,#9686,#9692));
#9684 = ORIENTED_EDGE('',*,*,#9609,.F.);
#9685 = ORIENTED_EDGE('',*,*,#9640,.F.);
#9686 = ORIENTED_EDGE('',*,*,#9687,.F.);
#9687 = EDGE_CURVE('',#9664,#9624,#9688,.T.);
#9688 = LINE('',#9689,#9690);
#9689 = CARTESIAN_POINT('',(0.125,21.875,0.));
#9690 = VECTOR('',#9691,1.);
#9691 = DIRECTION('',(1.,0.,0.));
#9692 = ORIENTED_EDGE('',*,*,#9671,.F.);
#9693 = FACE_BOUND('',#9694,.F.);
#9694 = EDGE_LOOP('',(#9695));
#9695 = ORIENTED_EDGE('',*,*,#9696,.T.);
#9696 = EDGE_CURVE('',#9697,#9697,#9699,.T.);
#9697 = VERTEX_POINT('',#9698);
#9698 = CARTESIAN_POINT('',(8.,10.6,0.));
#9699 = CIRCLE('',#9700,0.4);
#9700 = AXIS2_PLACEMENT_3D('',#9701,#9702,#9703);
#9701 = CARTESIAN_POINT('',(8.,11.,0.));
#9702 = DIRECTION('',(-0.,0.,-1.));
#9703 = DIRECTION('',(-0.,-1.,0.));
#9704 = FACE_BOUND('',#9705,.F.);
#9705 = EDGE_LOOP('',(#9706));
#9706 = ORIENTED_EDGE('',*,*,#9707,.T.);
#9707 = EDGE_CURVE('',#9708,#9708,#9710,.T.);
#9708 = VERTEX_POINT('',#9709);
#9709 = CARTESIAN_POINT('',(14.,10.6,0.));
#9710 = CIRCLE('',#9711,0.4);
#9711 = AXIS2_PLACEMENT_3D('',#9712,#9713,#9714);
#9712 = CARTESIAN_POINT('',(14.,11.,0.));
#9713 = DIRECTION('',(-0.,0.,-1.));
#9714 = DIRECTION('',(-0.,-1.,0.));
#9715 = FACE_BOUND('',#9716,.F.);
#9716 = EDGE_LOOP('',(#9717));
#9717 = ORIENTED_EDGE('',*,*,#9718,.T.);
#9718 = EDGE_CURVE('',#9719,#9719,#9721,.T.);
#9719 = VERTEX_POINT('',#9720);
#9720 = CARTESIAN_POINT('',(35.5,10.6,0.));
#9721 = CIRCLE('',#9722,0.4);
#9722 = AXIS2_PLACEMENT_3D('',#9723,#9724,#9725);
#9723 = CARTESIAN_POINT('',(35.5,11.,0.));
#9724 = DIRECTION('',(-0.,0.,-1.));
#9725 = DIRECTION('',(-0.,-1.,0.));
#9726 = FACE_BOUND('',#9727,.F.);
#9727 = EDGE_LOOP('',(#9728));
#9728 = ORIENTED_EDGE('',*,*,#9729,.T.);
#9729 = EDGE_CURVE('',#9730,#9730,#9732,.T.);
#9730 = VERTEX_POINT('',#9731);
#9731 = CARTESIAN_POINT('',(41.5,10.6,0.));
#9732 = CIRCLE('',#9733,0.4);
#9733 = AXIS2_PLACEMENT_3D('',#9734,#9735,#9736);
#9734 = CARTESIAN_POINT('',(41.5,11.,0.));
#9735 = DIRECTION('',(-0.,0.,-1.));
#9736 = DIRECTION('',(-0.,-1.,0.));
#9737 = FACE_BOUND('',#9738,.F.);
#9738 = EDGE_LOOP('',(#9739));
#9739 = ORIENTED_EDGE('',*,*,#9740,.T.);
#9740 = EDGE_CURVE('',#9741,#9741,#9743,.T.);
#9741 = VERTEX_POINT('',#9742);
#9742 = CARTESIAN_POINT('',(113.625,6.79,0.));
#9743 = CIRCLE('',#9744,0.4);
#9744 = AXIS2_PLACEMENT_3D('',#9745,#9746,#9747);
#9745 = CARTESIAN_POINT('',(113.625,7.19,0.));
#9746 = DIRECTION('',(-0.,0.,-1.));
#9747 = DIRECTION('',(-0.,-1.,0.));
#9748 = FACE_BOUND('',#9749,.F.);
#9749 = EDGE_LOOP('',(#9750));
#9750 = ORIENTED_EDGE('',*,*,#9751,.T.);
#9751 = EDGE_CURVE('',#9752,#9752,#9754,.T.);
#9752 = VERTEX_POINT('',#9753);
#9753 = CARTESIAN_POINT('',(113.625,9.33,0.));
#9754 = CIRCLE('',#9755,0.4);
#9755 = AXIS2_PLACEMENT_3D('',#9756,#9757,#9758);
#9756 = CARTESIAN_POINT('',(113.625,9.73,0.));
#9757 = DIRECTION('',(-0.,0.,-1.));
#9758 = DIRECTION('',(-0.,-1.,0.));
#9759 = FACE_BOUND('',#9760,.F.);
#9760 = EDGE_LOOP('',(#9761));
#9761 = ORIENTED_EDGE('',*,*,#9762,.T.);
#9762 = EDGE_CURVE('',#9763,#9763,#9765,.T.);
#9763 = VERTEX_POINT('',#9764);
#9764 = CARTESIAN_POINT('',(65.5,10.6,0.));
#9765 = CIRCLE('',#9766,0.4);
#9766 = AXIS2_PLACEMENT_3D('',#9767,#9768,#9769);
#9767 = CARTESIAN_POINT('',(65.5,11.,0.));
#9768 = DIRECTION('',(-0.,0.,-1.));
#9769 = DIRECTION('',(-0.,-1.,0.));
#9770 = FACE_BOUND('',#9771,.F.);
#9771 = EDGE_LOOP('',(#9772));
#9772 = ORIENTED_EDGE('',*,*,#9773,.T.);
#9773 = EDGE_CURVE('',#9774,#9774,#9776,.T.);
#9774 = VERTEX_POINT('',#9775);
#9775 = CARTESIAN_POINT('',(71.5,10.6,0.));
#9776 = CIRCLE('',#9777,0.4);
#9777 = AXIS2_PLACEMENT_3D('',#9778,#9779,#9780);
#9778 = CARTESIAN_POINT('',(71.5,11.,0.));
#9779 = DIRECTION('',(-0.,0.,-1.));
#9780 = DIRECTION('',(-0.,-1.,0.));
#9781 = FACE_BOUND('',#9782,.F.);
#9782 = EDGE_LOOP('',(#9783));
#9783 = ORIENTED_EDGE('',*,*,#9784,.T.);
#9784 = EDGE_CURVE('',#9785,#9785,#9787,.T.);
#9785 = VERTEX_POINT('',#9786);
#9786 = CARTESIAN_POINT('',(93.,10.6,0.));
#9787 = CIRCLE('',#9788,0.4);
#9788 = AXIS2_PLACEMENT_3D('',#9789,#9790,#9791);
#9789 = CARTESIAN_POINT('',(93.,11.,0.));
#9790 = DIRECTION('',(-0.,0.,-1.));
#9791 = DIRECTION('',(-0.,-1.,0.));
#9792 = FACE_BOUND('',#9793,.F.);
#9793 = EDGE_LOOP('',(#9794));
#9794 = ORIENTED_EDGE('',*,*,#9795,.T.);
#9795 = EDGE_CURVE('',#9796,#9796,#9798,.T.);
#9796 = VERTEX_POINT('',#9797);
#9797 = CARTESIAN_POINT('',(99.,10.6,0.));
#9798 = CIRCLE('',#9799,0.4);
#9799 = AXIS2_PLACEMENT_3D('',#9800,#9801,#9802);
#9800 = CARTESIAN_POINT('',(99.,11.,0.));
#9801 = DIRECTION('',(-0.,0.,-1.));
#9802 = DIRECTION('',(-0.,-1.,0.));
#9803 = FACE_BOUND('',#9804,.F.);
#9804 = EDGE_LOOP('',(#9805));
#9805 = ORIENTED_EDGE('',*,*,#9806,.T.);
#9806 = EDGE_CURVE('',#9807,#9807,#9809,.T.);
#9807 = VERTEX_POINT('',#9808);
#9808 = CARTESIAN_POINT('',(113.625,11.87,0.));
#9809 = CIRCLE('',#9810,0.4);
#9810 = AXIS2_PLACEMENT_3D('',#9811,#9812,#9813);
#9811 = CARTESIAN_POINT('',(113.625,12.27,0.));
#9812 = DIRECTION('',(-0.,0.,-1.));
#9813 = DIRECTION('',(-0.,-1.,0.));
#9814 = FACE_BOUND('',#9815,.F.);
#9815 = EDGE_LOOP('',(#9816));
#9816 = ORIENTED_EDGE('',*,*,#9817,.T.);
#9817 = EDGE_CURVE('',#9818,#9818,#9820,.T.);
#9818 = VERTEX_POINT('',#9819);
#9819 = CARTESIAN_POINT('',(113.625,14.41,0.));
#9820 = CIRCLE('',#9821,0.4);
#9821 = AXIS2_PLACEMENT_3D('',#9822,#9823,#9824);
#9822 = CARTESIAN_POINT('',(113.625,14.81,0.));
#9823 = DIRECTION('',(-0.,0.,-1.));
#9824 = DIRECTION('',(-0.,-1.,0.));
#9825 = PLANE('',#9826);
#9826 = AXIS2_PLACEMENT_3D('',#9827,#9828,#9829);
#9827 = CARTESIAN_POINT('',(0.,0.,0.));
#9828 = DIRECTION('',(0.,0.,1.));
#9829 = DIRECTION('',(1.,0.,-0.));
#9830 = ADVANCED_FACE('',(#9831,#9842,#9853,#9864,#9875,#9886,#9897,
    #9908,#9919,#9930,#9941,#9952,#9963),#9974,.T.);
#9831 = FACE_BOUND('',#9832,.T.);
#9832 = EDGE_LOOP('',(#9833,#9834,#9835,#9841));
#9833 = ORIENTED_EDGE('',*,*,#9593,.F.);
#9834 = ORIENTED_EDGE('',*,*,#9633,.F.);
#9835 = ORIENTED_EDGE('',*,*,#9836,.F.);
#9836 = EDGE_CURVE('',#9656,#9626,#9837,.T.);
#9837 = LINE('',#9838,#9839);
#9838 = CARTESIAN_POINT('',(0.125,21.875,1.51));
#9839 = VECTOR('',#9840,1.);
#9840 = DIRECTION('',(1.,0.,0.));
#9841 = ORIENTED_EDGE('',*,*,#9655,.F.);
#9842 = FACE_BOUND('',#9843,.T.);
#9843 = EDGE_LOOP('',(#9844));
#9844 = ORIENTED_EDGE('',*,*,#9845,.T.);
#9845 = EDGE_CURVE('',#9846,#9846,#9848,.T.);
#9846 = VERTEX_POINT('',#9847);
#9847 = CARTESIAN_POINT('',(8.,10.6,1.51));
#9848 = CIRCLE('',#9849,0.4);
#9849 = AXIS2_PLACEMENT_3D('',#9850,#9851,#9852);
#9850 = CARTESIAN_POINT('',(8.,11.,1.51));
#9851 = DIRECTION('',(-0.,0.,-1.));
#9852 = DIRECTION('',(-0.,-1.,0.));
#9853 = FACE_BOUND('',#9854,.T.);
#9854 = EDGE_LOOP('',(#9855));
#9855 = ORIENTED_EDGE('',*,*,#9856,.T.);
#9856 = EDGE_CURVE('',#9857,#9857,#9859,.T.);
#9857 = VERTEX_POINT('',#9858);
#9858 = CARTESIAN_POINT('',(14.,10.6,1.51));
#9859 = CIRCLE('',#9860,0.4);
#9860 = AXIS2_PLACEMENT_3D('',#9861,#9862,#9863);
#9861 = CARTESIAN_POINT('',(14.,11.,1.51));
#9862 = DIRECTION('',(-0.,0.,-1.));
#9863 = DIRECTION('',(-0.,-1.,0.));
#9864 = FACE_BOUND('',#9865,.T.);
#9865 = EDGE_LOOP('',(#9866));
#9866 = ORIENTED_EDGE('',*,*,#9867,.T.);
#9867 = EDGE_CURVE('',#9868,#9868,#9870,.T.);
#9868 = VERTEX_POINT('',#9869);
#9869 = CARTESIAN_POINT('',(35.5,10.6,1.51));
#9870 = CIRCLE('',#9871,0.4);
#9871 = AXIS2_PLACEMENT_3D('',#9872,#9873,#9874);
#9872 = CARTESIAN_POINT('',(35.5,11.,1.51));
#9873 = DIRECTION('',(-0.,0.,-1.));
#9874 = DIRECTION('',(-0.,-1.,0.));
#9875 = FACE_BOUND('',#9876,.T.);
#9876 = EDGE_LOOP('',(#9877));
#9877 = ORIENTED_EDGE('',*,*,#9878,.T.);
#9878 = EDGE_CURVE('',#9879,#9879,#9881,.T.);
#9879 = VERTEX_POINT('',#9880);
#9880 = CARTESIAN_POINT('',(41.5,10.6,1.51));
#9881 = CIRCLE('',#9882,0.4);
#9882 = AXIS2_PLACEMENT_3D('',#9883,#9884,#9885);
#9883 = CARTESIAN_POINT('',(41.5,11.,1.51));
#9884 = DIRECTION('',(-0.,0.,-1.));
#9885 = DIRECTION('',(-0.,-1.,0.));
#9886 = FACE_BOUND('',#9887,.T.);
#9887 = EDGE_LOOP('',(#9888));
#9888 = ORIENTED_EDGE('',*,*,#9889,.T.);
#9889 = EDGE_CURVE('',#9890,#9890,#9892,.T.);
#9890 = VERTEX_POINT('',#9891);
#9891 = CARTESIAN_POINT('',(113.625,6.79,1.51));
#9892 = CIRCLE('',#9893,0.4);
#9893 = AXIS2_PLACEMENT_3D('',#9894,#9895,#9896);
#9894 = CARTESIAN_POINT('',(113.625,7.19,1.51));
#9895 = DIRECTION('',(-0.,0.,-1.));
#9896 = DIRECTION('',(-0.,-1.,0.));
#9897 = FACE_BOUND('',#9898,.T.);
#9898 = EDGE_LOOP('',(#9899));
#9899 = ORIENTED_EDGE('',*,*,#9900,.T.);
#9900 = EDGE_CURVE('',#9901,#9901,#9903,.T.);
#9901 = VERTEX_POINT('',#9902);
#9902 = CARTESIAN_POINT('',(113.625,9.33,1.51));
#9903 = CIRCLE('',#9904,0.4);
#9904 = AXIS2_PLACEMENT_3D('',#9905,#9906,#9907);
#9905 = CARTESIAN_POINT('',(113.625,9.73,1.51));
#9906 = DIRECTION('',(-0.,0.,-1.));
#9907 = DIRECTION('',(-0.,-1.,0.));
#9908 = FACE_BOUND('',#9909,.T.);
#9909 = EDGE_LOOP('',(#9910));
#9910 = ORIENTED_EDGE('',*,*,#9911,.T.);
#9911 = EDGE_CURVE('',#9912,#9912,#9914,.T.);
#9912 = VERTEX_POINT('',#9913);
#9913 = CARTESIAN_POINT('',(65.5,10.6,1.51));
#9914 = CIRCLE('',#9915,0.4);
#9915 = AXIS2_PLACEMENT_3D('',#9916,#9917,#9918);
#9916 = CARTESIAN_POINT('',(65.5,11.,1.51));
#9917 = DIRECTION('',(-0.,0.,-1.));
#9918 = DIRECTION('',(-0.,-1.,0.));
#9919 = FACE_BOUND('',#9920,.T.);
#9920 = EDGE_LOOP('',(#9921));
#9921 = ORIENTED_EDGE('',*,*,#9922,.T.);
#9922 = EDGE_CURVE('',#9923,#9923,#9925,.T.);
#9923 = VERTEX_POINT('',#9924);
#9924 = CARTESIAN_POINT('',(71.5,10.6,1.51));
#9925 = CIRCLE('',#9926,0.4);
#9926 = AXIS2_PLACEMENT_3D('',#9927,#9928,#9929);
#9927 = CARTESIAN_POINT('',(71.5,11.,1.51));
#9928 = DIRECTION('',(-0.,0.,-1.));
#9929 = DIRECTION('',(-0.,-1.,0.));
#9930 = FACE_BOUND('',#9931,.T.);
#9931 = EDGE_LOOP('',(#9932));
#9932 = ORIENTED_EDGE('',*,*,#9933,.T.);
#9933 = EDGE_CURVE('',#9934,#9934,#9936,.T.);
#9934 = VERTEX_POINT('',#9935);
#9935 = CARTESIAN_POINT('',(93.,10.6,1.51));
#9936 = CIRCLE('',#9937,0.4);
#9937 = AXIS2_PLACEMENT_3D('',#9938,#9939,#9940);
#9938 = CARTESIAN_POINT('',(93.,11.,1.51));
#9939 = DIRECTION('',(-0.,0.,-1.));
#9940 = DIRECTION('',(-0.,-1.,0.));
#9941 = FACE_BOUND('',#9942,.T.);
#9942 = EDGE_LOOP('',(#9943));
#9943 = ORIENTED_EDGE('',*,*,#9944,.T.);
#9944 = EDGE_CURVE('',#9945,#9945,#9947,.T.);
#9945 = VERTEX_POINT('',#9946);
#9946 = CARTESIAN_POINT('',(99.,10.6,1.51));
#9947 = CIRCLE('',#9948,0.4);
#9948 = AXIS2_PLACEMENT_3D('',#9949,#9950,#9951);
#9949 = CARTESIAN_POINT('',(99.,11.,1.51));
#9950 = DIRECTION('',(-0.,0.,-1.));
#9951 = DIRECTION('',(-0.,-1.,0.));
#9952 = FACE_BOUND('',#9953,.T.);
#9953 = EDGE_LOOP('',(#9954));
#9954 = ORIENTED_EDGE('',*,*,#9955,.T.);
#9955 = EDGE_CURVE('',#9956,#9956,#9958,.T.);
#9956 = VERTEX_POINT('',#9957);
#9957 = CARTESIAN_POINT('',(113.625,11.87,1.51));
#9958 = CIRCLE('',#9959,0.4);
#9959 = AXIS2_PLACEMENT_3D('',#9960,#9961,#9962);
#9960 = CARTESIAN_POINT('',(113.625,12.27,1.51));
#9961 = DIRECTION('',(-0.,0.,-1.));
#9962 = DIRECTION('',(-0.,-1.,0.));
#9963 = FACE_BOUND('',#9964,.T.);
#9964 = EDGE_LOOP('',(#9965));
#9965 = ORIENTED_EDGE('',*,*,#9966,.T.);
#9966 = EDGE_CURVE('',#9967,#9967,#9969,.T.);
#9967 = VERTEX_POINT('',#9968);
#9968 = CARTESIAN_POINT('',(113.625,14.41,1.51));
#9969 = CIRCLE('',#9970,0.4);
#9970 = AXIS2_PLACEMENT_3D('',#9971,#9972,#9973);
#9971 = CARTESIAN_POINT('',(113.625,14.81,1.51));
#9972 = DIRECTION('',(-0.,0.,-1.));
#9973 = DIRECTION('',(-0.,-1.,0.));
#9974 = PLANE('',#9975);
#9975 = AXIS2_PLACEMENT_3D('',#9976,#9977,#9978);
#9976 = CARTESIAN_POINT('',(0.,0.,1.51));
#9977 = DIRECTION('',(0.,0.,1.));
#9978 = DIRECTION('',(1.,0.,-0.));
#9979 = ADVANCED_FACE('',(#9980),#9986,.T.);
#9980 = FACE_BOUND('',#9981,.T.);
#9981 = EDGE_LOOP('',(#9982,#9983,#9984,#9985));
#9982 = ORIENTED_EDGE('',*,*,#9663,.T.);
#9983 = ORIENTED_EDGE('',*,*,#9836,.T.);
#9984 = ORIENTED_EDGE('',*,*,#9623,.F.);
#9985 = ORIENTED_EDGE('',*,*,#9687,.F.);
#9986 = PLANE('',#9987);
#9987 = AXIS2_PLACEMENT_3D('',#9988,#9989,#9990);
#9988 = CARTESIAN_POINT('',(0.125,21.875,0.));
#9989 = DIRECTION('',(0.,1.,0.));
#9990 = DIRECTION('',(1.,0.,0.));
#9991 = ADVANCED_FACE('',(#9992),#10003,.F.);
#9992 = FACE_BOUND('',#9993,.T.);
#9993 = EDGE_LOOP('',(#9994,#9995,#10001,#10002));
#9994 = ORIENTED_EDGE('',*,*,#9696,.T.);
#9995 = ORIENTED_EDGE('',*,*,#9996,.T.);
#9996 = EDGE_CURVE('',#9697,#9846,#9997,.T.);
#9997 = LINE('',#9998,#9999);
#9998 = CARTESIAN_POINT('',(8.,10.6,-4.6E-02));
#9999 = VECTOR('',#10000,1.);
#10000 = DIRECTION('',(0.,0.,1.));
#10001 = ORIENTED_EDGE('',*,*,#9845,.F.);
#10002 = ORIENTED_EDGE('',*,*,#9996,.F.);
#10003 = CYLINDRICAL_SURFACE('',#10004,0.4);
#10004 = AXIS2_PLACEMENT_3D('',#10005,#10006,#10007);
#10005 = CARTESIAN_POINT('',(8.,11.,-4.6E-02));
#10006 = DIRECTION('',(-0.,-0.,-1.));
#10007 = DIRECTION('',(-0.,-1.,0.));
#10008 = ADVANCED_FACE('',(#10009),#10020,.F.);
#10009 = FACE_BOUND('',#10010,.T.);
#10010 = EDGE_LOOP('',(#10011,#10012,#10018,#10019));
#10011 = ORIENTED_EDGE('',*,*,#9707,.T.);
#10012 = ORIENTED_EDGE('',*,*,#10013,.T.);
#10013 = EDGE_CURVE('',#9708,#9857,#10014,.T.);
#10014 = LINE('',#10015,#10016);
#10015 = CARTESIAN_POINT('',(14.,10.6,-4.6E-02));
#10016 = VECTOR('',#10017,1.);
#10017 = DIRECTION('',(0.,0.,1.));
#10018 = ORIENTED_EDGE('',*,*,#9856,.F.);
#10019 = ORIENTED_EDGE('',*,*,#10013,.F.);
#10020 = CYLINDRICAL_SURFACE('',#10021,0.4);
#10021 = AXIS2_PLACEMENT_3D('',#10022,#10023,#10024);
#10022 = CARTESIAN_POINT('',(14.,11.,-4.6E-02));
#10023 = DIRECTION('',(-0.,-0.,-1.));
#10024 = DIRECTION('',(-0.,-1.,0.));
#10025 = ADVANCED_FACE('',(#10026),#10037,.F.);
#10026 = FACE_BOUND('',#10027,.T.);
#10027 = EDGE_LOOP('',(#10028,#10029,#10035,#10036));
#10028 = ORIENTED_EDGE('',*,*,#9718,.T.);
#10029 = ORIENTED_EDGE('',*,*,#10030,.T.);
#10030 = EDGE_CURVE('',#9719,#9868,#10031,.T.);
#10031 = LINE('',#10032,#10033);
#10032 = CARTESIAN_POINT('',(35.5,10.6,-4.6E-02));
#10033 = VECTOR('',#10034,1.);
#10034 = DIRECTION('',(0.,0.,1.));
#10035 = ORIENTED_EDGE('',*,*,#9867,.F.);
#10036 = ORIENTED_EDGE('',*,*,#10030,.F.);
#10037 = CYLINDRICAL_SURFACE('',#10038,0.4);
#10038 = AXIS2_PLACEMENT_3D('',#10039,#10040,#10041);
#10039 = CARTESIAN_POINT('',(35.5,11.,-4.6E-02));
#10040 = DIRECTION('',(-0.,-0.,-1.));
#10041 = DIRECTION('',(-0.,-1.,0.));
#10042 = ADVANCED_FACE('',(#10043),#10054,.F.);
#10043 = FACE_BOUND('',#10044,.T.);
#10044 = EDGE_LOOP('',(#10045,#10046,#10052,#10053));
#10045 = ORIENTED_EDGE('',*,*,#9729,.T.);
#10046 = ORIENTED_EDGE('',*,*,#10047,.T.);
#10047 = EDGE_CURVE('',#9730,#9879,#10048,.T.);
#10048 = LINE('',#10049,#10050);
#10049 = CARTESIAN_POINT('',(41.5,10.6,-4.6E-02));
#10050 = VECTOR('',#10051,1.);
#10051 = DIRECTION('',(0.,0.,1.));
#10052 = ORIENTED_EDGE('',*,*,#9878,.F.);
#10053 = ORIENTED_EDGE('',*,*,#10047,.F.);
#10054 = CYLINDRICAL_SURFACE('',#10055,0.4);
#10055 = AXIS2_PLACEMENT_3D('',#10056,#10057,#10058);
#10056 = CARTESIAN_POINT('',(41.5,11.,-4.6E-02));
#10057 = DIRECTION('',(-0.,-0.,-1.));
#10058 = DIRECTION('',(-0.,-1.,0.));
#10059 = ADVANCED_FACE('',(#10060),#10071,.F.);
#10060 = FACE_BOUND('',#10061,.T.);
#10061 = EDGE_LOOP('',(#10062,#10063,#10069,#10070));
#10062 = ORIENTED_EDGE('',*,*,#9740,.T.);
#10063 = ORIENTED_EDGE('',*,*,#10064,.T.);
#10064 = EDGE_CURVE('',#9741,#9890,#10065,.T.);
#10065 = LINE('',#10066,#10067);
#10066 = CARTESIAN_POINT('',(113.625,6.79,-4.6E-02));
#10067 = VECTOR('',#10068,1.);
#10068 = DIRECTION('',(0.,0.,1.));
#10069 = ORIENTED_EDGE('',*,*,#9889,.F.);
#10070 = ORIENTED_EDGE('',*,*,#10064,.F.);
#10071 = CYLINDRICAL_SURFACE('',#10072,0.4);
#10072 = AXIS2_PLACEMENT_3D('',#10073,#10074,#10075);
#10073 = CARTESIAN_POINT('',(113.625,7.19,-4.6E-02));
#10074 = DIRECTION('',(-0.,-0.,-1.));
#10075 = DIRECTION('',(-0.,-1.,0.));
#10076 = ADVANCED_FACE('',(#10077),#10088,.F.);
#10077 = FACE_BOUND('',#10078,.T.);
#10078 = EDGE_LOOP('',(#10079,#10080,#10086,#10087));
#10079 = ORIENTED_EDGE('',*,*,#9751,.T.);
#10080 = ORIENTED_EDGE('',*,*,#10081,.T.);
#10081 = EDGE_CURVE('',#9752,#9901,#10082,.T.);
#10082 = LINE('',#10083,#10084);
#10083 = CARTESIAN_POINT('',(113.625,9.33,-4.6E-02));
#10084 = VECTOR('',#10085,1.);
#10085 = DIRECTION('',(0.,0.,1.));
#10086 = ORIENTED_EDGE('',*,*,#9900,.F.);
#10087 = ORIENTED_EDGE('',*,*,#10081,.F.);
#10088 = CYLINDRICAL_SURFACE('',#10089,0.4);
#10089 = AXIS2_PLACEMENT_3D('',#10090,#10091,#10092);
#10090 = CARTESIAN_POINT('',(113.625,9.73,-4.6E-02));
#10091 = DIRECTION('',(-0.,-0.,-1.));
#10092 = DIRECTION('',(-0.,-1.,0.));
#10093 = ADVANCED_FACE('',(#10094),#10105,.F.);
#10094 = FACE_BOUND('',#10095,.T.);
#10095 = EDGE_LOOP('',(#10096,#10097,#10103,#10104));
#10096 = ORIENTED_EDGE('',*,*,#9762,.T.);
#10097 = ORIENTED_EDGE('',*,*,#10098,.T.);
#10098 = EDGE_CURVE('',#9763,#9912,#10099,.T.);
#10099 = LINE('',#10100,#10101);
#10100 = CARTESIAN_POINT('',(65.5,10.6,-4.6E-02));
#10101 = VECTOR('',#10102,1.);
#10102 = DIRECTION('',(0.,0.,1.));
#10103 = ORIENTED_EDGE('',*,*,#9911,.F.);
#10104 = ORIENTED_EDGE('',*,*,#10098,.F.);
#10105 = CYLINDRICAL_SURFACE('',#10106,0.4);
#10106 = AXIS2_PLACEMENT_3D('',#10107,#10108,#10109);
#10107 = CARTESIAN_POINT('',(65.5,11.,-4.6E-02));
#10108 = DIRECTION('',(-0.,-0.,-1.));
#10109 = DIRECTION('',(-0.,-1.,0.));
#10110 = ADVANCED_FACE('',(#10111),#10122,.F.);
#10111 = FACE_BOUND('',#10112,.T.);
#10112 = EDGE_LOOP('',(#10113,#10114,#10120,#10121));
#10113 = ORIENTED_EDGE('',*,*,#9773,.T.);
#10114 = ORIENTED_EDGE('',*,*,#10115,.T.);
#10115 = EDGE_CURVE('',#9774,#9923,#10116,.T.);
#10116 = LINE('',#10117,#10118);
#10117 = CARTESIAN_POINT('',(71.5,10.6,-4.6E-02));
#10118 = VECTOR('',#10119,1.);
#10119 = DIRECTION('',(0.,0.,1.));
#10120 = ORIENTED_EDGE('',*,*,#9922,.F.);
#10121 = ORIENTED_EDGE('',*,*,#10115,.F.);
#10122 = CYLINDRICAL_SURFACE('',#10123,0.4);
#10123 = AXIS2_PLACEMENT_3D('',#10124,#10125,#10126);
#10124 = CARTESIAN_POINT('',(71.5,11.,-4.6E-02));
#10125 = DIRECTION('',(-0.,-0.,-1.));
#10126 = DIRECTION('',(-0.,-1.,0.));
#10127 = ADVANCED_FACE('',(#10128),#10139,.F.);
#10128 = FACE_BOUND('',#10129,.T.);
#10129 = EDGE_LOOP('',(#10130,#10131,#10137,#10138));
#10130 = ORIENTED_EDGE('',*,*,#9784,.T.);
#10131 = ORIENTED_EDGE('',*,*,#10132,.T.);
#10132 = EDGE_CURVE('',#9785,#9934,#10133,.T.);
#10133 = LINE('',#10134,#10135);
#10134 = CARTESIAN_POINT('',(93.,10.6,-4.6E-02));
#10135 = VECTOR('',#10136,1.);
#10136 = DIRECTION('',(0.,0.,1.));
#10137 = ORIENTED_EDGE('',*,*,#9933,.F.);
#10138 = ORIENTED_EDGE('',*,*,#10132,.F.);
#10139 = CYLINDRICAL_SURFACE('',#10140,0.4);
#10140 = AXIS2_PLACEMENT_3D('',#10141,#10142,#10143);
#10141 = CARTESIAN_POINT('',(93.,11.,-4.6E-02));
#10142 = DIRECTION('',(-0.,-0.,-1.));
#10143 = DIRECTION('',(-0.,-1.,0.));
#10144 = ADVANCED_FACE('',(#10145),#10156,.F.);
#10145 = FACE_BOUND('',#10146,.T.);
#10146 = EDGE_LOOP('',(#10147,#10148,#10154,#10155));
#10147 = ORIENTED_EDGE('',*,*,#9795,.T.);
#10148 = ORIENTED_EDGE('',*,*,#10149,.T.);
#10149 = EDGE_CURVE('',#9796,#9945,#10150,.T.);
#10150 = LINE('',#10151,#10152);
#10151 = CARTESIAN_POINT('',(99.,10.6,-4.6E-02));
#10152 = VECTOR('',#10153,1.);
#10153 = DIRECTION('',(0.,0.,1.));
#10154 = ORIENTED_EDGE('',*,*,#9944,.F.);
#10155 = ORIENTED_EDGE('',*,*,#10149,.F.);
#10156 = CYLINDRICAL_SURFACE('',#10157,0.4);
#10157 = AXIS2_PLACEMENT_3D('',#10158,#10159,#10160);
#10158 = CARTESIAN_POINT('',(99.,11.,-4.6E-02));
#10159 = DIRECTION('',(-0.,-0.,-1.));
#10160 = DIRECTION('',(-0.,-1.,0.));
#10161 = ADVANCED_FACE('',(#10162),#10173,.F.);
#10162 = FACE_BOUND('',#10163,.T.);
#10163 = EDGE_LOOP('',(#10164,#10165,#10171,#10172));
#10164 = ORIENTED_EDGE('',*,*,#9806,.T.);
#10165 = ORIENTED_EDGE('',*,*,#10166,.T.);
#10166 = EDGE_CURVE('',#9807,#9956,#10167,.T.);
#10167 = LINE('',#10168,#10169);
#10168 = CARTESIAN_POINT('',(113.625,11.87,-4.6E-02));
#10169 = VECTOR('',#10170,1.);
#10170 = DIRECTION('',(0.,0.,1.));
#10171 = ORIENTED_EDGE('',*,*,#9955,.F.);
#10172 = ORIENTED_EDGE('',*,*,#10166,.F.);
#10173 = CYLINDRICAL_SURFACE('',#10174,0.4);
#10174 = AXIS2_PLACEMENT_3D('',#10175,#10176,#10177);
#10175 = CARTESIAN_POINT('',(113.625,12.27,-4.6E-02));
#10176 = DIRECTION('',(-0.,-0.,-1.));
#10177 = DIRECTION('',(-0.,-1.,0.));
#10178 = ADVANCED_FACE('',(#10179),#10190,.F.);
#10179 = FACE_BOUND('',#10180,.T.);
#10180 = EDGE_LOOP('',(#10181,#10182,#10188,#10189));
#10181 = ORIENTED_EDGE('',*,*,#9817,.T.);
#10182 = ORIENTED_EDGE('',*,*,#10183,.T.);
#10183 = EDGE_CURVE('',#9818,#9967,#10184,.T.);
#10184 = LINE('',#10185,#10186);
#10185 = CARTESIAN_POINT('',(113.625,14.41,-4.6E-02));
#10186 = VECTOR('',#10187,1.);
#10187 = DIRECTION('',(0.,0.,1.));
#10188 = ORIENTED_EDGE('',*,*,#9966,.F.);
#10189 = ORIENTED_EDGE('',*,*,#10183,.F.);
#10190 = CYLINDRICAL_SURFACE('',#10191,0.4);
#10191 = AXIS2_PLACEMENT_3D('',#10192,#10193,#10194);
#10192 = CARTESIAN_POINT('',(113.625,14.81,-4.6E-02));
#10193 = DIRECTION('',(-0.,-0.,-1.));
#10194 = DIRECTION('',(-0.,-1.,0.));
#10195 = ( GEOMETRIC_REPRESENTATION_CONTEXT(3) 
GLOBAL_UNCERTAINTY_ASSIGNED_CONTEXT((#10199)) 
GLOBAL_UNIT_ASSIGNED_CONTEXT((#10196,#10197,#10198)) 
REPRESENTATION_CONTEXT('Context #1',
  '3D Context with UNIT and UNCERTAINTY') );
#10196 = ( LENGTH_UNIT() NAMED_UNIT(*) SI_UNIT(.MILLI.,.METRE.) );
#10197 = ( NAMED_UNIT(*) PLANE_ANGLE_UNIT() SI_UNIT($,.RADIAN.) );
#10198 = ( NAMED_UNIT(*) SI_UNIT($,.STERADIAN.) SOLID_ANGLE_UNIT() );
#10199 = UNCERTAINTY_MEASURE_WITH_UNIT(LENGTH_MEASURE(1.E-07),#10196,
  'distance_accuracy_value','confusion accuracy');
#10200 = CONTEXT_DEPENDENT_SHAPE_REPRESENTATION(#10201,#10203);
#10201 = ( REPRESENTATION_RELATIONSHIP('','',#9576,#10) 
REPRESENTATION_RELATIONSHIP_WITH_TRANSFORMATION(#10202) 
SHAPE_REPRESENTATION_RELATIONSHIP() );
#10202 = ITEM_DEFINED_TRANSFORMATION('','',#11,#19);
#10203 = PRODUCT_DEFINITION_SHAPE('Placement','Placement of an item',
  #10204);
#10204 = NEXT_ASSEMBLY_USAGE_OCCURRENCE('2','=>[0:1:1:3]','',#5,#9571,$
  );
#10205 = PRODUCT_RELATED_PRODUCT_CATEGORY('part',$,(#9573));
#10206 = SHAPE_DEFINITION_REPRESENTATION(#10207,#10213);
#10207 = PRODUCT_DEFINITION_SHAPE('','',#10208);
#10208 = PRODUCT_DEFINITION('design','',#10209,#10212);
#10209 = PRODUCT_DEFINITION_FORMATION('','',#10210);
#10210 = PRODUCT('trotten pcb_PCB_2','trotten pcb_PCB_2','',(#10211));
#10211 = PRODUCT_CONTEXT('',#2,'mechanical');
#10212 = PRODUCT_DEFINITION_CONTEXT('part definition',#2,'design');
#10213 = ADVANCED_BREP_SHAPE_REPRESENTATION('',(#11,#10214),#13445);
#10214 = MANIFOLD_SOLID_BREP('',#10215);
#10215 = CLOSED_SHELL('',(#10216,#10256,#10287,#10318,#11204,#12090,
    #12102,#12119,#12136,#12153,#12170,#12187,#12204,#12221,#12238,
    #12255,#12272,#12289,#12306,#12323,#12340,#12357,#12374,#12391,
    #12408,#12425,#12442,#12459,#12476,#12493,#12510,#12527,#12544,
    #12561,#12578,#12595,#12612,#12629,#12646,#12663,#12680,#12697,
    #12714,#12731,#12748,#12765,#12782,#12799,#12816,#12833,#12850,
    #12867,#12884,#12901,#12918,#12935,#12952,#12969,#12986,#13003,
    #13020,#13037,#13054,#13071,#13088,#13105,#13122,#13139,#13156,
    #13173,#13190,#13207,#13224,#13241,#13258,#13275,#13292,#13309,
    #13326,#13343,#13360,#13377,#13394,#13411,#13428));
#10216 = ADVANCED_FACE('',(#10217),#10251,.T.);
#10217 = FACE_BOUND('',#10218,.T.);
#10218 = EDGE_LOOP('',(#10219,#10229,#10237,#10245));
#10219 = ORIENTED_EDGE('',*,*,#10220,.T.);
#10220 = EDGE_CURVE('',#10221,#10223,#10225,.T.);
#10221 = VERTEX_POINT('',#10222);
#10222 = CARTESIAN_POINT('',(98.05,53.575,0.));
#10223 = VERTEX_POINT('',#10224);
#10224 = CARTESIAN_POINT('',(98.05,53.575,1.51));
#10225 = LINE('',#10226,#10227);
#10226 = CARTESIAN_POINT('',(98.05,53.575,0.));
#10227 = VECTOR('',#10228,1.);
#10228 = DIRECTION('',(0.,0.,1.));
#10229 = ORIENTED_EDGE('',*,*,#10230,.T.);
#10230 = EDGE_CURVE('',#10223,#10231,#10233,.T.);
#10231 = VERTEX_POINT('',#10232);
#10232 = CARTESIAN_POINT('',(21.75,53.575,1.51));
#10233 = LINE('',#10234,#10235);
#10234 = CARTESIAN_POINT('',(98.05,53.575,1.51));
#10235 = VECTOR('',#10236,1.);
#10236 = DIRECTION('',(-1.,0.,0.));
#10237 = ORIENTED_EDGE('',*,*,#10238,.F.);
#10238 = EDGE_CURVE('',#10239,#10231,#10241,.T.);
#10239 = VERTEX_POINT('',#10240);
#10240 = CARTESIAN_POINT('',(21.75,53.575,0.));
#10241 = LINE('',#10242,#10243);
#10242 = CARTESIAN_POINT('',(21.75,53.575,0.));
#10243 = VECTOR('',#10244,1.);
#10244 = DIRECTION('',(0.,0.,1.));
#10245 = ORIENTED_EDGE('',*,*,#10246,.F.);
#10246 = EDGE_CURVE('',#10221,#10239,#10247,.T.);
#10247 = LINE('',#10248,#10249);
#10248 = CARTESIAN_POINT('',(98.05,53.575,0.));
#10249 = VECTOR('',#10250,1.);
#10250 = DIRECTION('',(-1.,0.,0.));
#10251 = PLANE('',#10252);
#10252 = AXIS2_PLACEMENT_3D('',#10253,#10254,#10255);
#10253 = CARTESIAN_POINT('',(98.05,53.575,0.));
#10254 = DIRECTION('',(0.,-1.,0.));
#10255 = DIRECTION('',(-1.,0.,0.));
#10256 = ADVANCED_FACE('',(#10257),#10282,.T.);
#10257 = FACE_BOUND('',#10258,.T.);
#10258 = EDGE_LOOP('',(#10259,#10269,#10275,#10276));
#10259 = ORIENTED_EDGE('',*,*,#10260,.T.);
#10260 = EDGE_CURVE('',#10261,#10263,#10265,.T.);
#10261 = VERTEX_POINT('',#10262);
#10262 = CARTESIAN_POINT('',(98.05,114.475,0.));
#10263 = VERTEX_POINT('',#10264);
#10264 = CARTESIAN_POINT('',(98.05,114.475,1.51));
#10265 = LINE('',#10266,#10267);
#10266 = CARTESIAN_POINT('',(98.05,114.475,0.));
#10267 = VECTOR('',#10268,1.);
#10268 = DIRECTION('',(0.,0.,1.));
#10269 = ORIENTED_EDGE('',*,*,#10270,.T.);
#10270 = EDGE_CURVE('',#10263,#10223,#10271,.T.);
#10271 = LINE('',#10272,#10273);
#10272 = CARTESIAN_POINT('',(98.05,114.475,1.51));
#10273 = VECTOR('',#10274,1.);
#10274 = DIRECTION('',(0.,-1.,0.));
#10275 = ORIENTED_EDGE('',*,*,#10220,.F.);
#10276 = ORIENTED_EDGE('',*,*,#10277,.F.);
#10277 = EDGE_CURVE('',#10261,#10221,#10278,.T.);
#10278 = LINE('',#10279,#10280);
#10279 = CARTESIAN_POINT('',(98.05,114.475,0.));
#10280 = VECTOR('',#10281,1.);
#10281 = DIRECTION('',(0.,-1.,0.));
#10282 = PLANE('',#10283);
#10283 = AXIS2_PLACEMENT_3D('',#10284,#10285,#10286);
#10284 = CARTESIAN_POINT('',(98.05,114.475,0.));
#10285 = DIRECTION('',(1.,0.,-0.));
#10286 = DIRECTION('',(0.,-1.,0.));
#10287 = ADVANCED_FACE('',(#10288),#10313,.T.);
#10288 = FACE_BOUND('',#10289,.T.);
#10289 = EDGE_LOOP('',(#10290,#10291,#10299,#10307));
#10290 = ORIENTED_EDGE('',*,*,#10238,.T.);
#10291 = ORIENTED_EDGE('',*,*,#10292,.T.);
#10292 = EDGE_CURVE('',#10231,#10293,#10295,.T.);
#10293 = VERTEX_POINT('',#10294);
#10294 = CARTESIAN_POINT('',(21.75,114.475,1.51));
#10295 = LINE('',#10296,#10297);
#10296 = CARTESIAN_POINT('',(21.75,53.575,1.51));
#10297 = VECTOR('',#10298,1.);
#10298 = DIRECTION('',(0.,1.,0.));
#10299 = ORIENTED_EDGE('',*,*,#10300,.F.);
#10300 = EDGE_CURVE('',#10301,#10293,#10303,.T.);
#10301 = VERTEX_POINT('',#10302);
#10302 = CARTESIAN_POINT('',(21.75,114.475,0.));
#10303 = LINE('',#10304,#10305);
#10304 = CARTESIAN_POINT('',(21.75,114.475,0.));
#10305 = VECTOR('',#10306,1.);
#10306 = DIRECTION('',(0.,0.,1.));
#10307 = ORIENTED_EDGE('',*,*,#10308,.F.);
#10308 = EDGE_CURVE('',#10239,#10301,#10309,.T.);
#10309 = LINE('',#10310,#10311);
#10310 = CARTESIAN_POINT('',(21.75,53.575,0.));
#10311 = VECTOR('',#10312,1.);
#10312 = DIRECTION('',(0.,1.,0.));
#10313 = PLANE('',#10314);
#10314 = AXIS2_PLACEMENT_3D('',#10315,#10316,#10317);
#10315 = CARTESIAN_POINT('',(21.75,53.575,0.));
#10316 = DIRECTION('',(-1.,0.,0.));
#10317 = DIRECTION('',(0.,1.,0.));
#10318 = ADVANCED_FACE('',(#10319,#10330,#10341,#10352,#10363,#10374,
    #10385,#10396,#10407,#10418,#10429,#10440,#10451,#10462,#10473,
    #10484,#10495,#10506,#10517,#10528,#10539,#10550,#10561,#10572,
    #10583,#10594,#10605,#10616,#10627,#10638,#10649,#10660,#10671,
    #10682,#10693,#10704,#10715,#10726,#10737,#10748,#10759,#10770,
    #10781,#10792,#10803,#10814,#10825,#10836,#10847,#10858,#10869,
    #10880,#10891,#10902,#10913,#10924,#10935,#10946,#10957,#10968,
    #10979,#10990,#11001,#11012,#11023,#11034,#11045,#11056,#11067,
    #11078,#11089,#11100,#11111,#11122,#11133,#11144,#11155,#11166,
    #11177,#11188),#11199,.F.);
#10319 = FACE_BOUND('',#10320,.F.);
#10320 = EDGE_LOOP('',(#10321,#10322,#10323,#10329));
#10321 = ORIENTED_EDGE('',*,*,#10246,.F.);
#10322 = ORIENTED_EDGE('',*,*,#10277,.F.);
#10323 = ORIENTED_EDGE('',*,*,#10324,.F.);
#10324 = EDGE_CURVE('',#10301,#10261,#10325,.T.);
#10325 = LINE('',#10326,#10327);
#10326 = CARTESIAN_POINT('',(21.75,114.475,0.));
#10327 = VECTOR('',#10328,1.);
#10328 = DIRECTION('',(1.,0.,0.));
#10329 = ORIENTED_EDGE('',*,*,#10308,.F.);
#10330 = FACE_BOUND('',#10331,.F.);
#10331 = EDGE_LOOP('',(#10332));
#10332 = ORIENTED_EDGE('',*,*,#10333,.T.);
#10333 = EDGE_CURVE('',#10334,#10334,#10336,.T.);
#10334 = VERTEX_POINT('',#10335);
#10335 = CARTESIAN_POINT('',(26.86,57.765,0.));
#10336 = CIRCLE('',#10337,1.25);
#10337 = AXIS2_PLACEMENT_3D('',#10338,#10339,#10340);
#10338 = CARTESIAN_POINT('',(26.86,59.015,0.));
#10339 = DIRECTION('',(-0.,0.,-1.));
#10340 = DIRECTION('',(-0.,-1.,0.));
#10341 = FACE_BOUND('',#10342,.F.);
#10342 = EDGE_LOOP('',(#10343));
#10343 = ORIENTED_EDGE('',*,*,#10344,.T.);
#10344 = EDGE_CURVE('',#10345,#10345,#10347,.T.);
#10345 = VERTEX_POINT('',#10346);
#10346 = CARTESIAN_POINT('',(44.64,57.765,0.));
#10347 = CIRCLE('',#10348,1.25);
#10348 = AXIS2_PLACEMENT_3D('',#10349,#10350,#10351);
#10349 = CARTESIAN_POINT('',(44.64,59.015,0.));
#10350 = DIRECTION('',(-0.,0.,-1.));
#10351 = DIRECTION('',(-0.,-1.,0.));
#10352 = FACE_BOUND('',#10353,.F.);
#10353 = EDGE_LOOP('',(#10354));
#10354 = ORIENTED_EDGE('',*,*,#10355,.T.);
#10355 = EDGE_CURVE('',#10356,#10356,#10358,.T.);
#10356 = VERTEX_POINT('',#10357);
#10357 = CARTESIAN_POINT('',(45.91,62.375,0.));
#10358 = CIRCLE('',#10359,0.45);
#10359 = AXIS2_PLACEMENT_3D('',#10360,#10361,#10362);
#10360 = CARTESIAN_POINT('',(45.91,62.825,0.));
#10361 = DIRECTION('',(-0.,0.,-1.));
#10362 = DIRECTION('',(-0.,-1.,0.));
#10363 = FACE_BOUND('',#10364,.F.);
#10364 = EDGE_LOOP('',(#10365));
#10365 = ORIENTED_EDGE('',*,*,#10366,.T.);
#10366 = EDGE_CURVE('',#10367,#10367,#10369,.T.);
#10367 = VERTEX_POINT('',#10368);
#10368 = CARTESIAN_POINT('',(56.295,57.8882,0.));
#10369 = CIRCLE('',#10370,1.25);
#10370 = AXIS2_PLACEMENT_3D('',#10371,#10372,#10373);
#10371 = CARTESIAN_POINT('',(56.295,59.1382,0.));
#10372 = DIRECTION('',(-0.,0.,-1.));
#10373 = DIRECTION('',(-0.,-1.,0.));
#10374 = FACE_BOUND('',#10375,.F.);
#10375 = EDGE_LOOP('',(#10376));
#10376 = ORIENTED_EDGE('',*,*,#10377,.T.);
#10377 = EDGE_CURVE('',#10378,#10378,#10380,.T.);
#10378 = VERTEX_POINT('',#10379);
#10379 = CARTESIAN_POINT('',(45.91,64.915,0.));
#10380 = CIRCLE('',#10381,0.45);
#10381 = AXIS2_PLACEMENT_3D('',#10382,#10383,#10384);
#10382 = CARTESIAN_POINT('',(45.91,65.365,0.));
#10383 = DIRECTION('',(-0.,0.,-1.));
#10384 = DIRECTION('',(-0.,-1.,0.));
#10385 = FACE_BOUND('',#10386,.F.);
#10386 = EDGE_LOOP('',(#10387));
#10387 = ORIENTED_EDGE('',*,*,#10388,.T.);
#10388 = EDGE_CURVE('',#10389,#10389,#10391,.T.);
#10389 = VERTEX_POINT('',#10390);
#10390 = CARTESIAN_POINT('',(45.91,67.455,0.));
#10391 = CIRCLE('',#10392,0.45);
#10392 = AXIS2_PLACEMENT_3D('',#10393,#10394,#10395);
#10393 = CARTESIAN_POINT('',(45.91,67.905,0.));
#10394 = DIRECTION('',(-0.,0.,-1.));
#10395 = DIRECTION('',(-0.,-1.,0.));
#10396 = FACE_BOUND('',#10397,.F.);
#10397 = EDGE_LOOP('',(#10398));
#10398 = ORIENTED_EDGE('',*,*,#10399,.T.);
#10399 = EDGE_CURVE('',#10400,#10400,#10402,.T.);
#10400 = VERTEX_POINT('',#10401);
#10401 = CARTESIAN_POINT('',(25.59,72.535,0.));
#10402 = CIRCLE('',#10403,0.45);
#10403 = AXIS2_PLACEMENT_3D('',#10404,#10405,#10406);
#10404 = CARTESIAN_POINT('',(25.59,72.985,0.));
#10405 = DIRECTION('',(-0.,0.,-1.));
#10406 = DIRECTION('',(-0.,-1.,0.));
#10407 = FACE_BOUND('',#10408,.F.);
#10408 = EDGE_LOOP('',(#10409));
#10409 = ORIENTED_EDGE('',*,*,#10410,.T.);
#10410 = EDGE_CURVE('',#10411,#10411,#10413,.T.);
#10411 = VERTEX_POINT('',#10412);
#10412 = CARTESIAN_POINT('',(25.59,75.075,0.));
#10413 = CIRCLE('',#10414,0.45);
#10414 = AXIS2_PLACEMENT_3D('',#10415,#10416,#10417);
#10415 = CARTESIAN_POINT('',(25.59,75.525,0.));
#10416 = DIRECTION('',(-0.,0.,-1.));
#10417 = DIRECTION('',(-0.,-1.,0.));
#10418 = FACE_BOUND('',#10419,.F.);
#10419 = EDGE_LOOP('',(#10420));
#10420 = ORIENTED_EDGE('',*,*,#10421,.T.);
#10421 = EDGE_CURVE('',#10422,#10422,#10424,.T.);
#10422 = VERTEX_POINT('',#10423);
#10423 = CARTESIAN_POINT('',(25.59,77.615,0.));
#10424 = CIRCLE('',#10425,0.45);
#10425 = AXIS2_PLACEMENT_3D('',#10426,#10427,#10428);
#10426 = CARTESIAN_POINT('',(25.59,78.065,0.));
#10427 = DIRECTION('',(-0.,0.,-1.));
#10428 = DIRECTION('',(-0.,-1.,0.));
#10429 = FACE_BOUND('',#10430,.F.);
#10430 = EDGE_LOOP('',(#10431));
#10431 = ORIENTED_EDGE('',*,*,#10432,.T.);
#10432 = EDGE_CURVE('',#10433,#10433,#10435,.T.);
#10433 = VERTEX_POINT('',#10434);
#10434 = CARTESIAN_POINT('',(25.59,80.155,0.));
#10435 = CIRCLE('',#10436,0.45);
#10436 = AXIS2_PLACEMENT_3D('',#10437,#10438,#10439);
#10437 = CARTESIAN_POINT('',(25.59,80.605,0.));
#10438 = DIRECTION('',(-0.,0.,-1.));
#10439 = DIRECTION('',(-0.,-1.,0.));
#10440 = FACE_BOUND('',#10441,.F.);
#10441 = EDGE_LOOP('',(#10442));
#10442 = ORIENTED_EDGE('',*,*,#10443,.T.);
#10443 = EDGE_CURVE('',#10444,#10444,#10446,.T.);
#10444 = VERTEX_POINT('',#10445);
#10445 = CARTESIAN_POINT('',(45.91,69.995,0.));
#10446 = CIRCLE('',#10447,0.45);
#10447 = AXIS2_PLACEMENT_3D('',#10448,#10449,#10450);
#10448 = CARTESIAN_POINT('',(45.91,70.445,0.));
#10449 = DIRECTION('',(-0.,0.,-1.));
#10450 = DIRECTION('',(-0.,-1.,0.));
#10451 = FACE_BOUND('',#10452,.F.);
#10452 = EDGE_LOOP('',(#10453));
#10453 = ORIENTED_EDGE('',*,*,#10454,.T.);
#10454 = EDGE_CURVE('',#10455,#10455,#10457,.T.);
#10455 = VERTEX_POINT('',#10456);
#10456 = CARTESIAN_POINT('',(45.91,72.535,0.));
#10457 = CIRCLE('',#10458,0.45);
#10458 = AXIS2_PLACEMENT_3D('',#10459,#10460,#10461);
#10459 = CARTESIAN_POINT('',(45.91,72.985,0.));
#10460 = DIRECTION('',(-0.,0.,-1.));
#10461 = DIRECTION('',(-0.,-1.,0.));
#10462 = FACE_BOUND('',#10463,.F.);
#10463 = EDGE_LOOP('',(#10464));
#10464 = ORIENTED_EDGE('',*,*,#10465,.T.);
#10465 = EDGE_CURVE('',#10466,#10466,#10468,.T.);
#10466 = VERTEX_POINT('',#10467);
#10467 = CARTESIAN_POINT('',(45.91,75.075,0.));
#10468 = CIRCLE('',#10469,0.45);
#10469 = AXIS2_PLACEMENT_3D('',#10470,#10471,#10472);
#10470 = CARTESIAN_POINT('',(45.91,75.525,0.));
#10471 = DIRECTION('',(-0.,0.,-1.));
#10472 = DIRECTION('',(-0.,-1.,0.));
#10473 = FACE_BOUND('',#10474,.F.);
#10474 = EDGE_LOOP('',(#10475));
#10475 = ORIENTED_EDGE('',*,*,#10476,.T.);
#10476 = EDGE_CURVE('',#10477,#10477,#10479,.T.);
#10477 = VERTEX_POINT('',#10478);
#10478 = CARTESIAN_POINT('',(45.91,77.615,0.));
#10479 = CIRCLE('',#10480,0.45);
#10480 = AXIS2_PLACEMENT_3D('',#10481,#10482,#10483);
#10481 = CARTESIAN_POINT('',(45.91,78.065,0.));
#10482 = DIRECTION('',(-0.,0.,-1.));
#10483 = DIRECTION('',(-0.,-1.,0.));
#10484 = FACE_BOUND('',#10485,.F.);
#10485 = EDGE_LOOP('',(#10486));
#10486 = ORIENTED_EDGE('',*,*,#10487,.T.);
#10487 = EDGE_CURVE('',#10488,#10488,#10490,.T.);
#10488 = VERTEX_POINT('',#10489);
#10489 = CARTESIAN_POINT('',(45.91,80.155,0.));
#10490 = CIRCLE('',#10491,0.45);
#10491 = AXIS2_PLACEMENT_3D('',#10492,#10493,#10494);
#10492 = CARTESIAN_POINT('',(45.91,80.605,0.));
#10493 = DIRECTION('',(-0.,0.,-1.));
#10494 = DIRECTION('',(-0.,-1.,0.));
#10495 = FACE_BOUND('',#10496,.F.);
#10496 = EDGE_LOOP('',(#10497));
#10497 = ORIENTED_EDGE('',*,*,#10498,.T.);
#10498 = EDGE_CURVE('',#10499,#10499,#10501,.T.);
#10499 = VERTEX_POINT('',#10500);
#10500 = CARTESIAN_POINT('',(56.295,76.4182,0.));
#10501 = CIRCLE('',#10502,0.5);
#10502 = AXIS2_PLACEMENT_3D('',#10503,#10504,#10505);
#10503 = CARTESIAN_POINT('',(56.295,76.9182,0.));
#10504 = DIRECTION('',(-0.,0.,-1.));
#10505 = DIRECTION('',(-0.,-1.,0.));
#10506 = FACE_BOUND('',#10507,.F.);
#10507 = EDGE_LOOP('',(#10508));
#10508 = ORIENTED_EDGE('',*,*,#10509,.T.);
#10509 = EDGE_CURVE('',#10510,#10510,#10512,.T.);
#10510 = VERTEX_POINT('',#10511);
#10511 = CARTESIAN_POINT('',(58.835,76.4182,0.));
#10512 = CIRCLE('',#10513,0.5);
#10513 = AXIS2_PLACEMENT_3D('',#10514,#10515,#10516);
#10514 = CARTESIAN_POINT('',(58.835,76.9182,0.));
#10515 = DIRECTION('',(-0.,0.,-1.));
#10516 = DIRECTION('',(-0.,-1.,0.));
#10517 = FACE_BOUND('',#10518,.F.);
#10518 = EDGE_LOOP('',(#10519));
#10519 = ORIENTED_EDGE('',*,*,#10520,.T.);
#10520 = EDGE_CURVE('',#10521,#10521,#10523,.T.);
#10521 = VERTEX_POINT('',#10522);
#10522 = CARTESIAN_POINT('',(62.645,59.8582,0.));
#10523 = CIRCLE('',#10524,0.55);
#10524 = AXIS2_PLACEMENT_3D('',#10525,#10526,#10527);
#10525 = CARTESIAN_POINT('',(62.645,60.4082,0.));
#10526 = DIRECTION('',(-0.,0.,-1.));
#10527 = DIRECTION('',(1.2918958832E-14,-1.,-0.));
#10528 = FACE_BOUND('',#10529,.F.);
#10529 = EDGE_LOOP('',(#10530));
#10530 = ORIENTED_EDGE('',*,*,#10531,.T.);
#10531 = EDGE_CURVE('',#10532,#10532,#10534,.T.);
#10532 = VERTEX_POINT('',#10533);
#10533 = CARTESIAN_POINT('',(67.725,59.8582,0.));
#10534 = CIRCLE('',#10535,0.55);
#10535 = AXIS2_PLACEMENT_3D('',#10536,#10537,#10538);
#10536 = CARTESIAN_POINT('',(67.725,60.4082,0.));
#10537 = DIRECTION('',(-0.,0.,-1.));
#10538 = DIRECTION('',(-0.,-1.,0.));
#10539 = FACE_BOUND('',#10540,.F.);
#10540 = EDGE_LOOP('',(#10541));
#10541 = ORIENTED_EDGE('',*,*,#10542,.T.);
#10542 = EDGE_CURVE('',#10543,#10543,#10545,.T.);
#10543 = VERTEX_POINT('',#10544);
#10544 = CARTESIAN_POINT('',(74.075,57.8882,0.));
#10545 = CIRCLE('',#10546,1.25);
#10546 = AXIS2_PLACEMENT_3D('',#10547,#10548,#10549);
#10547 = CARTESIAN_POINT('',(74.075,59.1382,0.));
#10548 = DIRECTION('',(-0.,0.,-1.));
#10549 = DIRECTION('',(-0.,-1.,0.));
#10550 = FACE_BOUND('',#10551,.F.);
#10551 = EDGE_LOOP('',(#10552));
#10552 = ORIENTED_EDGE('',*,*,#10553,.T.);
#10553 = EDGE_CURVE('',#10554,#10554,#10556,.T.);
#10554 = VERTEX_POINT('',#10555);
#10555 = CARTESIAN_POINT('',(83.25,62.,0.));
#10556 = CIRCLE('',#10557,0.475);
#10557 = AXIS2_PLACEMENT_3D('',#10558,#10559,#10560);
#10558 = CARTESIAN_POINT('',(83.25,62.475,0.));
#10559 = DIRECTION('',(-0.,0.,-1.));
#10560 = DIRECTION('',(-0.,-1.,0.));
#10561 = FACE_BOUND('',#10562,.F.);
#10562 = EDGE_LOOP('',(#10563));
#10563 = ORIENTED_EDGE('',*,*,#10564,.T.);
#10564 = EDGE_CURVE('',#10565,#10565,#10567,.T.);
#10565 = VERTEX_POINT('',#10566);
#10566 = CARTESIAN_POINT('',(83.25,64.5,0.));
#10567 = CIRCLE('',#10568,0.475);
#10568 = AXIS2_PLACEMENT_3D('',#10569,#10570,#10571);
#10569 = CARTESIAN_POINT('',(83.25,64.975,0.));
#10570 = DIRECTION('',(-0.,0.,-1.));
#10571 = DIRECTION('',(-0.,-1.,0.));
#10572 = FACE_BOUND('',#10573,.F.);
#10573 = EDGE_LOOP('',(#10574));
#10574 = ORIENTED_EDGE('',*,*,#10575,.T.);
#10575 = EDGE_CURVE('',#10576,#10576,#10578,.T.);
#10576 = VERTEX_POINT('',#10577);
#10577 = CARTESIAN_POINT('',(83.25,67.,0.));
#10578 = CIRCLE('',#10579,0.475);
#10579 = AXIS2_PLACEMENT_3D('',#10580,#10581,#10582);
#10580 = CARTESIAN_POINT('',(83.25,67.475,0.));
#10581 = DIRECTION('',(-0.,0.,-1.));
#10582 = DIRECTION('',(-0.,-1.,0.));
#10583 = FACE_BOUND('',#10584,.F.);
#10584 = EDGE_LOOP('',(#10585));
#10585 = ORIENTED_EDGE('',*,*,#10586,.T.);
#10586 = EDGE_CURVE('',#10587,#10587,#10589,.T.);
#10587 = VERTEX_POINT('',#10588);
#10588 = CARTESIAN_POINT('',(61.375,76.4182,0.));
#10589 = CIRCLE('',#10590,0.5);
#10590 = AXIS2_PLACEMENT_3D('',#10591,#10592,#10593);
#10591 = CARTESIAN_POINT('',(61.375,76.9182,0.));
#10592 = DIRECTION('',(-0.,0.,-1.));
#10593 = DIRECTION('',(-0.,-1.,0.));
#10594 = FACE_BOUND('',#10595,.F.);
#10595 = EDGE_LOOP('',(#10596));
#10596 = ORIENTED_EDGE('',*,*,#10597,.T.);
#10597 = EDGE_CURVE('',#10598,#10598,#10600,.T.);
#10598 = VERTEX_POINT('',#10599);
#10599 = CARTESIAN_POINT('',(63.915,76.4182,0.));
#10600 = CIRCLE('',#10601,0.5);
#10601 = AXIS2_PLACEMENT_3D('',#10602,#10603,#10604);
#10602 = CARTESIAN_POINT('',(63.915,76.9182,0.));
#10603 = DIRECTION('',(-0.,0.,-1.));
#10604 = DIRECTION('',(-1.42108547152E-14,-1.,0.));
#10605 = FACE_BOUND('',#10606,.F.);
#10606 = EDGE_LOOP('',(#10607));
#10607 = ORIENTED_EDGE('',*,*,#10608,.T.);
#10608 = EDGE_CURVE('',#10609,#10609,#10611,.T.);
#10609 = VERTEX_POINT('',#10610);
#10610 = CARTESIAN_POINT('',(66.455,76.4182,0.));
#10611 = CIRCLE('',#10612,0.5);
#10612 = AXIS2_PLACEMENT_3D('',#10613,#10614,#10615);
#10613 = CARTESIAN_POINT('',(66.455,76.9182,0.));
#10614 = DIRECTION('',(-0.,0.,-1.));
#10615 = DIRECTION('',(-0.,-1.,0.));
#10616 = FACE_BOUND('',#10617,.F.);
#10617 = EDGE_LOOP('',(#10618));
#10618 = ORIENTED_EDGE('',*,*,#10619,.T.);
#10619 = EDGE_CURVE('',#10620,#10620,#10622,.T.);
#10620 = VERTEX_POINT('',#10621);
#10621 = CARTESIAN_POINT('',(68.995,76.4182,0.));
#10622 = CIRCLE('',#10623,0.5);
#10623 = AXIS2_PLACEMENT_3D('',#10624,#10625,#10626);
#10624 = CARTESIAN_POINT('',(68.995,76.9182,0.));
#10625 = DIRECTION('',(-0.,0.,-1.));
#10626 = DIRECTION('',(-0.,-1.,0.));
#10627 = FACE_BOUND('',#10628,.F.);
#10628 = EDGE_LOOP('',(#10629));
#10629 = ORIENTED_EDGE('',*,*,#10630,.T.);
#10630 = EDGE_CURVE('',#10631,#10631,#10633,.T.);
#10631 = VERTEX_POINT('',#10632);
#10632 = CARTESIAN_POINT('',(71.535,76.4182,0.));
#10633 = CIRCLE('',#10634,0.5);
#10634 = AXIS2_PLACEMENT_3D('',#10635,#10636,#10637);
#10635 = CARTESIAN_POINT('',(71.535,76.9182,0.));
#10636 = DIRECTION('',(-0.,0.,-1.));
#10637 = DIRECTION('',(-0.,-1.,0.));
#10638 = FACE_BOUND('',#10639,.F.);
#10639 = EDGE_LOOP('',(#10640));
#10640 = ORIENTED_EDGE('',*,*,#10641,.T.);
#10641 = EDGE_CURVE('',#10642,#10642,#10644,.T.);
#10642 = VERTEX_POINT('',#10643);
#10643 = CARTESIAN_POINT('',(74.075,76.4182,0.));
#10644 = CIRCLE('',#10645,0.5);
#10645 = AXIS2_PLACEMENT_3D('',#10646,#10647,#10648);
#10646 = CARTESIAN_POINT('',(74.075,76.9182,0.));
#10647 = DIRECTION('',(-0.,0.,-1.));
#10648 = DIRECTION('',(-0.,-1.,0.));
#10649 = FACE_BOUND('',#10650,.F.);
#10650 = EDGE_LOOP('',(#10651));
#10651 = ORIENTED_EDGE('',*,*,#10652,.T.);
#10652 = EDGE_CURVE('',#10653,#10653,#10655,.T.);
#10653 = VERTEX_POINT('',#10654);
#10654 = CARTESIAN_POINT('',(83.25,69.5,0.));
#10655 = CIRCLE('',#10656,0.475);
#10656 = AXIS2_PLACEMENT_3D('',#10657,#10658,#10659);
#10657 = CARTESIAN_POINT('',(83.25,69.975,0.));
#10658 = DIRECTION('',(-0.,0.,-1.));
#10659 = DIRECTION('',(-0.,-1.,0.));
#10660 = FACE_BOUND('',#10661,.F.);
#10661 = EDGE_LOOP('',(#10662));
#10662 = ORIENTED_EDGE('',*,*,#10663,.T.);
#10663 = EDGE_CURVE('',#10664,#10664,#10666,.T.);
#10664 = VERTEX_POINT('',#10665);
#10665 = CARTESIAN_POINT('',(83.25,77.4,0.));
#10666 = CIRCLE('',#10667,0.475);
#10667 = AXIS2_PLACEMENT_3D('',#10668,#10669,#10670);
#10668 = CARTESIAN_POINT('',(83.25,77.875,0.));
#10669 = DIRECTION('',(-0.,0.,-1.));
#10670 = DIRECTION('',(-0.,-1.,0.));
#10671 = FACE_BOUND('',#10672,.F.);
#10672 = EDGE_LOOP('',(#10673));
#10673 = ORIENTED_EDGE('',*,*,#10674,.T.);
#10674 = EDGE_CURVE('',#10675,#10675,#10677,.T.);
#10675 = VERTEX_POINT('',#10676);
#10676 = CARTESIAN_POINT('',(83.25,79.9,0.));
#10677 = CIRCLE('',#10678,0.475);
#10678 = AXIS2_PLACEMENT_3D('',#10679,#10680,#10681);
#10679 = CARTESIAN_POINT('',(83.25,80.375,0.));
#10680 = DIRECTION('',(-0.,0.,-1.));
#10681 = DIRECTION('',(-0.,-1.,0.));
#10682 = FACE_BOUND('',#10683,.F.);
#10683 = EDGE_LOOP('',(#10684));
#10684 = ORIENTED_EDGE('',*,*,#10685,.T.);
#10685 = EDGE_CURVE('',#10686,#10686,#10688,.T.);
#10686 = VERTEX_POINT('',#10687);
#10687 = CARTESIAN_POINT('',(25.59,82.695,0.));
#10688 = CIRCLE('',#10689,0.45);
#10689 = AXIS2_PLACEMENT_3D('',#10690,#10691,#10692);
#10690 = CARTESIAN_POINT('',(25.59,83.145,0.));
#10691 = DIRECTION('',(-0.,0.,-1.));
#10692 = DIRECTION('',(-0.,-1.,0.));
#10693 = FACE_BOUND('',#10694,.F.);
#10694 = EDGE_LOOP('',(#10695));
#10695 = ORIENTED_EDGE('',*,*,#10696,.T.);
#10696 = EDGE_CURVE('',#10697,#10697,#10699,.T.);
#10697 = VERTEX_POINT('',#10698);
#10698 = CARTESIAN_POINT('',(25.59,85.235,0.));
#10699 = CIRCLE('',#10700,0.45);
#10700 = AXIS2_PLACEMENT_3D('',#10701,#10702,#10703);
#10701 = CARTESIAN_POINT('',(25.59,85.685,0.));
#10702 = DIRECTION('',(-0.,0.,-1.));
#10703 = DIRECTION('',(-0.,-1.,0.));
#10704 = FACE_BOUND('',#10705,.F.);
#10705 = EDGE_LOOP('',(#10706));
#10706 = ORIENTED_EDGE('',*,*,#10707,.T.);
#10707 = EDGE_CURVE('',#10708,#10708,#10710,.T.);
#10708 = VERTEX_POINT('',#10709);
#10709 = CARTESIAN_POINT('',(25.59,87.775,0.));
#10710 = CIRCLE('',#10711,0.45);
#10711 = AXIS2_PLACEMENT_3D('',#10712,#10713,#10714);
#10712 = CARTESIAN_POINT('',(25.59,88.225,0.));
#10713 = DIRECTION('',(-0.,0.,-1.));
#10714 = DIRECTION('',(-0.,-1.,0.));
#10715 = FACE_BOUND('',#10716,.F.);
#10716 = EDGE_LOOP('',(#10717));
#10717 = ORIENTED_EDGE('',*,*,#10718,.T.);
#10718 = EDGE_CURVE('',#10719,#10719,#10721,.T.);
#10719 = VERTEX_POINT('',#10720);
#10720 = CARTESIAN_POINT('',(25.59,90.315,0.));
#10721 = CIRCLE('',#10722,0.45);
#10722 = AXIS2_PLACEMENT_3D('',#10723,#10724,#10725);
#10723 = CARTESIAN_POINT('',(25.59,90.765,0.));
#10724 = DIRECTION('',(-0.,0.,-1.));
#10725 = DIRECTION('',(-0.,-1.,0.));
#10726 = FACE_BOUND('',#10727,.F.);
#10727 = EDGE_LOOP('',(#10728));
#10728 = ORIENTED_EDGE('',*,*,#10729,.T.);
#10729 = EDGE_CURVE('',#10730,#10730,#10732,.T.);
#10730 = VERTEX_POINT('',#10731);
#10731 = CARTESIAN_POINT('',(25.59,92.855,0.));
#10732 = CIRCLE('',#10733,0.45);
#10733 = AXIS2_PLACEMENT_3D('',#10734,#10735,#10736);
#10734 = CARTESIAN_POINT('',(25.59,93.305,0.));
#10735 = DIRECTION('',(-0.,0.,-1.));
#10736 = DIRECTION('',(-0.,-1.,0.));
#10737 = FACE_BOUND('',#10738,.F.);
#10738 = EDGE_LOOP('',(#10739));
#10739 = ORIENTED_EDGE('',*,*,#10740,.T.);
#10740 = EDGE_CURVE('',#10741,#10741,#10743,.T.);
#10741 = VERTEX_POINT('',#10742);
#10742 = CARTESIAN_POINT('',(45.91,82.695,0.));
#10743 = CIRCLE('',#10744,0.45);
#10744 = AXIS2_PLACEMENT_3D('',#10745,#10746,#10747);
#10745 = CARTESIAN_POINT('',(45.91,83.145,0.));
#10746 = DIRECTION('',(-0.,0.,-1.));
#10747 = DIRECTION('',(-0.,-1.,0.));
#10748 = FACE_BOUND('',#10749,.F.);
#10749 = EDGE_LOOP('',(#10750));
#10750 = ORIENTED_EDGE('',*,*,#10751,.T.);
#10751 = EDGE_CURVE('',#10752,#10752,#10754,.T.);
#10752 = VERTEX_POINT('',#10753);
#10753 = CARTESIAN_POINT('',(45.91,85.235,0.));
#10754 = CIRCLE('',#10755,0.45);
#10755 = AXIS2_PLACEMENT_3D('',#10756,#10757,#10758);
#10756 = CARTESIAN_POINT('',(45.91,85.685,0.));
#10757 = DIRECTION('',(-0.,0.,-1.));
#10758 = DIRECTION('',(-0.,-1.,0.));
#10759 = FACE_BOUND('',#10760,.F.);
#10760 = EDGE_LOOP('',(#10761));
#10761 = ORIENTED_EDGE('',*,*,#10762,.T.);
#10762 = EDGE_CURVE('',#10763,#10763,#10765,.T.);
#10763 = VERTEX_POINT('',#10764);
#10764 = CARTESIAN_POINT('',(45.91,87.775,0.));
#10765 = CIRCLE('',#10766,0.45);
#10766 = AXIS2_PLACEMENT_3D('',#10767,#10768,#10769);
#10767 = CARTESIAN_POINT('',(45.91,88.225,0.));
#10768 = DIRECTION('',(-0.,0.,-1.));
#10769 = DIRECTION('',(-0.,-1.,0.));
#10770 = FACE_BOUND('',#10771,.F.);
#10771 = EDGE_LOOP('',(#10772));
#10772 = ORIENTED_EDGE('',*,*,#10773,.T.);
#10773 = EDGE_CURVE('',#10774,#10774,#10776,.T.);
#10774 = VERTEX_POINT('',#10775);
#10775 = CARTESIAN_POINT('',(45.91,90.315,0.));
#10776 = CIRCLE('',#10777,0.45);
#10777 = AXIS2_PLACEMENT_3D('',#10778,#10779,#10780);
#10778 = CARTESIAN_POINT('',(45.91,90.765,0.));
#10779 = DIRECTION('',(-0.,0.,-1.));
#10780 = DIRECTION('',(-0.,-1.,0.));
#10781 = FACE_BOUND('',#10782,.F.);
#10782 = EDGE_LOOP('',(#10783));
#10783 = ORIENTED_EDGE('',*,*,#10784,.T.);
#10784 = EDGE_CURVE('',#10785,#10785,#10787,.T.);
#10785 = VERTEX_POINT('',#10786);
#10786 = CARTESIAN_POINT('',(45.91,92.855,0.));
#10787 = CIRCLE('',#10788,0.45);
#10788 = AXIS2_PLACEMENT_3D('',#10789,#10790,#10791);
#10789 = CARTESIAN_POINT('',(45.91,93.305,0.));
#10790 = DIRECTION('',(-0.,0.,-1.));
#10791 = DIRECTION('',(-0.,-1.,0.));
#10792 = FACE_BOUND('',#10793,.F.);
#10793 = EDGE_LOOP('',(#10794));
#10794 = ORIENTED_EDGE('',*,*,#10795,.T.);
#10795 = EDGE_CURVE('',#10796,#10796,#10798,.T.);
#10796 = VERTEX_POINT('',#10797);
#10797 = CARTESIAN_POINT('',(53.75,90.707,0.));
#10798 = CIRCLE('',#10799,0.508);
#10799 = AXIS2_PLACEMENT_3D('',#10800,#10801,#10802);
#10800 = CARTESIAN_POINT('',(53.75,91.215,0.));
#10801 = DIRECTION('',(-0.,0.,-1.));
#10802 = DIRECTION('',(-0.,-1.,0.));
#10803 = FACE_BOUND('',#10804,.F.);
#10804 = EDGE_LOOP('',(#10805));
#10805 = ORIENTED_EDGE('',*,*,#10806,.T.);
#10806 = EDGE_CURVE('',#10807,#10807,#10809,.T.);
#10807 = VERTEX_POINT('',#10808);
#10808 = CARTESIAN_POINT('',(53.75,93.247,0.));
#10809 = CIRCLE('',#10810,0.508);
#10810 = AXIS2_PLACEMENT_3D('',#10811,#10812,#10813);
#10811 = CARTESIAN_POINT('',(53.75,93.755,0.));
#10812 = DIRECTION('',(-0.,0.,-1.));
#10813 = DIRECTION('',(-0.,-1.,0.));
#10814 = FACE_BOUND('',#10815,.F.);
#10815 = EDGE_LOOP('',(#10816));
#10816 = ORIENTED_EDGE('',*,*,#10817,.T.);
#10817 = EDGE_CURVE('',#10818,#10818,#10820,.T.);
#10818 = VERTEX_POINT('',#10819);
#10819 = CARTESIAN_POINT('',(25.59,95.395,0.));
#10820 = CIRCLE('',#10821,0.45);
#10821 = AXIS2_PLACEMENT_3D('',#10822,#10823,#10824);
#10822 = CARTESIAN_POINT('',(25.59,95.845,0.));
#10823 = DIRECTION('',(-0.,0.,-1.));
#10824 = DIRECTION('',(-0.,-1.,0.));
#10825 = FACE_BOUND('',#10826,.F.);
#10826 = EDGE_LOOP('',(#10827));
#10827 = ORIENTED_EDGE('',*,*,#10828,.T.);
#10828 = EDGE_CURVE('',#10829,#10829,#10831,.T.);
#10829 = VERTEX_POINT('',#10830);
#10830 = CARTESIAN_POINT('',(25.59,97.935,0.));
#10831 = CIRCLE('',#10832,0.45);
#10832 = AXIS2_PLACEMENT_3D('',#10833,#10834,#10835);
#10833 = CARTESIAN_POINT('',(25.59,98.385,0.));
#10834 = DIRECTION('',(-0.,0.,-1.));
#10835 = DIRECTION('',(-0.,-1.,0.));
#10836 = FACE_BOUND('',#10837,.F.);
#10837 = EDGE_LOOP('',(#10838));
#10838 = ORIENTED_EDGE('',*,*,#10839,.T.);
#10839 = EDGE_CURVE('',#10840,#10840,#10842,.T.);
#10840 = VERTEX_POINT('',#10841);
#10841 = CARTESIAN_POINT('',(25.59,100.475,0.));
#10842 = CIRCLE('',#10843,0.45);
#10843 = AXIS2_PLACEMENT_3D('',#10844,#10845,#10846);
#10844 = CARTESIAN_POINT('',(25.59,100.925,0.));
#10845 = DIRECTION('',(-0.,0.,-1.));
#10846 = DIRECTION('',(-0.,-1.,0.));
#10847 = FACE_BOUND('',#10848,.F.);
#10848 = EDGE_LOOP('',(#10849));
#10849 = ORIENTED_EDGE('',*,*,#10850,.T.);
#10850 = EDGE_CURVE('',#10851,#10851,#10853,.T.);
#10851 = VERTEX_POINT('',#10852);
#10852 = CARTESIAN_POINT('',(26.225,103.635,0.));
#10853 = CIRCLE('',#10854,1.1);
#10854 = AXIS2_PLACEMENT_3D('',#10855,#10856,#10857);
#10855 = CARTESIAN_POINT('',(26.225,104.735,0.));
#10856 = DIRECTION('',(-0.,0.,-1.));
#10857 = DIRECTION('',(-0.,-1.,0.));
#10858 = FACE_BOUND('',#10859,.F.);
#10859 = EDGE_LOOP('',(#10860));
#10860 = ORIENTED_EDGE('',*,*,#10861,.T.);
#10861 = EDGE_CURVE('',#10862,#10862,#10864,.T.);
#10862 = VERTEX_POINT('',#10863);
#10863 = CARTESIAN_POINT('',(45.91,95.395,0.));
#10864 = CIRCLE('',#10865,0.45);
#10865 = AXIS2_PLACEMENT_3D('',#10866,#10867,#10868);
#10866 = CARTESIAN_POINT('',(45.91,95.845,0.));
#10867 = DIRECTION('',(-0.,0.,-1.));
#10868 = DIRECTION('',(-0.,-1.,0.));
#10869 = FACE_BOUND('',#10870,.F.);
#10870 = EDGE_LOOP('',(#10871));
#10871 = ORIENTED_EDGE('',*,*,#10872,.T.);
#10872 = EDGE_CURVE('',#10873,#10873,#10875,.T.);
#10873 = VERTEX_POINT('',#10874);
#10874 = CARTESIAN_POINT('',(45.91,97.935,0.));
#10875 = CIRCLE('',#10876,0.45);
#10876 = AXIS2_PLACEMENT_3D('',#10877,#10878,#10879);
#10877 = CARTESIAN_POINT('',(45.91,98.385,0.));
#10878 = DIRECTION('',(-0.,0.,-1.));
#10879 = DIRECTION('',(-0.,-1.,0.));
#10880 = FACE_BOUND('',#10881,.F.);
#10881 = EDGE_LOOP('',(#10882));
#10882 = ORIENTED_EDGE('',*,*,#10883,.T.);
#10883 = EDGE_CURVE('',#10884,#10884,#10886,.T.);
#10884 = VERTEX_POINT('',#10885);
#10885 = CARTESIAN_POINT('',(53.75,95.787,0.));
#10886 = CIRCLE('',#10887,0.508);
#10887 = AXIS2_PLACEMENT_3D('',#10888,#10889,#10890);
#10888 = CARTESIAN_POINT('',(53.75,96.295,0.));
#10889 = DIRECTION('',(-0.,0.,-1.));
#10890 = DIRECTION('',(-0.,-1.,0.));
#10891 = FACE_BOUND('',#10892,.F.);
#10892 = EDGE_LOOP('',(#10893));
#10893 = ORIENTED_EDGE('',*,*,#10894,.T.);
#10894 = EDGE_CURVE('',#10895,#10895,#10897,.T.);
#10895 = VERTEX_POINT('',#10896);
#10896 = CARTESIAN_POINT('',(53.75,98.327,0.));
#10897 = CIRCLE('',#10898,0.508);
#10898 = AXIS2_PLACEMENT_3D('',#10899,#10900,#10901);
#10899 = CARTESIAN_POINT('',(53.75,98.835,0.));
#10900 = DIRECTION('',(-0.,0.,-1.));
#10901 = DIRECTION('',(-0.,-1.,0.));
#10902 = FACE_BOUND('',#10903,.F.);
#10903 = EDGE_LOOP('',(#10904));
#10904 = ORIENTED_EDGE('',*,*,#10905,.T.);
#10905 = EDGE_CURVE('',#10906,#10906,#10908,.T.);
#10906 = VERTEX_POINT('',#10907);
#10907 = CARTESIAN_POINT('',(45.91,100.475,0.));
#10908 = CIRCLE('',#10909,0.45);
#10909 = AXIS2_PLACEMENT_3D('',#10910,#10911,#10912);
#10910 = CARTESIAN_POINT('',(45.91,100.925,0.));
#10911 = DIRECTION('',(-0.,0.,-1.));
#10912 = DIRECTION('',(-0.,-1.,0.));
#10913 = FACE_BOUND('',#10914,.F.);
#10914 = EDGE_LOOP('',(#10915));
#10915 = ORIENTED_EDGE('',*,*,#10916,.T.);
#10916 = EDGE_CURVE('',#10917,#10917,#10919,.T.);
#10917 = VERTEX_POINT('',#10918);
#10918 = CARTESIAN_POINT('',(45.3385,103.635,0.));
#10919 = CIRCLE('',#10920,1.1);
#10920 = AXIS2_PLACEMENT_3D('',#10921,#10922,#10923);
#10921 = CARTESIAN_POINT('',(45.3385,104.735,0.));
#10922 = DIRECTION('',(-0.,0.,-1.));
#10923 = DIRECTION('',(6.459479416001E-15,-1.,-0.));
#10924 = FACE_BOUND('',#10925,.F.);
#10925 = EDGE_LOOP('',(#10926));
#10926 = ORIENTED_EDGE('',*,*,#10927,.T.);
#10927 = EDGE_CURVE('',#10928,#10928,#10930,.T.);
#10928 = VERTEX_POINT('',#10929);
#10929 = CARTESIAN_POINT('',(53.75,100.867,0.));
#10930 = CIRCLE('',#10931,0.508);
#10931 = AXIS2_PLACEMENT_3D('',#10932,#10933,#10934);
#10932 = CARTESIAN_POINT('',(53.75,101.375,0.));
#10933 = DIRECTION('',(-0.,0.,-1.));
#10934 = DIRECTION('',(-0.,-1.,0.));
#10935 = FACE_BOUND('',#10936,.F.);
#10936 = EDGE_LOOP('',(#10937));
#10937 = ORIENTED_EDGE('',*,*,#10938,.T.);
#10938 = EDGE_CURVE('',#10939,#10939,#10941,.T.);
#10939 = VERTEX_POINT('',#10940);
#10940 = CARTESIAN_POINT('',(53.75,103.407,0.));
#10941 = CIRCLE('',#10942,0.508);
#10942 = AXIS2_PLACEMENT_3D('',#10943,#10944,#10945);
#10943 = CARTESIAN_POINT('',(53.75,103.915,0.));
#10944 = DIRECTION('',(-0.,0.,-1.));
#10945 = DIRECTION('',(-0.,-1.,0.));
#10946 = FACE_BOUND('',#10947,.F.);
#10947 = EDGE_LOOP('',(#10948));
#10948 = ORIENTED_EDGE('',*,*,#10949,.T.);
#10949 = EDGE_CURVE('',#10950,#10950,#10952,.T.);
#10950 = VERTEX_POINT('',#10951);
#10951 = CARTESIAN_POINT('',(69.94,83.475,0.));
#10952 = CIRCLE('',#10953,0.4);
#10953 = AXIS2_PLACEMENT_3D('',#10954,#10955,#10956);
#10954 = CARTESIAN_POINT('',(69.94,83.875,0.));
#10955 = DIRECTION('',(-0.,0.,-1.));
#10956 = DIRECTION('',(-0.,-1.,0.));
#10957 = FACE_BOUND('',#10958,.F.);
#10958 = EDGE_LOOP('',(#10959));
#10959 = ORIENTED_EDGE('',*,*,#10960,.T.);
#10960 = EDGE_CURVE('',#10961,#10961,#10963,.T.);
#10961 = VERTEX_POINT('',#10962);
#10962 = CARTESIAN_POINT('',(63.91,90.707,0.));
#10963 = CIRCLE('',#10964,0.508);
#10964 = AXIS2_PLACEMENT_3D('',#10965,#10966,#10967);
#10965 = CARTESIAN_POINT('',(63.91,91.215,0.));
#10966 = DIRECTION('',(-0.,0.,-1.));
#10967 = DIRECTION('',(-1.398706172756E-14,-1.,0.));
#10968 = FACE_BOUND('',#10969,.F.);
#10969 = EDGE_LOOP('',(#10970));
#10970 = ORIENTED_EDGE('',*,*,#10971,.T.);
#10971 = EDGE_CURVE('',#10972,#10972,#10974,.T.);
#10972 = VERTEX_POINT('',#10973);
#10973 = CARTESIAN_POINT('',(63.91,93.247,0.));
#10974 = CIRCLE('',#10975,0.508);
#10975 = AXIS2_PLACEMENT_3D('',#10976,#10977,#10978);
#10976 = CARTESIAN_POINT('',(63.91,93.755,0.));
#10977 = DIRECTION('',(-0.,0.,-1.));
#10978 = DIRECTION('',(-1.398706172756E-14,-1.,0.));
#10979 = FACE_BOUND('',#10980,.F.);
#10980 = EDGE_LOOP('',(#10981));
#10981 = ORIENTED_EDGE('',*,*,#10982,.T.);
#10982 = EDGE_CURVE('',#10983,#10983,#10985,.T.);
#10983 = VERTEX_POINT('',#10984);
#10984 = CARTESIAN_POINT('',(69.94,87.475,0.));
#10985 = CIRCLE('',#10986,0.4);
#10986 = AXIS2_PLACEMENT_3D('',#10987,#10988,#10989);
#10987 = CARTESIAN_POINT('',(69.94,87.875,0.));
#10988 = DIRECTION('',(-0.,0.,-1.));
#10989 = DIRECTION('',(-0.,-1.,0.));
#10990 = FACE_BOUND('',#10991,.F.);
#10991 = EDGE_LOOP('',(#10992));
#10992 = ORIENTED_EDGE('',*,*,#10993,.T.);
#10993 = EDGE_CURVE('',#10994,#10994,#10996,.T.);
#10994 = VERTEX_POINT('',#10995);
#10995 = CARTESIAN_POINT('',(77.56,83.475,0.));
#10996 = CIRCLE('',#10997,0.4);
#10997 = AXIS2_PLACEMENT_3D('',#10998,#10999,#11000);
#10998 = CARTESIAN_POINT('',(77.56,83.875,0.));
#10999 = DIRECTION('',(-0.,0.,-1.));
#11000 = DIRECTION('',(-0.,-1.,0.));
#11001 = FACE_BOUND('',#11002,.F.);
#11002 = EDGE_LOOP('',(#11003));
#11003 = ORIENTED_EDGE('',*,*,#11004,.T.);
#11004 = EDGE_CURVE('',#11005,#11005,#11007,.T.);
#11005 = VERTEX_POINT('',#11006);
#11006 = CARTESIAN_POINT('',(83.25,82.4,0.));
#11007 = CIRCLE('',#11008,0.475);
#11008 = AXIS2_PLACEMENT_3D('',#11009,#11010,#11011);
#11009 = CARTESIAN_POINT('',(83.25,82.875,0.));
#11010 = DIRECTION('',(-0.,0.,-1.));
#11011 = DIRECTION('',(-0.,-1.,0.));
#11012 = FACE_BOUND('',#11013,.F.);
#11013 = EDGE_LOOP('',(#11014));
#11014 = ORIENTED_EDGE('',*,*,#11015,.T.);
#11015 = EDGE_CURVE('',#11016,#11016,#11018,.T.);
#11016 = VERTEX_POINT('',#11017);
#11017 = CARTESIAN_POINT('',(83.25,84.9,0.));
#11018 = CIRCLE('',#11019,0.475);
#11019 = AXIS2_PLACEMENT_3D('',#11020,#11021,#11022);
#11020 = CARTESIAN_POINT('',(83.25,85.375,0.));
#11021 = DIRECTION('',(-0.,0.,-1.));
#11022 = DIRECTION('',(-0.,-1.,0.));
#11023 = FACE_BOUND('',#11024,.F.);
#11024 = EDGE_LOOP('',(#11025));
#11025 = ORIENTED_EDGE('',*,*,#11026,.T.);
#11026 = EDGE_CURVE('',#11027,#11027,#11029,.T.);
#11027 = VERTEX_POINT('',#11028);
#11028 = CARTESIAN_POINT('',(77.56,87.475,0.));
#11029 = CIRCLE('',#11030,0.4);
#11030 = AXIS2_PLACEMENT_3D('',#11031,#11032,#11033);
#11031 = CARTESIAN_POINT('',(77.56,87.875,0.));
#11032 = DIRECTION('',(-0.,0.,-1.));
#11033 = DIRECTION('',(-0.,-1.,0.));
#11034 = FACE_BOUND('',#11035,.F.);
#11035 = EDGE_LOOP('',(#11036));
#11036 = ORIENTED_EDGE('',*,*,#11037,.T.);
#11037 = EDGE_CURVE('',#11038,#11038,#11040,.T.);
#11038 = VERTEX_POINT('',#11039);
#11039 = CARTESIAN_POINT('',(83.25,87.4,0.));
#11040 = CIRCLE('',#11041,0.475);
#11041 = AXIS2_PLACEMENT_3D('',#11042,#11043,#11044);
#11042 = CARTESIAN_POINT('',(83.25,87.875,0.));
#11043 = DIRECTION('',(-0.,0.,-1.));
#11044 = DIRECTION('',(-0.,-1.,0.));
#11045 = FACE_BOUND('',#11046,.F.);
#11046 = EDGE_LOOP('',(#11047));
#11047 = ORIENTED_EDGE('',*,*,#11048,.T.);
#11048 = EDGE_CURVE('',#11049,#11049,#11051,.T.);
#11049 = VERTEX_POINT('',#11050);
#11050 = CARTESIAN_POINT('',(63.91,95.787,0.));
#11051 = CIRCLE('',#11052,0.508);
#11052 = AXIS2_PLACEMENT_3D('',#11053,#11054,#11055);
#11053 = CARTESIAN_POINT('',(63.91,96.295,0.));
#11054 = DIRECTION('',(-0.,0.,-1.));
#11055 = DIRECTION('',(-1.398706172756E-14,-1.,0.));
#11056 = FACE_BOUND('',#11057,.F.);
#11057 = EDGE_LOOP('',(#11058));
#11058 = ORIENTED_EDGE('',*,*,#11059,.T.);
#11059 = EDGE_CURVE('',#11060,#11060,#11062,.T.);
#11060 = VERTEX_POINT('',#11061);
#11061 = CARTESIAN_POINT('',(63.91,98.327,0.));
#11062 = CIRCLE('',#11063,0.508);
#11063 = AXIS2_PLACEMENT_3D('',#11064,#11065,#11066);
#11064 = CARTESIAN_POINT('',(63.91,98.835,0.));
#11065 = DIRECTION('',(-0.,0.,-1.));
#11066 = DIRECTION('',(-1.398706172756E-14,-1.,0.));
#11067 = FACE_BOUND('',#11068,.F.);
#11068 = EDGE_LOOP('',(#11069));
#11069 = ORIENTED_EDGE('',*,*,#11070,.T.);
#11070 = EDGE_CURVE('',#11071,#11071,#11073,.T.);
#11071 = VERTEX_POINT('',#11072);
#11072 = CARTESIAN_POINT('',(70.5,97.045,0.));
#11073 = CIRCLE('',#11074,0.5);
#11074 = AXIS2_PLACEMENT_3D('',#11075,#11076,#11077);
#11075 = CARTESIAN_POINT('',(70.5,97.545,0.));
#11076 = DIRECTION('',(-0.,0.,-1.));
#11077 = DIRECTION('',(-0.,-1.,0.));
#11078 = FACE_BOUND('',#11079,.F.);
#11079 = EDGE_LOOP('',(#11080));
#11080 = ORIENTED_EDGE('',*,*,#11081,.T.);
#11081 = EDGE_CURVE('',#11082,#11082,#11084,.T.);
#11082 = VERTEX_POINT('',#11083);
#11083 = CARTESIAN_POINT('',(73.04,97.045,0.));
#11084 = CIRCLE('',#11085,0.5);
#11085 = AXIS2_PLACEMENT_3D('',#11086,#11087,#11088);
#11086 = CARTESIAN_POINT('',(73.04,97.545,0.));
#11087 = DIRECTION('',(-0.,0.,-1.));
#11088 = DIRECTION('',(-0.,-1.,0.));
#11089 = FACE_BOUND('',#11090,.F.);
#11090 = EDGE_LOOP('',(#11091));
#11091 = ORIENTED_EDGE('',*,*,#11092,.T.);
#11092 = EDGE_CURVE('',#11093,#11093,#11095,.T.);
#11093 = VERTEX_POINT('',#11094);
#11094 = CARTESIAN_POINT('',(63.91,100.867,0.));
#11095 = CIRCLE('',#11096,0.508);
#11096 = AXIS2_PLACEMENT_3D('',#11097,#11098,#11099);
#11097 = CARTESIAN_POINT('',(63.91,101.375,0.));
#11098 = DIRECTION('',(-0.,0.,-1.));
#11099 = DIRECTION('',(-1.398706172756E-14,-1.,0.));
#11100 = FACE_BOUND('',#11101,.F.);
#11101 = EDGE_LOOP('',(#11102));
#11102 = ORIENTED_EDGE('',*,*,#11103,.T.);
#11103 = EDGE_CURVE('',#11104,#11104,#11106,.T.);
#11104 = VERTEX_POINT('',#11105);
#11105 = CARTESIAN_POINT('',(63.91,103.407,0.));
#11106 = CIRCLE('',#11107,0.508);
#11107 = AXIS2_PLACEMENT_3D('',#11108,#11109,#11110);
#11108 = CARTESIAN_POINT('',(63.91,103.915,0.));
#11109 = DIRECTION('',(-0.,0.,-1.));
#11110 = DIRECTION('',(-1.398706172756E-14,-1.,0.));
#11111 = FACE_BOUND('',#11112,.F.);
#11112 = EDGE_LOOP('',(#11113));
#11113 = ORIENTED_EDGE('',*,*,#11114,.T.);
#11114 = EDGE_CURVE('',#11115,#11115,#11117,.T.);
#11115 = VERTEX_POINT('',#11116);
#11116 = CARTESIAN_POINT('',(70.5,99.585,0.));
#11117 = CIRCLE('',#11118,0.5);
#11118 = AXIS2_PLACEMENT_3D('',#11119,#11120,#11121);
#11119 = CARTESIAN_POINT('',(70.5,100.085,0.));
#11120 = DIRECTION('',(-0.,0.,-1.));
#11121 = DIRECTION('',(-0.,-1.,0.));
#11122 = FACE_BOUND('',#11123,.F.);
#11123 = EDGE_LOOP('',(#11124));
#11124 = ORIENTED_EDGE('',*,*,#11125,.T.);
#11125 = EDGE_CURVE('',#11126,#11126,#11128,.T.);
#11126 = VERTEX_POINT('',#11127);
#11127 = CARTESIAN_POINT('',(70.5,102.125,0.));
#11128 = CIRCLE('',#11129,0.5);
#11129 = AXIS2_PLACEMENT_3D('',#11130,#11131,#11132);
#11130 = CARTESIAN_POINT('',(70.5,102.625,0.));
#11131 = DIRECTION('',(-0.,0.,-1.));
#11132 = DIRECTION('',(-0.,-1.,0.));
#11133 = FACE_BOUND('',#11134,.F.);
#11134 = EDGE_LOOP('',(#11135));
#11135 = ORIENTED_EDGE('',*,*,#11136,.T.);
#11136 = EDGE_CURVE('',#11137,#11137,#11139,.T.);
#11137 = VERTEX_POINT('',#11138);
#11138 = CARTESIAN_POINT('',(73.04,99.585,0.));
#11139 = CIRCLE('',#11140,0.5);
#11140 = AXIS2_PLACEMENT_3D('',#11141,#11142,#11143);
#11141 = CARTESIAN_POINT('',(73.04,100.085,0.));
#11142 = DIRECTION('',(-0.,0.,-1.));
#11143 = DIRECTION('',(-0.,-1.,0.));
#11144 = FACE_BOUND('',#11145,.F.);
#11145 = EDGE_LOOP('',(#11146));
#11146 = ORIENTED_EDGE('',*,*,#11147,.T.);
#11147 = EDGE_CURVE('',#11148,#11148,#11150,.T.);
#11148 = VERTEX_POINT('',#11149);
#11149 = CARTESIAN_POINT('',(73.04,102.125,0.));
#11150 = CIRCLE('',#11151,0.5);
#11151 = AXIS2_PLACEMENT_3D('',#11152,#11153,#11154);
#11152 = CARTESIAN_POINT('',(73.04,102.625,0.));
#11153 = DIRECTION('',(-0.,0.,-1.));
#11154 = DIRECTION('',(-0.,-1.,0.));
#11155 = FACE_BOUND('',#11156,.F.);
#11156 = EDGE_LOOP('',(#11157));
#11157 = ORIENTED_EDGE('',*,*,#11158,.T.);
#11158 = EDGE_CURVE('',#11159,#11159,#11161,.T.);
#11159 = VERTEX_POINT('',#11160);
#11160 = CARTESIAN_POINT('',(78.52,94.438,0.));
#11161 = CIRCLE('',#11162,0.75);
#11162 = AXIS2_PLACEMENT_3D('',#11163,#11164,#11165);
#11163 = CARTESIAN_POINT('',(78.52,95.188,0.));
#11164 = DIRECTION('',(-0.,0.,-1.));
#11165 = DIRECTION('',(-0.,-1.,0.));
#11166 = FACE_BOUND('',#11167,.F.);
#11167 = EDGE_LOOP('',(#11168));
#11168 = ORIENTED_EDGE('',*,*,#11169,.T.);
#11169 = EDGE_CURVE('',#11170,#11170,#11172,.T.);
#11170 = VERTEX_POINT('',#11171);
#11171 = CARTESIAN_POINT('',(93.5,94.438,0.));
#11172 = CIRCLE('',#11173,0.75);
#11173 = AXIS2_PLACEMENT_3D('',#11174,#11175,#11176);
#11174 = CARTESIAN_POINT('',(93.5,95.188,0.));
#11175 = DIRECTION('',(-0.,0.,-1.));
#11176 = DIRECTION('',(-0.,-1.,0.));
#11177 = FACE_BOUND('',#11178,.F.);
#11178 = EDGE_LOOP('',(#11179));
#11179 = ORIENTED_EDGE('',*,*,#11180,.T.);
#11180 = EDGE_CURVE('',#11181,#11181,#11183,.T.);
#11181 = VERTEX_POINT('',#11182);
#11182 = CARTESIAN_POINT('',(78.52,102.558,0.));
#11183 = CIRCLE('',#11184,0.75);
#11184 = AXIS2_PLACEMENT_3D('',#11185,#11186,#11187);
#11185 = CARTESIAN_POINT('',(78.52,103.308,0.));
#11186 = DIRECTION('',(-0.,0.,-1.));
#11187 = DIRECTION('',(-0.,-1.,0.));
#11188 = FACE_BOUND('',#11189,.F.);
#11189 = EDGE_LOOP('',(#11190));
#11190 = ORIENTED_EDGE('',*,*,#11191,.T.);
#11191 = EDGE_CURVE('',#11192,#11192,#11194,.T.);
#11192 = VERTEX_POINT('',#11193);
#11193 = CARTESIAN_POINT('',(93.5,102.538,0.));
#11194 = CIRCLE('',#11195,0.77);
#11195 = AXIS2_PLACEMENT_3D('',#11196,#11197,#11198);
#11196 = CARTESIAN_POINT('',(93.5,103.308,0.));
#11197 = DIRECTION('',(-0.,0.,-1.));
#11198 = DIRECTION('',(-0.,-1.,0.));
#11199 = PLANE('',#11200);
#11200 = AXIS2_PLACEMENT_3D('',#11201,#11202,#11203);
#11201 = CARTESIAN_POINT('',(0.,0.,0.));
#11202 = DIRECTION('',(0.,0.,1.));
#11203 = DIRECTION('',(1.,0.,-0.));
#11204 = ADVANCED_FACE('',(#11205,#11216,#11227,#11238,#11249,#11260,
    #11271,#11282,#11293,#11304,#11315,#11326,#11337,#11348,#11359,
    #11370,#11381,#11392,#11403,#11414,#11425,#11436,#11447,#11458,
    #11469,#11480,#11491,#11502,#11513,#11524,#11535,#11546,#11557,
    #11568,#11579,#11590,#11601,#11612,#11623,#11634,#11645,#11656,
    #11667,#11678,#11689,#11700,#11711,#11722,#11733,#11744,#11755,
    #11766,#11777,#11788,#11799,#11810,#11821,#11832,#11843,#11854,
    #11865,#11876,#11887,#11898,#11909,#11920,#11931,#11942,#11953,
    #11964,#11975,#11986,#11997,#12008,#12019,#12030,#12041,#12052,
    #12063,#12074),#12085,.T.);
#11205 = FACE_BOUND('',#11206,.T.);
#11206 = EDGE_LOOP('',(#11207,#11208,#11209,#11215));
#11207 = ORIENTED_EDGE('',*,*,#10230,.F.);
#11208 = ORIENTED_EDGE('',*,*,#10270,.F.);
#11209 = ORIENTED_EDGE('',*,*,#11210,.F.);
#11210 = EDGE_CURVE('',#10293,#10263,#11211,.T.);
#11211 = LINE('',#11212,#11213);
#11212 = CARTESIAN_POINT('',(21.75,114.475,1.51));
#11213 = VECTOR('',#11214,1.);
#11214 = DIRECTION('',(1.,0.,0.));
#11215 = ORIENTED_EDGE('',*,*,#10292,.F.);
#11216 = FACE_BOUND('',#11217,.T.);
#11217 = EDGE_LOOP('',(#11218));
#11218 = ORIENTED_EDGE('',*,*,#11219,.T.);
#11219 = EDGE_CURVE('',#11220,#11220,#11222,.T.);
#11220 = VERTEX_POINT('',#11221);
#11221 = CARTESIAN_POINT('',(26.86,57.765,1.51));
#11222 = CIRCLE('',#11223,1.25);
#11223 = AXIS2_PLACEMENT_3D('',#11224,#11225,#11226);
#11224 = CARTESIAN_POINT('',(26.86,59.015,1.51));
#11225 = DIRECTION('',(-0.,0.,-1.));
#11226 = DIRECTION('',(-0.,-1.,0.));
#11227 = FACE_BOUND('',#11228,.T.);
#11228 = EDGE_LOOP('',(#11229));
#11229 = ORIENTED_EDGE('',*,*,#11230,.T.);
#11230 = EDGE_CURVE('',#11231,#11231,#11233,.T.);
#11231 = VERTEX_POINT('',#11232);
#11232 = CARTESIAN_POINT('',(44.64,57.765,1.51));
#11233 = CIRCLE('',#11234,1.25);
#11234 = AXIS2_PLACEMENT_3D('',#11235,#11236,#11237);
#11235 = CARTESIAN_POINT('',(44.64,59.015,1.51));
#11236 = DIRECTION('',(-0.,0.,-1.));
#11237 = DIRECTION('',(-0.,-1.,0.));
#11238 = FACE_BOUND('',#11239,.T.);
#11239 = EDGE_LOOP('',(#11240));
#11240 = ORIENTED_EDGE('',*,*,#11241,.T.);
#11241 = EDGE_CURVE('',#11242,#11242,#11244,.T.);
#11242 = VERTEX_POINT('',#11243);
#11243 = CARTESIAN_POINT('',(45.91,62.375,1.51));
#11244 = CIRCLE('',#11245,0.45);
#11245 = AXIS2_PLACEMENT_3D('',#11246,#11247,#11248);
#11246 = CARTESIAN_POINT('',(45.91,62.825,1.51));
#11247 = DIRECTION('',(-0.,0.,-1.));
#11248 = DIRECTION('',(-0.,-1.,0.));
#11249 = FACE_BOUND('',#11250,.T.);
#11250 = EDGE_LOOP('',(#11251));
#11251 = ORIENTED_EDGE('',*,*,#11252,.T.);
#11252 = EDGE_CURVE('',#11253,#11253,#11255,.T.);
#11253 = VERTEX_POINT('',#11254);
#11254 = CARTESIAN_POINT('',(56.295,57.8882,1.51));
#11255 = CIRCLE('',#11256,1.25);
#11256 = AXIS2_PLACEMENT_3D('',#11257,#11258,#11259);
#11257 = CARTESIAN_POINT('',(56.295,59.1382,1.51));
#11258 = DIRECTION('',(-0.,0.,-1.));
#11259 = DIRECTION('',(-0.,-1.,0.));
#11260 = FACE_BOUND('',#11261,.T.);
#11261 = EDGE_LOOP('',(#11262));
#11262 = ORIENTED_EDGE('',*,*,#11263,.T.);
#11263 = EDGE_CURVE('',#11264,#11264,#11266,.T.);
#11264 = VERTEX_POINT('',#11265);
#11265 = CARTESIAN_POINT('',(45.91,64.915,1.51));
#11266 = CIRCLE('',#11267,0.45);
#11267 = AXIS2_PLACEMENT_3D('',#11268,#11269,#11270);
#11268 = CARTESIAN_POINT('',(45.91,65.365,1.51));
#11269 = DIRECTION('',(-0.,0.,-1.));
#11270 = DIRECTION('',(-0.,-1.,0.));
#11271 = FACE_BOUND('',#11272,.T.);
#11272 = EDGE_LOOP('',(#11273));
#11273 = ORIENTED_EDGE('',*,*,#11274,.T.);
#11274 = EDGE_CURVE('',#11275,#11275,#11277,.T.);
#11275 = VERTEX_POINT('',#11276);
#11276 = CARTESIAN_POINT('',(45.91,67.455,1.51));
#11277 = CIRCLE('',#11278,0.45);
#11278 = AXIS2_PLACEMENT_3D('',#11279,#11280,#11281);
#11279 = CARTESIAN_POINT('',(45.91,67.905,1.51));
#11280 = DIRECTION('',(-0.,0.,-1.));
#11281 = DIRECTION('',(-0.,-1.,0.));
#11282 = FACE_BOUND('',#11283,.T.);
#11283 = EDGE_LOOP('',(#11284));
#11284 = ORIENTED_EDGE('',*,*,#11285,.T.);
#11285 = EDGE_CURVE('',#11286,#11286,#11288,.T.);
#11286 = VERTEX_POINT('',#11287);
#11287 = CARTESIAN_POINT('',(25.59,72.535,1.51));
#11288 = CIRCLE('',#11289,0.45);
#11289 = AXIS2_PLACEMENT_3D('',#11290,#11291,#11292);
#11290 = CARTESIAN_POINT('',(25.59,72.985,1.51));
#11291 = DIRECTION('',(-0.,0.,-1.));
#11292 = DIRECTION('',(-0.,-1.,0.));
#11293 = FACE_BOUND('',#11294,.T.);
#11294 = EDGE_LOOP('',(#11295));
#11295 = ORIENTED_EDGE('',*,*,#11296,.T.);
#11296 = EDGE_CURVE('',#11297,#11297,#11299,.T.);
#11297 = VERTEX_POINT('',#11298);
#11298 = CARTESIAN_POINT('',(25.59,75.075,1.51));
#11299 = CIRCLE('',#11300,0.45);
#11300 = AXIS2_PLACEMENT_3D('',#11301,#11302,#11303);
#11301 = CARTESIAN_POINT('',(25.59,75.525,1.51));
#11302 = DIRECTION('',(-0.,0.,-1.));
#11303 = DIRECTION('',(-0.,-1.,0.));
#11304 = FACE_BOUND('',#11305,.T.);
#11305 = EDGE_LOOP('',(#11306));
#11306 = ORIENTED_EDGE('',*,*,#11307,.T.);
#11307 = EDGE_CURVE('',#11308,#11308,#11310,.T.);
#11308 = VERTEX_POINT('',#11309);
#11309 = CARTESIAN_POINT('',(25.59,77.615,1.51));
#11310 = CIRCLE('',#11311,0.45);
#11311 = AXIS2_PLACEMENT_3D('',#11312,#11313,#11314);
#11312 = CARTESIAN_POINT('',(25.59,78.065,1.51));
#11313 = DIRECTION('',(-0.,0.,-1.));
#11314 = DIRECTION('',(-0.,-1.,0.));
#11315 = FACE_BOUND('',#11316,.T.);
#11316 = EDGE_LOOP('',(#11317));
#11317 = ORIENTED_EDGE('',*,*,#11318,.T.);
#11318 = EDGE_CURVE('',#11319,#11319,#11321,.T.);
#11319 = VERTEX_POINT('',#11320);
#11320 = CARTESIAN_POINT('',(25.59,80.155,1.51));
#11321 = CIRCLE('',#11322,0.45);
#11322 = AXIS2_PLACEMENT_3D('',#11323,#11324,#11325);
#11323 = CARTESIAN_POINT('',(25.59,80.605,1.51));
#11324 = DIRECTION('',(-0.,0.,-1.));
#11325 = DIRECTION('',(-0.,-1.,0.));
#11326 = FACE_BOUND('',#11327,.T.);
#11327 = EDGE_LOOP('',(#11328));
#11328 = ORIENTED_EDGE('',*,*,#11329,.T.);
#11329 = EDGE_CURVE('',#11330,#11330,#11332,.T.);
#11330 = VERTEX_POINT('',#11331);
#11331 = CARTESIAN_POINT('',(45.91,69.995,1.51));
#11332 = CIRCLE('',#11333,0.45);
#11333 = AXIS2_PLACEMENT_3D('',#11334,#11335,#11336);
#11334 = CARTESIAN_POINT('',(45.91,70.445,1.51));
#11335 = DIRECTION('',(-0.,0.,-1.));
#11336 = DIRECTION('',(-0.,-1.,0.));
#11337 = FACE_BOUND('',#11338,.T.);
#11338 = EDGE_LOOP('',(#11339));
#11339 = ORIENTED_EDGE('',*,*,#11340,.T.);
#11340 = EDGE_CURVE('',#11341,#11341,#11343,.T.);
#11341 = VERTEX_POINT('',#11342);
#11342 = CARTESIAN_POINT('',(45.91,72.535,1.51));
#11343 = CIRCLE('',#11344,0.45);
#11344 = AXIS2_PLACEMENT_3D('',#11345,#11346,#11347);
#11345 = CARTESIAN_POINT('',(45.91,72.985,1.51));
#11346 = DIRECTION('',(-0.,0.,-1.));
#11347 = DIRECTION('',(-0.,-1.,0.));
#11348 = FACE_BOUND('',#11349,.T.);
#11349 = EDGE_LOOP('',(#11350));
#11350 = ORIENTED_EDGE('',*,*,#11351,.T.);
#11351 = EDGE_CURVE('',#11352,#11352,#11354,.T.);
#11352 = VERTEX_POINT('',#11353);
#11353 = CARTESIAN_POINT('',(45.91,75.075,1.51));
#11354 = CIRCLE('',#11355,0.45);
#11355 = AXIS2_PLACEMENT_3D('',#11356,#11357,#11358);
#11356 = CARTESIAN_POINT('',(45.91,75.525,1.51));
#11357 = DIRECTION('',(-0.,0.,-1.));
#11358 = DIRECTION('',(-0.,-1.,0.));
#11359 = FACE_BOUND('',#11360,.T.);
#11360 = EDGE_LOOP('',(#11361));
#11361 = ORIENTED_EDGE('',*,*,#11362,.T.);
#11362 = EDGE_CURVE('',#11363,#11363,#11365,.T.);
#11363 = VERTEX_POINT('',#11364);
#11364 = CARTESIAN_POINT('',(45.91,77.615,1.51));
#11365 = CIRCLE('',#11366,0.45);
#11366 = AXIS2_PLACEMENT_3D('',#11367,#11368,#11369);
#11367 = CARTESIAN_POINT('',(45.91,78.065,1.51));
#11368 = DIRECTION('',(-0.,0.,-1.));
#11369 = DIRECTION('',(-0.,-1.,0.));
#11370 = FACE_BOUND('',#11371,.T.);
#11371 = EDGE_LOOP('',(#11372));
#11372 = ORIENTED_EDGE('',*,*,#11373,.T.);
#11373 = EDGE_CURVE('',#11374,#11374,#11376,.T.);
#11374 = VERTEX_POINT('',#11375);
#11375 = CARTESIAN_POINT('',(45.91,80.155,1.51));
#11376 = CIRCLE('',#11377,0.45);
#11377 = AXIS2_PLACEMENT_3D('',#11378,#11379,#11380);
#11378 = CARTESIAN_POINT('',(45.91,80.605,1.51));
#11379 = DIRECTION('',(-0.,0.,-1.));
#11380 = DIRECTION('',(-0.,-1.,0.));
#11381 = FACE_BOUND('',#11382,.T.);
#11382 = EDGE_LOOP('',(#11383));
#11383 = ORIENTED_EDGE('',*,*,#11384,.T.);
#11384 = EDGE_CURVE('',#11385,#11385,#11387,.T.);
#11385 = VERTEX_POINT('',#11386);
#11386 = CARTESIAN_POINT('',(56.295,76.4182,1.51));
#11387 = CIRCLE('',#11388,0.5);
#11388 = AXIS2_PLACEMENT_3D('',#11389,#11390,#11391);
#11389 = CARTESIAN_POINT('',(56.295,76.9182,1.51));
#11390 = DIRECTION('',(-0.,0.,-1.));
#11391 = DIRECTION('',(-0.,-1.,0.));
#11392 = FACE_BOUND('',#11393,.T.);
#11393 = EDGE_LOOP('',(#11394));
#11394 = ORIENTED_EDGE('',*,*,#11395,.T.);
#11395 = EDGE_CURVE('',#11396,#11396,#11398,.T.);
#11396 = VERTEX_POINT('',#11397);
#11397 = CARTESIAN_POINT('',(58.835,76.4182,1.51));
#11398 = CIRCLE('',#11399,0.5);
#11399 = AXIS2_PLACEMENT_3D('',#11400,#11401,#11402);
#11400 = CARTESIAN_POINT('',(58.835,76.9182,1.51));
#11401 = DIRECTION('',(-0.,0.,-1.));
#11402 = DIRECTION('',(-0.,-1.,0.));
#11403 = FACE_BOUND('',#11404,.T.);
#11404 = EDGE_LOOP('',(#11405));
#11405 = ORIENTED_EDGE('',*,*,#11406,.T.);
#11406 = EDGE_CURVE('',#11407,#11407,#11409,.T.);
#11407 = VERTEX_POINT('',#11408);
#11408 = CARTESIAN_POINT('',(62.645,59.8582,1.51));
#11409 = CIRCLE('',#11410,0.55);
#11410 = AXIS2_PLACEMENT_3D('',#11411,#11412,#11413);
#11411 = CARTESIAN_POINT('',(62.645,60.4082,1.51));
#11412 = DIRECTION('',(-0.,0.,-1.));
#11413 = DIRECTION('',(1.2918958832E-14,-1.,-0.));
#11414 = FACE_BOUND('',#11415,.T.);
#11415 = EDGE_LOOP('',(#11416));
#11416 = ORIENTED_EDGE('',*,*,#11417,.T.);
#11417 = EDGE_CURVE('',#11418,#11418,#11420,.T.);
#11418 = VERTEX_POINT('',#11419);
#11419 = CARTESIAN_POINT('',(67.725,59.8582,1.51));
#11420 = CIRCLE('',#11421,0.55);
#11421 = AXIS2_PLACEMENT_3D('',#11422,#11423,#11424);
#11422 = CARTESIAN_POINT('',(67.725,60.4082,1.51));
#11423 = DIRECTION('',(-0.,0.,-1.));
#11424 = DIRECTION('',(-0.,-1.,0.));
#11425 = FACE_BOUND('',#11426,.T.);
#11426 = EDGE_LOOP('',(#11427));
#11427 = ORIENTED_EDGE('',*,*,#11428,.T.);
#11428 = EDGE_CURVE('',#11429,#11429,#11431,.T.);
#11429 = VERTEX_POINT('',#11430);
#11430 = CARTESIAN_POINT('',(74.075,57.8882,1.51));
#11431 = CIRCLE('',#11432,1.25);
#11432 = AXIS2_PLACEMENT_3D('',#11433,#11434,#11435);
#11433 = CARTESIAN_POINT('',(74.075,59.1382,1.51));
#11434 = DIRECTION('',(-0.,0.,-1.));
#11435 = DIRECTION('',(-0.,-1.,0.));
#11436 = FACE_BOUND('',#11437,.T.);
#11437 = EDGE_LOOP('',(#11438));
#11438 = ORIENTED_EDGE('',*,*,#11439,.T.);
#11439 = EDGE_CURVE('',#11440,#11440,#11442,.T.);
#11440 = VERTEX_POINT('',#11441);
#11441 = CARTESIAN_POINT('',(83.25,62.,1.51));
#11442 = CIRCLE('',#11443,0.475);
#11443 = AXIS2_PLACEMENT_3D('',#11444,#11445,#11446);
#11444 = CARTESIAN_POINT('',(83.25,62.475,1.51));
#11445 = DIRECTION('',(-0.,0.,-1.));
#11446 = DIRECTION('',(-0.,-1.,0.));
#11447 = FACE_BOUND('',#11448,.T.);
#11448 = EDGE_LOOP('',(#11449));
#11449 = ORIENTED_EDGE('',*,*,#11450,.T.);
#11450 = EDGE_CURVE('',#11451,#11451,#11453,.T.);
#11451 = VERTEX_POINT('',#11452);
#11452 = CARTESIAN_POINT('',(83.25,64.5,1.51));
#11453 = CIRCLE('',#11454,0.475);
#11454 = AXIS2_PLACEMENT_3D('',#11455,#11456,#11457);
#11455 = CARTESIAN_POINT('',(83.25,64.975,1.51));
#11456 = DIRECTION('',(-0.,0.,-1.));
#11457 = DIRECTION('',(-0.,-1.,0.));
#11458 = FACE_BOUND('',#11459,.T.);
#11459 = EDGE_LOOP('',(#11460));
#11460 = ORIENTED_EDGE('',*,*,#11461,.T.);
#11461 = EDGE_CURVE('',#11462,#11462,#11464,.T.);
#11462 = VERTEX_POINT('',#11463);
#11463 = CARTESIAN_POINT('',(83.25,67.,1.51));
#11464 = CIRCLE('',#11465,0.475);
#11465 = AXIS2_PLACEMENT_3D('',#11466,#11467,#11468);
#11466 = CARTESIAN_POINT('',(83.25,67.475,1.51));
#11467 = DIRECTION('',(-0.,0.,-1.));
#11468 = DIRECTION('',(-0.,-1.,0.));
#11469 = FACE_BOUND('',#11470,.T.);
#11470 = EDGE_LOOP('',(#11471));
#11471 = ORIENTED_EDGE('',*,*,#11472,.T.);
#11472 = EDGE_CURVE('',#11473,#11473,#11475,.T.);
#11473 = VERTEX_POINT('',#11474);
#11474 = CARTESIAN_POINT('',(61.375,76.4182,1.51));
#11475 = CIRCLE('',#11476,0.5);
#11476 = AXIS2_PLACEMENT_3D('',#11477,#11478,#11479);
#11477 = CARTESIAN_POINT('',(61.375,76.9182,1.51));
#11478 = DIRECTION('',(-0.,0.,-1.));
#11479 = DIRECTION('',(-0.,-1.,0.));
#11480 = FACE_BOUND('',#11481,.T.);
#11481 = EDGE_LOOP('',(#11482));
#11482 = ORIENTED_EDGE('',*,*,#11483,.T.);
#11483 = EDGE_CURVE('',#11484,#11484,#11486,.T.);
#11484 = VERTEX_POINT('',#11485);
#11485 = CARTESIAN_POINT('',(63.915,76.4182,1.51));
#11486 = CIRCLE('',#11487,0.5);
#11487 = AXIS2_PLACEMENT_3D('',#11488,#11489,#11490);
#11488 = CARTESIAN_POINT('',(63.915,76.9182,1.51));
#11489 = DIRECTION('',(-0.,0.,-1.));
#11490 = DIRECTION('',(-1.42108547152E-14,-1.,0.));
#11491 = FACE_BOUND('',#11492,.T.);
#11492 = EDGE_LOOP('',(#11493));
#11493 = ORIENTED_EDGE('',*,*,#11494,.T.);
#11494 = EDGE_CURVE('',#11495,#11495,#11497,.T.);
#11495 = VERTEX_POINT('',#11496);
#11496 = CARTESIAN_POINT('',(66.455,76.4182,1.51));
#11497 = CIRCLE('',#11498,0.5);
#11498 = AXIS2_PLACEMENT_3D('',#11499,#11500,#11501);
#11499 = CARTESIAN_POINT('',(66.455,76.9182,1.51));
#11500 = DIRECTION('',(-0.,0.,-1.));
#11501 = DIRECTION('',(-0.,-1.,0.));
#11502 = FACE_BOUND('',#11503,.T.);
#11503 = EDGE_LOOP('',(#11504));
#11504 = ORIENTED_EDGE('',*,*,#11505,.T.);
#11505 = EDGE_CURVE('',#11506,#11506,#11508,.T.);
#11506 = VERTEX_POINT('',#11507);
#11507 = CARTESIAN_POINT('',(68.995,76.4182,1.51));
#11508 = CIRCLE('',#11509,0.5);
#11509 = AXIS2_PLACEMENT_3D('',#11510,#11511,#11512);
#11510 = CARTESIAN_POINT('',(68.995,76.9182,1.51));
#11511 = DIRECTION('',(-0.,0.,-1.));
#11512 = DIRECTION('',(-0.,-1.,0.));
#11513 = FACE_BOUND('',#11514,.T.);
#11514 = EDGE_LOOP('',(#11515));
#11515 = ORIENTED_EDGE('',*,*,#11516,.T.);
#11516 = EDGE_CURVE('',#11517,#11517,#11519,.T.);
#11517 = VERTEX_POINT('',#11518);
#11518 = CARTESIAN_POINT('',(71.535,76.4182,1.51));
#11519 = CIRCLE('',#11520,0.5);
#11520 = AXIS2_PLACEMENT_3D('',#11521,#11522,#11523);
#11521 = CARTESIAN_POINT('',(71.535,76.9182,1.51));
#11522 = DIRECTION('',(-0.,0.,-1.));
#11523 = DIRECTION('',(-0.,-1.,0.));
#11524 = FACE_BOUND('',#11525,.T.);
#11525 = EDGE_LOOP('',(#11526));
#11526 = ORIENTED_EDGE('',*,*,#11527,.T.);
#11527 = EDGE_CURVE('',#11528,#11528,#11530,.T.);
#11528 = VERTEX_POINT('',#11529);
#11529 = CARTESIAN_POINT('',(74.075,76.4182,1.51));
#11530 = CIRCLE('',#11531,0.5);
#11531 = AXIS2_PLACEMENT_3D('',#11532,#11533,#11534);
#11532 = CARTESIAN_POINT('',(74.075,76.9182,1.51));
#11533 = DIRECTION('',(-0.,0.,-1.));
#11534 = DIRECTION('',(-0.,-1.,0.));
#11535 = FACE_BOUND('',#11536,.T.);
#11536 = EDGE_LOOP('',(#11537));
#11537 = ORIENTED_EDGE('',*,*,#11538,.T.);
#11538 = EDGE_CURVE('',#11539,#11539,#11541,.T.);
#11539 = VERTEX_POINT('',#11540);
#11540 = CARTESIAN_POINT('',(83.25,69.5,1.51));
#11541 = CIRCLE('',#11542,0.475);
#11542 = AXIS2_PLACEMENT_3D('',#11543,#11544,#11545);
#11543 = CARTESIAN_POINT('',(83.25,69.975,1.51));
#11544 = DIRECTION('',(-0.,0.,-1.));
#11545 = DIRECTION('',(-0.,-1.,0.));
#11546 = FACE_BOUND('',#11547,.T.);
#11547 = EDGE_LOOP('',(#11548));
#11548 = ORIENTED_EDGE('',*,*,#11549,.T.);
#11549 = EDGE_CURVE('',#11550,#11550,#11552,.T.);
#11550 = VERTEX_POINT('',#11551);
#11551 = CARTESIAN_POINT('',(83.25,77.4,1.51));
#11552 = CIRCLE('',#11553,0.475);
#11553 = AXIS2_PLACEMENT_3D('',#11554,#11555,#11556);
#11554 = CARTESIAN_POINT('',(83.25,77.875,1.51));
#11555 = DIRECTION('',(-0.,0.,-1.));
#11556 = DIRECTION('',(-0.,-1.,0.));
#11557 = FACE_BOUND('',#11558,.T.);
#11558 = EDGE_LOOP('',(#11559));
#11559 = ORIENTED_EDGE('',*,*,#11560,.T.);
#11560 = EDGE_CURVE('',#11561,#11561,#11563,.T.);
#11561 = VERTEX_POINT('',#11562);
#11562 = CARTESIAN_POINT('',(83.25,79.9,1.51));
#11563 = CIRCLE('',#11564,0.475);
#11564 = AXIS2_PLACEMENT_3D('',#11565,#11566,#11567);
#11565 = CARTESIAN_POINT('',(83.25,80.375,1.51));
#11566 = DIRECTION('',(-0.,0.,-1.));
#11567 = DIRECTION('',(-0.,-1.,0.));
#11568 = FACE_BOUND('',#11569,.T.);
#11569 = EDGE_LOOP('',(#11570));
#11570 = ORIENTED_EDGE('',*,*,#11571,.T.);
#11571 = EDGE_CURVE('',#11572,#11572,#11574,.T.);
#11572 = VERTEX_POINT('',#11573);
#11573 = CARTESIAN_POINT('',(25.59,82.695,1.51));
#11574 = CIRCLE('',#11575,0.45);
#11575 = AXIS2_PLACEMENT_3D('',#11576,#11577,#11578);
#11576 = CARTESIAN_POINT('',(25.59,83.145,1.51));
#11577 = DIRECTION('',(-0.,0.,-1.));
#11578 = DIRECTION('',(-0.,-1.,0.));
#11579 = FACE_BOUND('',#11580,.T.);
#11580 = EDGE_LOOP('',(#11581));
#11581 = ORIENTED_EDGE('',*,*,#11582,.T.);
#11582 = EDGE_CURVE('',#11583,#11583,#11585,.T.);
#11583 = VERTEX_POINT('',#11584);
#11584 = CARTESIAN_POINT('',(25.59,85.235,1.51));
#11585 = CIRCLE('',#11586,0.45);
#11586 = AXIS2_PLACEMENT_3D('',#11587,#11588,#11589);
#11587 = CARTESIAN_POINT('',(25.59,85.685,1.51));
#11588 = DIRECTION('',(-0.,0.,-1.));
#11589 = DIRECTION('',(-0.,-1.,0.));
#11590 = FACE_BOUND('',#11591,.T.);
#11591 = EDGE_LOOP('',(#11592));
#11592 = ORIENTED_EDGE('',*,*,#11593,.T.);
#11593 = EDGE_CURVE('',#11594,#11594,#11596,.T.);
#11594 = VERTEX_POINT('',#11595);
#11595 = CARTESIAN_POINT('',(25.59,87.775,1.51));
#11596 = CIRCLE('',#11597,0.45);
#11597 = AXIS2_PLACEMENT_3D('',#11598,#11599,#11600);
#11598 = CARTESIAN_POINT('',(25.59,88.225,1.51));
#11599 = DIRECTION('',(-0.,0.,-1.));
#11600 = DIRECTION('',(-0.,-1.,0.));
#11601 = FACE_BOUND('',#11602,.T.);
#11602 = EDGE_LOOP('',(#11603));
#11603 = ORIENTED_EDGE('',*,*,#11604,.T.);
#11604 = EDGE_CURVE('',#11605,#11605,#11607,.T.);
#11605 = VERTEX_POINT('',#11606);
#11606 = CARTESIAN_POINT('',(25.59,90.315,1.51));
#11607 = CIRCLE('',#11608,0.45);
#11608 = AXIS2_PLACEMENT_3D('',#11609,#11610,#11611);
#11609 = CARTESIAN_POINT('',(25.59,90.765,1.51));
#11610 = DIRECTION('',(-0.,0.,-1.));
#11611 = DIRECTION('',(-0.,-1.,0.));
#11612 = FACE_BOUND('',#11613,.T.);
#11613 = EDGE_LOOP('',(#11614));
#11614 = ORIENTED_EDGE('',*,*,#11615,.T.);
#11615 = EDGE_CURVE('',#11616,#11616,#11618,.T.);
#11616 = VERTEX_POINT('',#11617);
#11617 = CARTESIAN_POINT('',(25.59,92.855,1.51));
#11618 = CIRCLE('',#11619,0.45);
#11619 = AXIS2_PLACEMENT_3D('',#11620,#11621,#11622);
#11620 = CARTESIAN_POINT('',(25.59,93.305,1.51));
#11621 = DIRECTION('',(-0.,0.,-1.));
#11622 = DIRECTION('',(-0.,-1.,0.));
#11623 = FACE_BOUND('',#11624,.T.);
#11624 = EDGE_LOOP('',(#11625));
#11625 = ORIENTED_EDGE('',*,*,#11626,.T.);
#11626 = EDGE_CURVE('',#11627,#11627,#11629,.T.);
#11627 = VERTEX_POINT('',#11628);
#11628 = CARTESIAN_POINT('',(45.91,82.695,1.51));
#11629 = CIRCLE('',#11630,0.45);
#11630 = AXIS2_PLACEMENT_3D('',#11631,#11632,#11633);
#11631 = CARTESIAN_POINT('',(45.91,83.145,1.51));
#11632 = DIRECTION('',(-0.,0.,-1.));
#11633 = DIRECTION('',(-0.,-1.,0.));
#11634 = FACE_BOUND('',#11635,.T.);
#11635 = EDGE_LOOP('',(#11636));
#11636 = ORIENTED_EDGE('',*,*,#11637,.T.);
#11637 = EDGE_CURVE('',#11638,#11638,#11640,.T.);
#11638 = VERTEX_POINT('',#11639);
#11639 = CARTESIAN_POINT('',(45.91,85.235,1.51));
#11640 = CIRCLE('',#11641,0.45);
#11641 = AXIS2_PLACEMENT_3D('',#11642,#11643,#11644);
#11642 = CARTESIAN_POINT('',(45.91,85.685,1.51));
#11643 = DIRECTION('',(-0.,0.,-1.));
#11644 = DIRECTION('',(-0.,-1.,0.));
#11645 = FACE_BOUND('',#11646,.T.);
#11646 = EDGE_LOOP('',(#11647));
#11647 = ORIENTED_EDGE('',*,*,#11648,.T.);
#11648 = EDGE_CURVE('',#11649,#11649,#11651,.T.);
#11649 = VERTEX_POINT('',#11650);
#11650 = CARTESIAN_POINT('',(45.91,87.775,1.51));
#11651 = CIRCLE('',#11652,0.45);
#11652 = AXIS2_PLACEMENT_3D('',#11653,#11654,#11655);
#11653 = CARTESIAN_POINT('',(45.91,88.225,1.51));
#11654 = DIRECTION('',(-0.,0.,-1.));
#11655 = DIRECTION('',(-0.,-1.,0.));
#11656 = FACE_BOUND('',#11657,.T.);
#11657 = EDGE_LOOP('',(#11658));
#11658 = ORIENTED_EDGE('',*,*,#11659,.T.);
#11659 = EDGE_CURVE('',#11660,#11660,#11662,.T.);
#11660 = VERTEX_POINT('',#11661);
#11661 = CARTESIAN_POINT('',(45.91,90.315,1.51));
#11662 = CIRCLE('',#11663,0.45);
#11663 = AXIS2_PLACEMENT_3D('',#11664,#11665,#11666);
#11664 = CARTESIAN_POINT('',(45.91,90.765,1.51));
#11665 = DIRECTION('',(-0.,0.,-1.));
#11666 = DIRECTION('',(-0.,-1.,0.));
#11667 = FACE_BOUND('',#11668,.T.);
#11668 = EDGE_LOOP('',(#11669));
#11669 = ORIENTED_EDGE('',*,*,#11670,.T.);
#11670 = EDGE_CURVE('',#11671,#11671,#11673,.T.);
#11671 = VERTEX_POINT('',#11672);
#11672 = CARTESIAN_POINT('',(45.91,92.855,1.51));
#11673 = CIRCLE('',#11674,0.45);
#11674 = AXIS2_PLACEMENT_3D('',#11675,#11676,#11677);
#11675 = CARTESIAN_POINT('',(45.91,93.305,1.51));
#11676 = DIRECTION('',(-0.,0.,-1.));
#11677 = DIRECTION('',(-0.,-1.,0.));
#11678 = FACE_BOUND('',#11679,.T.);
#11679 = EDGE_LOOP('',(#11680));
#11680 = ORIENTED_EDGE('',*,*,#11681,.T.);
#11681 = EDGE_CURVE('',#11682,#11682,#11684,.T.);
#11682 = VERTEX_POINT('',#11683);
#11683 = CARTESIAN_POINT('',(53.75,90.707,1.51));
#11684 = CIRCLE('',#11685,0.508);
#11685 = AXIS2_PLACEMENT_3D('',#11686,#11687,#11688);
#11686 = CARTESIAN_POINT('',(53.75,91.215,1.51));
#11687 = DIRECTION('',(-0.,0.,-1.));
#11688 = DIRECTION('',(-0.,-1.,0.));
#11689 = FACE_BOUND('',#11690,.T.);
#11690 = EDGE_LOOP('',(#11691));
#11691 = ORIENTED_EDGE('',*,*,#11692,.T.);
#11692 = EDGE_CURVE('',#11693,#11693,#11695,.T.);
#11693 = VERTEX_POINT('',#11694);
#11694 = CARTESIAN_POINT('',(53.75,93.247,1.51));
#11695 = CIRCLE('',#11696,0.508);
#11696 = AXIS2_PLACEMENT_3D('',#11697,#11698,#11699);
#11697 = CARTESIAN_POINT('',(53.75,93.755,1.51));
#11698 = DIRECTION('',(-0.,0.,-1.));
#11699 = DIRECTION('',(-0.,-1.,0.));
#11700 = FACE_BOUND('',#11701,.T.);
#11701 = EDGE_LOOP('',(#11702));
#11702 = ORIENTED_EDGE('',*,*,#11703,.T.);
#11703 = EDGE_CURVE('',#11704,#11704,#11706,.T.);
#11704 = VERTEX_POINT('',#11705);
#11705 = CARTESIAN_POINT('',(25.59,95.395,1.51));
#11706 = CIRCLE('',#11707,0.45);
#11707 = AXIS2_PLACEMENT_3D('',#11708,#11709,#11710);
#11708 = CARTESIAN_POINT('',(25.59,95.845,1.51));
#11709 = DIRECTION('',(-0.,0.,-1.));
#11710 = DIRECTION('',(-0.,-1.,0.));
#11711 = FACE_BOUND('',#11712,.T.);
#11712 = EDGE_LOOP('',(#11713));
#11713 = ORIENTED_EDGE('',*,*,#11714,.T.);
#11714 = EDGE_CURVE('',#11715,#11715,#11717,.T.);
#11715 = VERTEX_POINT('',#11716);
#11716 = CARTESIAN_POINT('',(25.59,97.935,1.51));
#11717 = CIRCLE('',#11718,0.45);
#11718 = AXIS2_PLACEMENT_3D('',#11719,#11720,#11721);
#11719 = CARTESIAN_POINT('',(25.59,98.385,1.51));
#11720 = DIRECTION('',(-0.,0.,-1.));
#11721 = DIRECTION('',(-0.,-1.,0.));
#11722 = FACE_BOUND('',#11723,.T.);
#11723 = EDGE_LOOP('',(#11724));
#11724 = ORIENTED_EDGE('',*,*,#11725,.T.);
#11725 = EDGE_CURVE('',#11726,#11726,#11728,.T.);
#11726 = VERTEX_POINT('',#11727);
#11727 = CARTESIAN_POINT('',(25.59,100.475,1.51));
#11728 = CIRCLE('',#11729,0.45);
#11729 = AXIS2_PLACEMENT_3D('',#11730,#11731,#11732);
#11730 = CARTESIAN_POINT('',(25.59,100.925,1.51));
#11731 = DIRECTION('',(-0.,0.,-1.));
#11732 = DIRECTION('',(-0.,-1.,0.));
#11733 = FACE_BOUND('',#11734,.T.);
#11734 = EDGE_LOOP('',(#11735));
#11735 = ORIENTED_EDGE('',*,*,#11736,.T.);
#11736 = EDGE_CURVE('',#11737,#11737,#11739,.T.);
#11737 = VERTEX_POINT('',#11738);
#11738 = CARTESIAN_POINT('',(26.225,103.635,1.51));
#11739 = CIRCLE('',#11740,1.1);
#11740 = AXIS2_PLACEMENT_3D('',#11741,#11742,#11743);
#11741 = CARTESIAN_POINT('',(26.225,104.735,1.51));
#11742 = DIRECTION('',(-0.,0.,-1.));
#11743 = DIRECTION('',(-0.,-1.,0.));
#11744 = FACE_BOUND('',#11745,.T.);
#11745 = EDGE_LOOP('',(#11746));
#11746 = ORIENTED_EDGE('',*,*,#11747,.T.);
#11747 = EDGE_CURVE('',#11748,#11748,#11750,.T.);
#11748 = VERTEX_POINT('',#11749);
#11749 = CARTESIAN_POINT('',(45.91,95.395,1.51));
#11750 = CIRCLE('',#11751,0.45);
#11751 = AXIS2_PLACEMENT_3D('',#11752,#11753,#11754);
#11752 = CARTESIAN_POINT('',(45.91,95.845,1.51));
#11753 = DIRECTION('',(-0.,0.,-1.));
#11754 = DIRECTION('',(-0.,-1.,0.));
#11755 = FACE_BOUND('',#11756,.T.);
#11756 = EDGE_LOOP('',(#11757));
#11757 = ORIENTED_EDGE('',*,*,#11758,.T.);
#11758 = EDGE_CURVE('',#11759,#11759,#11761,.T.);
#11759 = VERTEX_POINT('',#11760);
#11760 = CARTESIAN_POINT('',(45.91,97.935,1.51));
#11761 = CIRCLE('',#11762,0.45);
#11762 = AXIS2_PLACEMENT_3D('',#11763,#11764,#11765);
#11763 = CARTESIAN_POINT('',(45.91,98.385,1.51));
#11764 = DIRECTION('',(-0.,0.,-1.));
#11765 = DIRECTION('',(-0.,-1.,0.));
#11766 = FACE_BOUND('',#11767,.T.);
#11767 = EDGE_LOOP('',(#11768));
#11768 = ORIENTED_EDGE('',*,*,#11769,.T.);
#11769 = EDGE_CURVE('',#11770,#11770,#11772,.T.);
#11770 = VERTEX_POINT('',#11771);
#11771 = CARTESIAN_POINT('',(53.75,95.787,1.51));
#11772 = CIRCLE('',#11773,0.508);
#11773 = AXIS2_PLACEMENT_3D('',#11774,#11775,#11776);
#11774 = CARTESIAN_POINT('',(53.75,96.295,1.51));
#11775 = DIRECTION('',(-0.,0.,-1.));
#11776 = DIRECTION('',(-0.,-1.,0.));
#11777 = FACE_BOUND('',#11778,.T.);
#11778 = EDGE_LOOP('',(#11779));
#11779 = ORIENTED_EDGE('',*,*,#11780,.T.);
#11780 = EDGE_CURVE('',#11781,#11781,#11783,.T.);
#11781 = VERTEX_POINT('',#11782);
#11782 = CARTESIAN_POINT('',(53.75,98.327,1.51));
#11783 = CIRCLE('',#11784,0.508);
#11784 = AXIS2_PLACEMENT_3D('',#11785,#11786,#11787);
#11785 = CARTESIAN_POINT('',(53.75,98.835,1.51));
#11786 = DIRECTION('',(-0.,0.,-1.));
#11787 = DIRECTION('',(-0.,-1.,0.));
#11788 = FACE_BOUND('',#11789,.T.);
#11789 = EDGE_LOOP('',(#11790));
#11790 = ORIENTED_EDGE('',*,*,#11791,.T.);
#11791 = EDGE_CURVE('',#11792,#11792,#11794,.T.);
#11792 = VERTEX_POINT('',#11793);
#11793 = CARTESIAN_POINT('',(45.91,100.475,1.51));
#11794 = CIRCLE('',#11795,0.45);
#11795 = AXIS2_PLACEMENT_3D('',#11796,#11797,#11798);
#11796 = CARTESIAN_POINT('',(45.91,100.925,1.51));
#11797 = DIRECTION('',(-0.,0.,-1.));
#11798 = DIRECTION('',(-0.,-1.,0.));
#11799 = FACE_BOUND('',#11800,.T.);
#11800 = EDGE_LOOP('',(#11801));
#11801 = ORIENTED_EDGE('',*,*,#11802,.T.);
#11802 = EDGE_CURVE('',#11803,#11803,#11805,.T.);
#11803 = VERTEX_POINT('',#11804);
#11804 = CARTESIAN_POINT('',(45.3385,103.635,1.51));
#11805 = CIRCLE('',#11806,1.1);
#11806 = AXIS2_PLACEMENT_3D('',#11807,#11808,#11809);
#11807 = CARTESIAN_POINT('',(45.3385,104.735,1.51));
#11808 = DIRECTION('',(-0.,0.,-1.));
#11809 = DIRECTION('',(6.459479416001E-15,-1.,-0.));
#11810 = FACE_BOUND('',#11811,.T.);
#11811 = EDGE_LOOP('',(#11812));
#11812 = ORIENTED_EDGE('',*,*,#11813,.T.);
#11813 = EDGE_CURVE('',#11814,#11814,#11816,.T.);
#11814 = VERTEX_POINT('',#11815);
#11815 = CARTESIAN_POINT('',(53.75,100.867,1.51));
#11816 = CIRCLE('',#11817,0.508);
#11817 = AXIS2_PLACEMENT_3D('',#11818,#11819,#11820);
#11818 = CARTESIAN_POINT('',(53.75,101.375,1.51));
#11819 = DIRECTION('',(-0.,0.,-1.));
#11820 = DIRECTION('',(-0.,-1.,0.));
#11821 = FACE_BOUND('',#11822,.T.);
#11822 = EDGE_LOOP('',(#11823));
#11823 = ORIENTED_EDGE('',*,*,#11824,.T.);
#11824 = EDGE_CURVE('',#11825,#11825,#11827,.T.);
#11825 = VERTEX_POINT('',#11826);
#11826 = CARTESIAN_POINT('',(53.75,103.407,1.51));
#11827 = CIRCLE('',#11828,0.508);
#11828 = AXIS2_PLACEMENT_3D('',#11829,#11830,#11831);
#11829 = CARTESIAN_POINT('',(53.75,103.915,1.51));
#11830 = DIRECTION('',(-0.,0.,-1.));
#11831 = DIRECTION('',(-0.,-1.,0.));
#11832 = FACE_BOUND('',#11833,.T.);
#11833 = EDGE_LOOP('',(#11834));
#11834 = ORIENTED_EDGE('',*,*,#11835,.T.);
#11835 = EDGE_CURVE('',#11836,#11836,#11838,.T.);
#11836 = VERTEX_POINT('',#11837);
#11837 = CARTESIAN_POINT('',(69.94,83.475,1.51));
#11838 = CIRCLE('',#11839,0.4);
#11839 = AXIS2_PLACEMENT_3D('',#11840,#11841,#11842);
#11840 = CARTESIAN_POINT('',(69.94,83.875,1.51));
#11841 = DIRECTION('',(-0.,0.,-1.));
#11842 = DIRECTION('',(-0.,-1.,0.));
#11843 = FACE_BOUND('',#11844,.T.);
#11844 = EDGE_LOOP('',(#11845));
#11845 = ORIENTED_EDGE('',*,*,#11846,.T.);
#11846 = EDGE_CURVE('',#11847,#11847,#11849,.T.);
#11847 = VERTEX_POINT('',#11848);
#11848 = CARTESIAN_POINT('',(63.91,90.707,1.51));
#11849 = CIRCLE('',#11850,0.508);
#11850 = AXIS2_PLACEMENT_3D('',#11851,#11852,#11853);
#11851 = CARTESIAN_POINT('',(63.91,91.215,1.51));
#11852 = DIRECTION('',(-0.,0.,-1.));
#11853 = DIRECTION('',(-1.398706172756E-14,-1.,0.));
#11854 = FACE_BOUND('',#11855,.T.);
#11855 = EDGE_LOOP('',(#11856));
#11856 = ORIENTED_EDGE('',*,*,#11857,.T.);
#11857 = EDGE_CURVE('',#11858,#11858,#11860,.T.);
#11858 = VERTEX_POINT('',#11859);
#11859 = CARTESIAN_POINT('',(63.91,93.247,1.51));
#11860 = CIRCLE('',#11861,0.508);
#11861 = AXIS2_PLACEMENT_3D('',#11862,#11863,#11864);
#11862 = CARTESIAN_POINT('',(63.91,93.755,1.51));
#11863 = DIRECTION('',(-0.,0.,-1.));
#11864 = DIRECTION('',(-1.398706172756E-14,-1.,0.));
#11865 = FACE_BOUND('',#11866,.T.);
#11866 = EDGE_LOOP('',(#11867));
#11867 = ORIENTED_EDGE('',*,*,#11868,.T.);
#11868 = EDGE_CURVE('',#11869,#11869,#11871,.T.);
#11869 = VERTEX_POINT('',#11870);
#11870 = CARTESIAN_POINT('',(69.94,87.475,1.51));
#11871 = CIRCLE('',#11872,0.4);
#11872 = AXIS2_PLACEMENT_3D('',#11873,#11874,#11875);
#11873 = CARTESIAN_POINT('',(69.94,87.875,1.51));
#11874 = DIRECTION('',(-0.,0.,-1.));
#11875 = DIRECTION('',(-0.,-1.,0.));
#11876 = FACE_BOUND('',#11877,.T.);
#11877 = EDGE_LOOP('',(#11878));
#11878 = ORIENTED_EDGE('',*,*,#11879,.T.);
#11879 = EDGE_CURVE('',#11880,#11880,#11882,.T.);
#11880 = VERTEX_POINT('',#11881);
#11881 = CARTESIAN_POINT('',(77.56,83.475,1.51));
#11882 = CIRCLE('',#11883,0.4);
#11883 = AXIS2_PLACEMENT_3D('',#11884,#11885,#11886);
#11884 = CARTESIAN_POINT('',(77.56,83.875,1.51));
#11885 = DIRECTION('',(-0.,0.,-1.));
#11886 = DIRECTION('',(-0.,-1.,0.));
#11887 = FACE_BOUND('',#11888,.T.);
#11888 = EDGE_LOOP('',(#11889));
#11889 = ORIENTED_EDGE('',*,*,#11890,.T.);
#11890 = EDGE_CURVE('',#11891,#11891,#11893,.T.);
#11891 = VERTEX_POINT('',#11892);
#11892 = CARTESIAN_POINT('',(83.25,82.4,1.51));
#11893 = CIRCLE('',#11894,0.475);
#11894 = AXIS2_PLACEMENT_3D('',#11895,#11896,#11897);
#11895 = CARTESIAN_POINT('',(83.25,82.875,1.51));
#11896 = DIRECTION('',(-0.,0.,-1.));
#11897 = DIRECTION('',(-0.,-1.,0.));
#11898 = FACE_BOUND('',#11899,.T.);
#11899 = EDGE_LOOP('',(#11900));
#11900 = ORIENTED_EDGE('',*,*,#11901,.T.);
#11901 = EDGE_CURVE('',#11902,#11902,#11904,.T.);
#11902 = VERTEX_POINT('',#11903);
#11903 = CARTESIAN_POINT('',(83.25,84.9,1.51));
#11904 = CIRCLE('',#11905,0.475);
#11905 = AXIS2_PLACEMENT_3D('',#11906,#11907,#11908);
#11906 = CARTESIAN_POINT('',(83.25,85.375,1.51));
#11907 = DIRECTION('',(-0.,0.,-1.));
#11908 = DIRECTION('',(-0.,-1.,0.));
#11909 = FACE_BOUND('',#11910,.T.);
#11910 = EDGE_LOOP('',(#11911));
#11911 = ORIENTED_EDGE('',*,*,#11912,.T.);
#11912 = EDGE_CURVE('',#11913,#11913,#11915,.T.);
#11913 = VERTEX_POINT('',#11914);
#11914 = CARTESIAN_POINT('',(77.56,87.475,1.51));
#11915 = CIRCLE('',#11916,0.4);
#11916 = AXIS2_PLACEMENT_3D('',#11917,#11918,#11919);
#11917 = CARTESIAN_POINT('',(77.56,87.875,1.51));
#11918 = DIRECTION('',(-0.,0.,-1.));
#11919 = DIRECTION('',(-0.,-1.,0.));
#11920 = FACE_BOUND('',#11921,.T.);
#11921 = EDGE_LOOP('',(#11922));
#11922 = ORIENTED_EDGE('',*,*,#11923,.T.);
#11923 = EDGE_CURVE('',#11924,#11924,#11926,.T.);
#11924 = VERTEX_POINT('',#11925);
#11925 = CARTESIAN_POINT('',(83.25,87.4,1.51));
#11926 = CIRCLE('',#11927,0.475);
#11927 = AXIS2_PLACEMENT_3D('',#11928,#11929,#11930);
#11928 = CARTESIAN_POINT('',(83.25,87.875,1.51));
#11929 = DIRECTION('',(-0.,0.,-1.));
#11930 = DIRECTION('',(-0.,-1.,0.));
#11931 = FACE_BOUND('',#11932,.T.);
#11932 = EDGE_LOOP('',(#11933));
#11933 = ORIENTED_EDGE('',*,*,#11934,.T.);
#11934 = EDGE_CURVE('',#11935,#11935,#11937,.T.);
#11935 = VERTEX_POINT('',#11936);
#11936 = CARTESIAN_POINT('',(63.91,95.787,1.51));
#11937 = CIRCLE('',#11938,0.508);
#11938 = AXIS2_PLACEMENT_3D('',#11939,#11940,#11941);
#11939 = CARTESIAN_POINT('',(63.91,96.295,1.51));
#11940 = DIRECTION('',(-0.,0.,-1.));
#11941 = DIRECTION('',(-1.398706172756E-14,-1.,0.));
#11942 = FACE_BOUND('',#11943,.T.);
#11943 = EDGE_LOOP('',(#11944));
#11944 = ORIENTED_EDGE('',*,*,#11945,.T.);
#11945 = EDGE_CURVE('',#11946,#11946,#11948,.T.);
#11946 = VERTEX_POINT('',#11947);
#11947 = CARTESIAN_POINT('',(63.91,98.327,1.51));
#11948 = CIRCLE('',#11949,0.508);
#11949 = AXIS2_PLACEMENT_3D('',#11950,#11951,#11952);
#11950 = CARTESIAN_POINT('',(63.91,98.835,1.51));
#11951 = DIRECTION('',(-0.,0.,-1.));
#11952 = DIRECTION('',(-1.398706172756E-14,-1.,0.));
#11953 = FACE_BOUND('',#11954,.T.);
#11954 = EDGE_LOOP('',(#11955));
#11955 = ORIENTED_EDGE('',*,*,#11956,.T.);
#11956 = EDGE_CURVE('',#11957,#11957,#11959,.T.);
#11957 = VERTEX_POINT('',#11958);
#11958 = CARTESIAN_POINT('',(70.5,97.045,1.51));
#11959 = CIRCLE('',#11960,0.5);
#11960 = AXIS2_PLACEMENT_3D('',#11961,#11962,#11963);
#11961 = CARTESIAN_POINT('',(70.5,97.545,1.51));
#11962 = DIRECTION('',(-0.,0.,-1.));
#11963 = DIRECTION('',(-0.,-1.,0.));
#11964 = FACE_BOUND('',#11965,.T.);
#11965 = EDGE_LOOP('',(#11966));
#11966 = ORIENTED_EDGE('',*,*,#11967,.T.);
#11967 = EDGE_CURVE('',#11968,#11968,#11970,.T.);
#11968 = VERTEX_POINT('',#11969);
#11969 = CARTESIAN_POINT('',(73.04,97.045,1.51));
#11970 = CIRCLE('',#11971,0.5);
#11971 = AXIS2_PLACEMENT_3D('',#11972,#11973,#11974);
#11972 = CARTESIAN_POINT('',(73.04,97.545,1.51));
#11973 = DIRECTION('',(-0.,0.,-1.));
#11974 = DIRECTION('',(-0.,-1.,0.));
#11975 = FACE_BOUND('',#11976,.T.);
#11976 = EDGE_LOOP('',(#11977));
#11977 = ORIENTED_EDGE('',*,*,#11978,.T.);
#11978 = EDGE_CURVE('',#11979,#11979,#11981,.T.);
#11979 = VERTEX_POINT('',#11980);
#11980 = CARTESIAN_POINT('',(63.91,100.867,1.51));
#11981 = CIRCLE('',#11982,0.508);
#11982 = AXIS2_PLACEMENT_3D('',#11983,#11984,#11985);
#11983 = CARTESIAN_POINT('',(63.91,101.375,1.51));
#11984 = DIRECTION('',(-0.,0.,-1.));
#11985 = DIRECTION('',(-1.398706172756E-14,-1.,0.));
#11986 = FACE_BOUND('',#11987,.T.);
#11987 = EDGE_LOOP('',(#11988));
#11988 = ORIENTED_EDGE('',*,*,#11989,.T.);
#11989 = EDGE_CURVE('',#11990,#11990,#11992,.T.);
#11990 = VERTEX_POINT('',#11991);
#11991 = CARTESIAN_POINT('',(63.91,103.407,1.51));
#11992 = CIRCLE('',#11993,0.508);
#11993 = AXIS2_PLACEMENT_3D('',#11994,#11995,#11996);
#11994 = CARTESIAN_POINT('',(63.91,103.915,1.51));
#11995 = DIRECTION('',(-0.,0.,-1.));
#11996 = DIRECTION('',(-1.398706172756E-14,-1.,0.));
#11997 = FACE_BOUND('',#11998,.T.);
#11998 = EDGE_LOOP('',(#11999));
#11999 = ORIENTED_EDGE('',*,*,#12000,.T.);
#12000 = EDGE_CURVE('',#12001,#12001,#12003,.T.);
#12001 = VERTEX_POINT('',#12002);
#12002 = CARTESIAN_POINT('',(70.5,99.585,1.51));
#12003 = CIRCLE('',#12004,0.5);
#12004 = AXIS2_PLACEMENT_3D('',#12005,#12006,#12007);
#12005 = CARTESIAN_POINT('',(70.5,100.085,1.51));
#12006 = DIRECTION('',(-0.,0.,-1.));
#12007 = DIRECTION('',(-0.,-1.,0.));
#12008 = FACE_BOUND('',#12009,.T.);
#12009 = EDGE_LOOP('',(#12010));
#12010 = ORIENTED_EDGE('',*,*,#12011,.T.);
#12011 = EDGE_CURVE('',#12012,#12012,#12014,.T.);
#12012 = VERTEX_POINT('',#12013);
#12013 = CARTESIAN_POINT('',(70.5,102.125,1.51));
#12014 = CIRCLE('',#12015,0.5);
#12015 = AXIS2_PLACEMENT_3D('',#12016,#12017,#12018);
#12016 = CARTESIAN_POINT('',(70.5,102.625,1.51));
#12017 = DIRECTION('',(-0.,0.,-1.));
#12018 = DIRECTION('',(-0.,-1.,0.));
#12019 = FACE_BOUND('',#12020,.T.);
#12020 = EDGE_LOOP('',(#12021));
#12021 = ORIENTED_EDGE('',*,*,#12022,.T.);
#12022 = EDGE_CURVE('',#12023,#12023,#12025,.T.);
#12023 = VERTEX_POINT('',#12024);
#12024 = CARTESIAN_POINT('',(73.04,99.585,1.51));
#12025 = CIRCLE('',#12026,0.5);
#12026 = AXIS2_PLACEMENT_3D('',#12027,#12028,#12029);
#12027 = CARTESIAN_POINT('',(73.04,100.085,1.51));
#12028 = DIRECTION('',(-0.,0.,-1.));
#12029 = DIRECTION('',(-0.,-1.,0.));
#12030 = FACE_BOUND('',#12031,.T.);
#12031 = EDGE_LOOP('',(#12032));
#12032 = ORIENTED_EDGE('',*,*,#12033,.T.);
#12033 = EDGE_CURVE('',#12034,#12034,#12036,.T.);
#12034 = VERTEX_POINT('',#12035);
#12035 = CARTESIAN_POINT('',(73.04,102.125,1.51));
#12036 = CIRCLE('',#12037,0.5);
#12037 = AXIS2_PLACEMENT_3D('',#12038,#12039,#12040);
#12038 = CARTESIAN_POINT('',(73.04,102.625,1.51));
#12039 = DIRECTION('',(-0.,0.,-1.));
#12040 = DIRECTION('',(-0.,-1.,0.));
#12041 = FACE_BOUND('',#12042,.T.);
#12042 = EDGE_LOOP('',(#12043));
#12043 = ORIENTED_EDGE('',*,*,#12044,.T.);
#12044 = EDGE_CURVE('',#12045,#12045,#12047,.T.);
#12045 = VERTEX_POINT('',#12046);
#12046 = CARTESIAN_POINT('',(78.52,94.438,1.51));
#12047 = CIRCLE('',#12048,0.75);
#12048 = AXIS2_PLACEMENT_3D('',#12049,#12050,#12051);
#12049 = CARTESIAN_POINT('',(78.52,95.188,1.51));
#12050 = DIRECTION('',(-0.,0.,-1.));
#12051 = DIRECTION('',(-0.,-1.,0.));
#12052 = FACE_BOUND('',#12053,.T.);
#12053 = EDGE_LOOP('',(#12054));
#12054 = ORIENTED_EDGE('',*,*,#12055,.T.);
#12055 = EDGE_CURVE('',#12056,#12056,#12058,.T.);
#12056 = VERTEX_POINT('',#12057);
#12057 = CARTESIAN_POINT('',(93.5,94.438,1.51));
#12058 = CIRCLE('',#12059,0.75);
#12059 = AXIS2_PLACEMENT_3D('',#12060,#12061,#12062);
#12060 = CARTESIAN_POINT('',(93.5,95.188,1.51));
#12061 = DIRECTION('',(-0.,0.,-1.));
#12062 = DIRECTION('',(-0.,-1.,0.));
#12063 = FACE_BOUND('',#12064,.T.);
#12064 = EDGE_LOOP('',(#12065));
#12065 = ORIENTED_EDGE('',*,*,#12066,.T.);
#12066 = EDGE_CURVE('',#12067,#12067,#12069,.T.);
#12067 = VERTEX_POINT('',#12068);
#12068 = CARTESIAN_POINT('',(78.52,102.558,1.51));
#12069 = CIRCLE('',#12070,0.75);
#12070 = AXIS2_PLACEMENT_3D('',#12071,#12072,#12073);
#12071 = CARTESIAN_POINT('',(78.52,103.308,1.51));
#12072 = DIRECTION('',(-0.,0.,-1.));
#12073 = DIRECTION('',(-0.,-1.,0.));
#12074 = FACE_BOUND('',#12075,.T.);
#12075 = EDGE_LOOP('',(#12076));
#12076 = ORIENTED_EDGE('',*,*,#12077,.T.);
#12077 = EDGE_CURVE('',#12078,#12078,#12080,.T.);
#12078 = VERTEX_POINT('',#12079);
#12079 = CARTESIAN_POINT('',(93.5,102.538,1.51));
#12080 = CIRCLE('',#12081,0.77);
#12081 = AXIS2_PLACEMENT_3D('',#12082,#12083,#12084);
#12082 = CARTESIAN_POINT('',(93.5,103.308,1.51));
#12083 = DIRECTION('',(-0.,0.,-1.));
#12084 = DIRECTION('',(-0.,-1.,0.));
#12085 = PLANE('',#12086);
#12086 = AXIS2_PLACEMENT_3D('',#12087,#12088,#12089);
#12087 = CARTESIAN_POINT('',(0.,0.,1.51));
#12088 = DIRECTION('',(0.,0.,1.));
#12089 = DIRECTION('',(1.,0.,-0.));
#12090 = ADVANCED_FACE('',(#12091),#12097,.T.);
#12091 = FACE_BOUND('',#12092,.T.);
#12092 = EDGE_LOOP('',(#12093,#12094,#12095,#12096));
#12093 = ORIENTED_EDGE('',*,*,#10300,.T.);
#12094 = ORIENTED_EDGE('',*,*,#11210,.T.);
#12095 = ORIENTED_EDGE('',*,*,#10260,.F.);
#12096 = ORIENTED_EDGE('',*,*,#10324,.F.);
#12097 = PLANE('',#12098);
#12098 = AXIS2_PLACEMENT_3D('',#12099,#12100,#12101);
#12099 = CARTESIAN_POINT('',(21.75,114.475,0.));
#12100 = DIRECTION('',(0.,1.,0.));
#12101 = DIRECTION('',(1.,0.,0.));
#12102 = ADVANCED_FACE('',(#12103),#12114,.F.);
#12103 = FACE_BOUND('',#12104,.T.);
#12104 = EDGE_LOOP('',(#12105,#12106,#12112,#12113));
#12105 = ORIENTED_EDGE('',*,*,#10333,.T.);
#12106 = ORIENTED_EDGE('',*,*,#12107,.T.);
#12107 = EDGE_CURVE('',#10334,#11220,#12108,.T.);
#12108 = LINE('',#12109,#12110);
#12109 = CARTESIAN_POINT('',(26.86,57.765,-4.6E-02));
#12110 = VECTOR('',#12111,1.);
#12111 = DIRECTION('',(0.,0.,1.));
#12112 = ORIENTED_EDGE('',*,*,#11219,.F.);
#12113 = ORIENTED_EDGE('',*,*,#12107,.F.);
#12114 = CYLINDRICAL_SURFACE('',#12115,1.25);
#12115 = AXIS2_PLACEMENT_3D('',#12116,#12117,#12118);
#12116 = CARTESIAN_POINT('',(26.86,59.015,-4.6E-02));
#12117 = DIRECTION('',(-0.,-0.,-1.));
#12118 = DIRECTION('',(-0.,-1.,0.));
#12119 = ADVANCED_FACE('',(#12120),#12131,.F.);
#12120 = FACE_BOUND('',#12121,.T.);
#12121 = EDGE_LOOP('',(#12122,#12123,#12129,#12130));
#12122 = ORIENTED_EDGE('',*,*,#10344,.T.);
#12123 = ORIENTED_EDGE('',*,*,#12124,.T.);
#12124 = EDGE_CURVE('',#10345,#11231,#12125,.T.);
#12125 = LINE('',#12126,#12127);
#12126 = CARTESIAN_POINT('',(44.64,57.765,-4.6E-02));
#12127 = VECTOR('',#12128,1.);
#12128 = DIRECTION('',(0.,0.,1.));
#12129 = ORIENTED_EDGE('',*,*,#11230,.F.);
#12130 = ORIENTED_EDGE('',*,*,#12124,.F.);
#12131 = CYLINDRICAL_SURFACE('',#12132,1.25);
#12132 = AXIS2_PLACEMENT_3D('',#12133,#12134,#12135);
#12133 = CARTESIAN_POINT('',(44.64,59.015,-4.6E-02));
#12134 = DIRECTION('',(-0.,-0.,-1.));
#12135 = DIRECTION('',(-0.,-1.,0.));
#12136 = ADVANCED_FACE('',(#12137),#12148,.F.);
#12137 = FACE_BOUND('',#12138,.T.);
#12138 = EDGE_LOOP('',(#12139,#12140,#12146,#12147));
#12139 = ORIENTED_EDGE('',*,*,#10355,.T.);
#12140 = ORIENTED_EDGE('',*,*,#12141,.T.);
#12141 = EDGE_CURVE('',#10356,#11242,#12142,.T.);
#12142 = LINE('',#12143,#12144);
#12143 = CARTESIAN_POINT('',(45.91,62.375,-4.6E-02));
#12144 = VECTOR('',#12145,1.);
#12145 = DIRECTION('',(0.,0.,1.));
#12146 = ORIENTED_EDGE('',*,*,#11241,.F.);
#12147 = ORIENTED_EDGE('',*,*,#12141,.F.);
#12148 = CYLINDRICAL_SURFACE('',#12149,0.45);
#12149 = AXIS2_PLACEMENT_3D('',#12150,#12151,#12152);
#12150 = CARTESIAN_POINT('',(45.91,62.825,-4.6E-02));
#12151 = DIRECTION('',(-0.,-0.,-1.));
#12152 = DIRECTION('',(-0.,-1.,0.));
#12153 = ADVANCED_FACE('',(#12154),#12165,.F.);
#12154 = FACE_BOUND('',#12155,.T.);
#12155 = EDGE_LOOP('',(#12156,#12157,#12163,#12164));
#12156 = ORIENTED_EDGE('',*,*,#10366,.T.);
#12157 = ORIENTED_EDGE('',*,*,#12158,.T.);
#12158 = EDGE_CURVE('',#10367,#11253,#12159,.T.);
#12159 = LINE('',#12160,#12161);
#12160 = CARTESIAN_POINT('',(56.295,57.8882,-4.6E-02));
#12161 = VECTOR('',#12162,1.);
#12162 = DIRECTION('',(0.,0.,1.));
#12163 = ORIENTED_EDGE('',*,*,#11252,.F.);
#12164 = ORIENTED_EDGE('',*,*,#12158,.F.);
#12165 = CYLINDRICAL_SURFACE('',#12166,1.25);
#12166 = AXIS2_PLACEMENT_3D('',#12167,#12168,#12169);
#12167 = CARTESIAN_POINT('',(56.295,59.1382,-4.6E-02));
#12168 = DIRECTION('',(-0.,-0.,-1.));
#12169 = DIRECTION('',(-0.,-1.,0.));
#12170 = ADVANCED_FACE('',(#12171),#12182,.F.);
#12171 = FACE_BOUND('',#12172,.T.);
#12172 = EDGE_LOOP('',(#12173,#12174,#12180,#12181));
#12173 = ORIENTED_EDGE('',*,*,#10377,.T.);
#12174 = ORIENTED_EDGE('',*,*,#12175,.T.);
#12175 = EDGE_CURVE('',#10378,#11264,#12176,.T.);
#12176 = LINE('',#12177,#12178);
#12177 = CARTESIAN_POINT('',(45.91,64.915,-4.6E-02));
#12178 = VECTOR('',#12179,1.);
#12179 = DIRECTION('',(0.,0.,1.));
#12180 = ORIENTED_EDGE('',*,*,#11263,.F.);
#12181 = ORIENTED_EDGE('',*,*,#12175,.F.);
#12182 = CYLINDRICAL_SURFACE('',#12183,0.45);
#12183 = AXIS2_PLACEMENT_3D('',#12184,#12185,#12186);
#12184 = CARTESIAN_POINT('',(45.91,65.365,-4.6E-02));
#12185 = DIRECTION('',(-0.,-0.,-1.));
#12186 = DIRECTION('',(-0.,-1.,0.));
#12187 = ADVANCED_FACE('',(#12188),#12199,.F.);
#12188 = FACE_BOUND('',#12189,.T.);
#12189 = EDGE_LOOP('',(#12190,#12191,#12197,#12198));
#12190 = ORIENTED_EDGE('',*,*,#10388,.T.);
#12191 = ORIENTED_EDGE('',*,*,#12192,.T.);
#12192 = EDGE_CURVE('',#10389,#11275,#12193,.T.);
#12193 = LINE('',#12194,#12195);
#12194 = CARTESIAN_POINT('',(45.91,67.455,-4.6E-02));
#12195 = VECTOR('',#12196,1.);
#12196 = DIRECTION('',(0.,0.,1.));
#12197 = ORIENTED_EDGE('',*,*,#11274,.F.);
#12198 = ORIENTED_EDGE('',*,*,#12192,.F.);
#12199 = CYLINDRICAL_SURFACE('',#12200,0.45);
#12200 = AXIS2_PLACEMENT_3D('',#12201,#12202,#12203);
#12201 = CARTESIAN_POINT('',(45.91,67.905,-4.6E-02));
#12202 = DIRECTION('',(-0.,-0.,-1.));
#12203 = DIRECTION('',(-0.,-1.,0.));
#12204 = ADVANCED_FACE('',(#12205),#12216,.F.);
#12205 = FACE_BOUND('',#12206,.T.);
#12206 = EDGE_LOOP('',(#12207,#12208,#12214,#12215));
#12207 = ORIENTED_EDGE('',*,*,#10399,.T.);
#12208 = ORIENTED_EDGE('',*,*,#12209,.T.);
#12209 = EDGE_CURVE('',#10400,#11286,#12210,.T.);
#12210 = LINE('',#12211,#12212);
#12211 = CARTESIAN_POINT('',(25.59,72.535,-4.6E-02));
#12212 = VECTOR('',#12213,1.);
#12213 = DIRECTION('',(0.,0.,1.));
#12214 = ORIENTED_EDGE('',*,*,#11285,.F.);
#12215 = ORIENTED_EDGE('',*,*,#12209,.F.);
#12216 = CYLINDRICAL_SURFACE('',#12217,0.45);
#12217 = AXIS2_PLACEMENT_3D('',#12218,#12219,#12220);
#12218 = CARTESIAN_POINT('',(25.59,72.985,-4.6E-02));
#12219 = DIRECTION('',(-0.,-0.,-1.));
#12220 = DIRECTION('',(-0.,-1.,0.));
#12221 = ADVANCED_FACE('',(#12222),#12233,.F.);
#12222 = FACE_BOUND('',#12223,.T.);
#12223 = EDGE_LOOP('',(#12224,#12225,#12231,#12232));
#12224 = ORIENTED_EDGE('',*,*,#10410,.T.);
#12225 = ORIENTED_EDGE('',*,*,#12226,.T.);
#12226 = EDGE_CURVE('',#10411,#11297,#12227,.T.);
#12227 = LINE('',#12228,#12229);
#12228 = CARTESIAN_POINT('',(25.59,75.075,-4.6E-02));
#12229 = VECTOR('',#12230,1.);
#12230 = DIRECTION('',(0.,0.,1.));
#12231 = ORIENTED_EDGE('',*,*,#11296,.F.);
#12232 = ORIENTED_EDGE('',*,*,#12226,.F.);
#12233 = CYLINDRICAL_SURFACE('',#12234,0.45);
#12234 = AXIS2_PLACEMENT_3D('',#12235,#12236,#12237);
#12235 = CARTESIAN_POINT('',(25.59,75.525,-4.6E-02));
#12236 = DIRECTION('',(-0.,-0.,-1.));
#12237 = DIRECTION('',(-0.,-1.,0.));
#12238 = ADVANCED_FACE('',(#12239),#12250,.F.);
#12239 = FACE_BOUND('',#12240,.T.);
#12240 = EDGE_LOOP('',(#12241,#12242,#12248,#12249));
#12241 = ORIENTED_EDGE('',*,*,#10421,.T.);
#12242 = ORIENTED_EDGE('',*,*,#12243,.T.);
#12243 = EDGE_CURVE('',#10422,#11308,#12244,.T.);
#12244 = LINE('',#12245,#12246);
#12245 = CARTESIAN_POINT('',(25.59,77.615,-4.6E-02));
#12246 = VECTOR('',#12247,1.);
#12247 = DIRECTION('',(0.,0.,1.));
#12248 = ORIENTED_EDGE('',*,*,#11307,.F.);
#12249 = ORIENTED_EDGE('',*,*,#12243,.F.);
#12250 = CYLINDRICAL_SURFACE('',#12251,0.45);
#12251 = AXIS2_PLACEMENT_3D('',#12252,#12253,#12254);
#12252 = CARTESIAN_POINT('',(25.59,78.065,-4.6E-02));
#12253 = DIRECTION('',(-0.,-0.,-1.));
#12254 = DIRECTION('',(-0.,-1.,0.));
#12255 = ADVANCED_FACE('',(#12256),#12267,.F.);
#12256 = FACE_BOUND('',#12257,.T.);
#12257 = EDGE_LOOP('',(#12258,#12259,#12265,#12266));
#12258 = ORIENTED_EDGE('',*,*,#10432,.T.);
#12259 = ORIENTED_EDGE('',*,*,#12260,.T.);
#12260 = EDGE_CURVE('',#10433,#11319,#12261,.T.);
#12261 = LINE('',#12262,#12263);
#12262 = CARTESIAN_POINT('',(25.59,80.155,-4.6E-02));
#12263 = VECTOR('',#12264,1.);
#12264 = DIRECTION('',(0.,0.,1.));
#12265 = ORIENTED_EDGE('',*,*,#11318,.F.);
#12266 = ORIENTED_EDGE('',*,*,#12260,.F.);
#12267 = CYLINDRICAL_SURFACE('',#12268,0.45);
#12268 = AXIS2_PLACEMENT_3D('',#12269,#12270,#12271);
#12269 = CARTESIAN_POINT('',(25.59,80.605,-4.6E-02));
#12270 = DIRECTION('',(-0.,-0.,-1.));
#12271 = DIRECTION('',(-0.,-1.,0.));
#12272 = ADVANCED_FACE('',(#12273),#12284,.F.);
#12273 = FACE_BOUND('',#12274,.T.);
#12274 = EDGE_LOOP('',(#12275,#12276,#12282,#12283));
#12275 = ORIENTED_EDGE('',*,*,#10443,.T.);
#12276 = ORIENTED_EDGE('',*,*,#12277,.T.);
#12277 = EDGE_CURVE('',#10444,#11330,#12278,.T.);
#12278 = LINE('',#12279,#12280);
#12279 = CARTESIAN_POINT('',(45.91,69.995,-4.6E-02));
#12280 = VECTOR('',#12281,1.);
#12281 = DIRECTION('',(0.,0.,1.));
#12282 = ORIENTED_EDGE('',*,*,#11329,.F.);
#12283 = ORIENTED_EDGE('',*,*,#12277,.F.);
#12284 = CYLINDRICAL_SURFACE('',#12285,0.45);
#12285 = AXIS2_PLACEMENT_3D('',#12286,#12287,#12288);
#12286 = CARTESIAN_POINT('',(45.91,70.445,-4.6E-02));
#12287 = DIRECTION('',(-0.,-0.,-1.));
#12288 = DIRECTION('',(-0.,-1.,0.));
#12289 = ADVANCED_FACE('',(#12290),#12301,.F.);
#12290 = FACE_BOUND('',#12291,.T.);
#12291 = EDGE_LOOP('',(#12292,#12293,#12299,#12300));
#12292 = ORIENTED_EDGE('',*,*,#10454,.T.);
#12293 = ORIENTED_EDGE('',*,*,#12294,.T.);
#12294 = EDGE_CURVE('',#10455,#11341,#12295,.T.);
#12295 = LINE('',#12296,#12297);
#12296 = CARTESIAN_POINT('',(45.91,72.535,-4.6E-02));
#12297 = VECTOR('',#12298,1.);
#12298 = DIRECTION('',(0.,0.,1.));
#12299 = ORIENTED_EDGE('',*,*,#11340,.F.);
#12300 = ORIENTED_EDGE('',*,*,#12294,.F.);
#12301 = CYLINDRICAL_SURFACE('',#12302,0.45);
#12302 = AXIS2_PLACEMENT_3D('',#12303,#12304,#12305);
#12303 = CARTESIAN_POINT('',(45.91,72.985,-4.6E-02));
#12304 = DIRECTION('',(-0.,-0.,-1.));
#12305 = DIRECTION('',(-0.,-1.,0.));
#12306 = ADVANCED_FACE('',(#12307),#12318,.F.);
#12307 = FACE_BOUND('',#12308,.T.);
#12308 = EDGE_LOOP('',(#12309,#12310,#12316,#12317));
#12309 = ORIENTED_EDGE('',*,*,#10465,.T.);
#12310 = ORIENTED_EDGE('',*,*,#12311,.T.);
#12311 = EDGE_CURVE('',#10466,#11352,#12312,.T.);
#12312 = LINE('',#12313,#12314);
#12313 = CARTESIAN_POINT('',(45.91,75.075,-4.6E-02));
#12314 = VECTOR('',#12315,1.);
#12315 = DIRECTION('',(0.,0.,1.));
#12316 = ORIENTED_EDGE('',*,*,#11351,.F.);
#12317 = ORIENTED_EDGE('',*,*,#12311,.F.);
#12318 = CYLINDRICAL_SURFACE('',#12319,0.45);
#12319 = AXIS2_PLACEMENT_3D('',#12320,#12321,#12322);
#12320 = CARTESIAN_POINT('',(45.91,75.525,-4.6E-02));
#12321 = DIRECTION('',(-0.,-0.,-1.));
#12322 = DIRECTION('',(-0.,-1.,0.));
#12323 = ADVANCED_FACE('',(#12324),#12335,.F.);
#12324 = FACE_BOUND('',#12325,.T.);
#12325 = EDGE_LOOP('',(#12326,#12327,#12333,#12334));
#12326 = ORIENTED_EDGE('',*,*,#10476,.T.);
#12327 = ORIENTED_EDGE('',*,*,#12328,.T.);
#12328 = EDGE_CURVE('',#10477,#11363,#12329,.T.);
#12329 = LINE('',#12330,#12331);
#12330 = CARTESIAN_POINT('',(45.91,77.615,-4.6E-02));
#12331 = VECTOR('',#12332,1.);
#12332 = DIRECTION('',(0.,0.,1.));
#12333 = ORIENTED_EDGE('',*,*,#11362,.F.);
#12334 = ORIENTED_EDGE('',*,*,#12328,.F.);
#12335 = CYLINDRICAL_SURFACE('',#12336,0.45);
#12336 = AXIS2_PLACEMENT_3D('',#12337,#12338,#12339);
#12337 = CARTESIAN_POINT('',(45.91,78.065,-4.6E-02));
#12338 = DIRECTION('',(-0.,-0.,-1.));
#12339 = DIRECTION('',(-0.,-1.,0.));
#12340 = ADVANCED_FACE('',(#12341),#12352,.F.);
#12341 = FACE_BOUND('',#12342,.T.);
#12342 = EDGE_LOOP('',(#12343,#12344,#12350,#12351));
#12343 = ORIENTED_EDGE('',*,*,#10487,.T.);
#12344 = ORIENTED_EDGE('',*,*,#12345,.T.);
#12345 = EDGE_CURVE('',#10488,#11374,#12346,.T.);
#12346 = LINE('',#12347,#12348);
#12347 = CARTESIAN_POINT('',(45.91,80.155,-4.6E-02));
#12348 = VECTOR('',#12349,1.);
#12349 = DIRECTION('',(0.,0.,1.));
#12350 = ORIENTED_EDGE('',*,*,#11373,.F.);
#12351 = ORIENTED_EDGE('',*,*,#12345,.F.);
#12352 = CYLINDRICAL_SURFACE('',#12353,0.45);
#12353 = AXIS2_PLACEMENT_3D('',#12354,#12355,#12356);
#12354 = CARTESIAN_POINT('',(45.91,80.605,-4.6E-02));
#12355 = DIRECTION('',(-0.,-0.,-1.));
#12356 = DIRECTION('',(-0.,-1.,0.));
#12357 = ADVANCED_FACE('',(#12358),#12369,.F.);
#12358 = FACE_BOUND('',#12359,.T.);
#12359 = EDGE_LOOP('',(#12360,#12361,#12367,#12368));
#12360 = ORIENTED_EDGE('',*,*,#10498,.T.);
#12361 = ORIENTED_EDGE('',*,*,#12362,.T.);
#12362 = EDGE_CURVE('',#10499,#11385,#12363,.T.);
#12363 = LINE('',#12364,#12365);
#12364 = CARTESIAN_POINT('',(56.295,76.4182,-4.6E-02));
#12365 = VECTOR('',#12366,1.);
#12366 = DIRECTION('',(0.,0.,1.));
#12367 = ORIENTED_EDGE('',*,*,#11384,.F.);
#12368 = ORIENTED_EDGE('',*,*,#12362,.F.);
#12369 = CYLINDRICAL_SURFACE('',#12370,0.5);
#12370 = AXIS2_PLACEMENT_3D('',#12371,#12372,#12373);
#12371 = CARTESIAN_POINT('',(56.295,76.9182,-4.6E-02));
#12372 = DIRECTION('',(-0.,-0.,-1.));
#12373 = DIRECTION('',(-0.,-1.,0.));
#12374 = ADVANCED_FACE('',(#12375),#12386,.F.);
#12375 = FACE_BOUND('',#12376,.T.);
#12376 = EDGE_LOOP('',(#12377,#12378,#12384,#12385));
#12377 = ORIENTED_EDGE('',*,*,#10509,.T.);
#12378 = ORIENTED_EDGE('',*,*,#12379,.T.);
#12379 = EDGE_CURVE('',#10510,#11396,#12380,.T.);
#12380 = LINE('',#12381,#12382);
#12381 = CARTESIAN_POINT('',(58.835,76.4182,-4.6E-02));
#12382 = VECTOR('',#12383,1.);
#12383 = DIRECTION('',(0.,0.,1.));
#12384 = ORIENTED_EDGE('',*,*,#11395,.F.);
#12385 = ORIENTED_EDGE('',*,*,#12379,.F.);
#12386 = CYLINDRICAL_SURFACE('',#12387,0.5);
#12387 = AXIS2_PLACEMENT_3D('',#12388,#12389,#12390);
#12388 = CARTESIAN_POINT('',(58.835,76.9182,-4.6E-02));
#12389 = DIRECTION('',(-0.,-0.,-1.));
#12390 = DIRECTION('',(-0.,-1.,0.));
#12391 = ADVANCED_FACE('',(#12392),#12403,.F.);
#12392 = FACE_BOUND('',#12393,.T.);
#12393 = EDGE_LOOP('',(#12394,#12395,#12401,#12402));
#12394 = ORIENTED_EDGE('',*,*,#10520,.T.);
#12395 = ORIENTED_EDGE('',*,*,#12396,.T.);
#12396 = EDGE_CURVE('',#10521,#11407,#12397,.T.);
#12397 = LINE('',#12398,#12399);
#12398 = CARTESIAN_POINT('',(62.645,59.8582,-4.6E-02));
#12399 = VECTOR('',#12400,1.);
#12400 = DIRECTION('',(0.,0.,1.));
#12401 = ORIENTED_EDGE('',*,*,#11406,.F.);
#12402 = ORIENTED_EDGE('',*,*,#12396,.F.);
#12403 = CYLINDRICAL_SURFACE('',#12404,0.55);
#12404 = AXIS2_PLACEMENT_3D('',#12405,#12406,#12407);
#12405 = CARTESIAN_POINT('',(62.645,60.4082,-4.6E-02));
#12406 = DIRECTION('',(-0.,0.,-1.));
#12407 = DIRECTION('',(1.2918958832E-14,-1.,-0.));
#12408 = ADVANCED_FACE('',(#12409),#12420,.F.);
#12409 = FACE_BOUND('',#12410,.T.);
#12410 = EDGE_LOOP('',(#12411,#12412,#12418,#12419));
#12411 = ORIENTED_EDGE('',*,*,#10531,.T.);
#12412 = ORIENTED_EDGE('',*,*,#12413,.T.);
#12413 = EDGE_CURVE('',#10532,#11418,#12414,.T.);
#12414 = LINE('',#12415,#12416);
#12415 = CARTESIAN_POINT('',(67.725,59.8582,-4.6E-02));
#12416 = VECTOR('',#12417,1.);
#12417 = DIRECTION('',(0.,0.,1.));
#12418 = ORIENTED_EDGE('',*,*,#11417,.F.);
#12419 = ORIENTED_EDGE('',*,*,#12413,.F.);
#12420 = CYLINDRICAL_SURFACE('',#12421,0.55);
#12421 = AXIS2_PLACEMENT_3D('',#12422,#12423,#12424);
#12422 = CARTESIAN_POINT('',(67.725,60.4082,-4.6E-02));
#12423 = DIRECTION('',(-0.,-0.,-1.));
#12424 = DIRECTION('',(-0.,-1.,0.));
#12425 = ADVANCED_FACE('',(#12426),#12437,.F.);
#12426 = FACE_BOUND('',#12427,.T.);
#12427 = EDGE_LOOP('',(#12428,#12429,#12435,#12436));
#12428 = ORIENTED_EDGE('',*,*,#10542,.T.);
#12429 = ORIENTED_EDGE('',*,*,#12430,.T.);
#12430 = EDGE_CURVE('',#10543,#11429,#12431,.T.);
#12431 = LINE('',#12432,#12433);
#12432 = CARTESIAN_POINT('',(74.075,57.8882,-4.6E-02));
#12433 = VECTOR('',#12434,1.);
#12434 = DIRECTION('',(0.,0.,1.));
#12435 = ORIENTED_EDGE('',*,*,#11428,.F.);
#12436 = ORIENTED_EDGE('',*,*,#12430,.F.);
#12437 = CYLINDRICAL_SURFACE('',#12438,1.25);
#12438 = AXIS2_PLACEMENT_3D('',#12439,#12440,#12441);
#12439 = CARTESIAN_POINT('',(74.075,59.1382,-4.6E-02));
#12440 = DIRECTION('',(-0.,-0.,-1.));
#12441 = DIRECTION('',(-0.,-1.,0.));
#12442 = ADVANCED_FACE('',(#12443),#12454,.F.);
#12443 = FACE_BOUND('',#12444,.T.);
#12444 = EDGE_LOOP('',(#12445,#12446,#12452,#12453));
#12445 = ORIENTED_EDGE('',*,*,#10553,.T.);
#12446 = ORIENTED_EDGE('',*,*,#12447,.T.);
#12447 = EDGE_CURVE('',#10554,#11440,#12448,.T.);
#12448 = LINE('',#12449,#12450);
#12449 = CARTESIAN_POINT('',(83.25,62.,-4.6E-02));
#12450 = VECTOR('',#12451,1.);
#12451 = DIRECTION('',(0.,0.,1.));
#12452 = ORIENTED_EDGE('',*,*,#11439,.F.);
#12453 = ORIENTED_EDGE('',*,*,#12447,.F.);
#12454 = CYLINDRICAL_SURFACE('',#12455,0.475);
#12455 = AXIS2_PLACEMENT_3D('',#12456,#12457,#12458);
#12456 = CARTESIAN_POINT('',(83.25,62.475,-4.6E-02));
#12457 = DIRECTION('',(-0.,-0.,-1.));
#12458 = DIRECTION('',(-0.,-1.,0.));
#12459 = ADVANCED_FACE('',(#12460),#12471,.F.);
#12460 = FACE_BOUND('',#12461,.T.);
#12461 = EDGE_LOOP('',(#12462,#12463,#12469,#12470));
#12462 = ORIENTED_EDGE('',*,*,#10564,.T.);
#12463 = ORIENTED_EDGE('',*,*,#12464,.T.);
#12464 = EDGE_CURVE('',#10565,#11451,#12465,.T.);
#12465 = LINE('',#12466,#12467);
#12466 = CARTESIAN_POINT('',(83.25,64.5,-4.6E-02));
#12467 = VECTOR('',#12468,1.);
#12468 = DIRECTION('',(0.,0.,1.));
#12469 = ORIENTED_EDGE('',*,*,#11450,.F.);
#12470 = ORIENTED_EDGE('',*,*,#12464,.F.);
#12471 = CYLINDRICAL_SURFACE('',#12472,0.475);
#12472 = AXIS2_PLACEMENT_3D('',#12473,#12474,#12475);
#12473 = CARTESIAN_POINT('',(83.25,64.975,-4.6E-02));
#12474 = DIRECTION('',(-0.,-0.,-1.));
#12475 = DIRECTION('',(-0.,-1.,0.));
#12476 = ADVANCED_FACE('',(#12477),#12488,.F.);
#12477 = FACE_BOUND('',#12478,.T.);
#12478 = EDGE_LOOP('',(#12479,#12480,#12486,#12487));
#12479 = ORIENTED_EDGE('',*,*,#10575,.T.);
#12480 = ORIENTED_EDGE('',*,*,#12481,.T.);
#12481 = EDGE_CURVE('',#10576,#11462,#12482,.T.);
#12482 = LINE('',#12483,#12484);
#12483 = CARTESIAN_POINT('',(83.25,67.,-4.6E-02));
#12484 = VECTOR('',#12485,1.);
#12485 = DIRECTION('',(0.,0.,1.));
#12486 = ORIENTED_EDGE('',*,*,#11461,.F.);
#12487 = ORIENTED_EDGE('',*,*,#12481,.F.);
#12488 = CYLINDRICAL_SURFACE('',#12489,0.475);
#12489 = AXIS2_PLACEMENT_3D('',#12490,#12491,#12492);
#12490 = CARTESIAN_POINT('',(83.25,67.475,-4.6E-02));
#12491 = DIRECTION('',(-0.,-0.,-1.));
#12492 = DIRECTION('',(-0.,-1.,0.));
#12493 = ADVANCED_FACE('',(#12494),#12505,.F.);
#12494 = FACE_BOUND('',#12495,.T.);
#12495 = EDGE_LOOP('',(#12496,#12497,#12503,#12504));
#12496 = ORIENTED_EDGE('',*,*,#10586,.T.);
#12497 = ORIENTED_EDGE('',*,*,#12498,.T.);
#12498 = EDGE_CURVE('',#10587,#11473,#12499,.T.);
#12499 = LINE('',#12500,#12501);
#12500 = CARTESIAN_POINT('',(61.375,76.4182,-4.6E-02));
#12501 = VECTOR('',#12502,1.);
#12502 = DIRECTION('',(0.,0.,1.));
#12503 = ORIENTED_EDGE('',*,*,#11472,.F.);
#12504 = ORIENTED_EDGE('',*,*,#12498,.F.);
#12505 = CYLINDRICAL_SURFACE('',#12506,0.5);
#12506 = AXIS2_PLACEMENT_3D('',#12507,#12508,#12509);
#12507 = CARTESIAN_POINT('',(61.375,76.9182,-4.6E-02));
#12508 = DIRECTION('',(-0.,-0.,-1.));
#12509 = DIRECTION('',(-0.,-1.,0.));
#12510 = ADVANCED_FACE('',(#12511),#12522,.F.);
#12511 = FACE_BOUND('',#12512,.T.);
#12512 = EDGE_LOOP('',(#12513,#12514,#12520,#12521));
#12513 = ORIENTED_EDGE('',*,*,#10597,.T.);
#12514 = ORIENTED_EDGE('',*,*,#12515,.T.);
#12515 = EDGE_CURVE('',#10598,#11484,#12516,.T.);
#12516 = LINE('',#12517,#12518);
#12517 = CARTESIAN_POINT('',(63.915,76.4182,-4.6E-02));
#12518 = VECTOR('',#12519,1.);
#12519 = DIRECTION('',(0.,0.,1.));
#12520 = ORIENTED_EDGE('',*,*,#11483,.F.);
#12521 = ORIENTED_EDGE('',*,*,#12515,.F.);
#12522 = CYLINDRICAL_SURFACE('',#12523,0.5);
#12523 = AXIS2_PLACEMENT_3D('',#12524,#12525,#12526);
#12524 = CARTESIAN_POINT('',(63.915,76.9182,-4.6E-02));
#12525 = DIRECTION('',(-0.,-0.,-1.));
#12526 = DIRECTION('',(-1.42108547152E-14,-1.,0.));
#12527 = ADVANCED_FACE('',(#12528),#12539,.F.);
#12528 = FACE_BOUND('',#12529,.T.);
#12529 = EDGE_LOOP('',(#12530,#12531,#12537,#12538));
#12530 = ORIENTED_EDGE('',*,*,#10608,.T.);
#12531 = ORIENTED_EDGE('',*,*,#12532,.T.);
#12532 = EDGE_CURVE('',#10609,#11495,#12533,.T.);
#12533 = LINE('',#12534,#12535);
#12534 = CARTESIAN_POINT('',(66.455,76.4182,-4.6E-02));
#12535 = VECTOR('',#12536,1.);
#12536 = DIRECTION('',(0.,0.,1.));
#12537 = ORIENTED_EDGE('',*,*,#11494,.F.);
#12538 = ORIENTED_EDGE('',*,*,#12532,.F.);
#12539 = CYLINDRICAL_SURFACE('',#12540,0.5);
#12540 = AXIS2_PLACEMENT_3D('',#12541,#12542,#12543);
#12541 = CARTESIAN_POINT('',(66.455,76.9182,-4.6E-02));
#12542 = DIRECTION('',(-0.,-0.,-1.));
#12543 = DIRECTION('',(-0.,-1.,0.));
#12544 = ADVANCED_FACE('',(#12545),#12556,.F.);
#12545 = FACE_BOUND('',#12546,.T.);
#12546 = EDGE_LOOP('',(#12547,#12548,#12554,#12555));
#12547 = ORIENTED_EDGE('',*,*,#10619,.T.);
#12548 = ORIENTED_EDGE('',*,*,#12549,.T.);
#12549 = EDGE_CURVE('',#10620,#11506,#12550,.T.);
#12550 = LINE('',#12551,#12552);
#12551 = CARTESIAN_POINT('',(68.995,76.4182,-4.6E-02));
#12552 = VECTOR('',#12553,1.);
#12553 = DIRECTION('',(0.,0.,1.));
#12554 = ORIENTED_EDGE('',*,*,#11505,.F.);
#12555 = ORIENTED_EDGE('',*,*,#12549,.F.);
#12556 = CYLINDRICAL_SURFACE('',#12557,0.5);
#12557 = AXIS2_PLACEMENT_3D('',#12558,#12559,#12560);
#12558 = CARTESIAN_POINT('',(68.995,76.9182,-4.6E-02));
#12559 = DIRECTION('',(-0.,-0.,-1.));
#12560 = DIRECTION('',(-0.,-1.,0.));
#12561 = ADVANCED_FACE('',(#12562),#12573,.F.);
#12562 = FACE_BOUND('',#12563,.T.);
#12563 = EDGE_LOOP('',(#12564,#12565,#12571,#12572));
#12564 = ORIENTED_EDGE('',*,*,#10630,.T.);
#12565 = ORIENTED_EDGE('',*,*,#12566,.T.);
#12566 = EDGE_CURVE('',#10631,#11517,#12567,.T.);
#12567 = LINE('',#12568,#12569);
#12568 = CARTESIAN_POINT('',(71.535,76.4182,-4.6E-02));
#12569 = VECTOR('',#12570,1.);
#12570 = DIRECTION('',(0.,0.,1.));
#12571 = ORIENTED_EDGE('',*,*,#11516,.F.);
#12572 = ORIENTED_EDGE('',*,*,#12566,.F.);
#12573 = CYLINDRICAL_SURFACE('',#12574,0.5);
#12574 = AXIS2_PLACEMENT_3D('',#12575,#12576,#12577);
#12575 = CARTESIAN_POINT('',(71.535,76.9182,-4.6E-02));
#12576 = DIRECTION('',(-0.,-0.,-1.));
#12577 = DIRECTION('',(-0.,-1.,0.));
#12578 = ADVANCED_FACE('',(#12579),#12590,.F.);
#12579 = FACE_BOUND('',#12580,.T.);
#12580 = EDGE_LOOP('',(#12581,#12582,#12588,#12589));
#12581 = ORIENTED_EDGE('',*,*,#10641,.T.);
#12582 = ORIENTED_EDGE('',*,*,#12583,.T.);
#12583 = EDGE_CURVE('',#10642,#11528,#12584,.T.);
#12584 = LINE('',#12585,#12586);
#12585 = CARTESIAN_POINT('',(74.075,76.4182,-4.6E-02));
#12586 = VECTOR('',#12587,1.);
#12587 = DIRECTION('',(0.,0.,1.));
#12588 = ORIENTED_EDGE('',*,*,#11527,.F.);
#12589 = ORIENTED_EDGE('',*,*,#12583,.F.);
#12590 = CYLINDRICAL_SURFACE('',#12591,0.5);
#12591 = AXIS2_PLACEMENT_3D('',#12592,#12593,#12594);
#12592 = CARTESIAN_POINT('',(74.075,76.9182,-4.6E-02));
#12593 = DIRECTION('',(-0.,-0.,-1.));
#12594 = DIRECTION('',(-0.,-1.,0.));
#12595 = ADVANCED_FACE('',(#12596),#12607,.F.);
#12596 = FACE_BOUND('',#12597,.T.);
#12597 = EDGE_LOOP('',(#12598,#12599,#12605,#12606));
#12598 = ORIENTED_EDGE('',*,*,#10652,.T.);
#12599 = ORIENTED_EDGE('',*,*,#12600,.T.);
#12600 = EDGE_CURVE('',#10653,#11539,#12601,.T.);
#12601 = LINE('',#12602,#12603);
#12602 = CARTESIAN_POINT('',(83.25,69.5,-4.6E-02));
#12603 = VECTOR('',#12604,1.);
#12604 = DIRECTION('',(0.,0.,1.));
#12605 = ORIENTED_EDGE('',*,*,#11538,.F.);
#12606 = ORIENTED_EDGE('',*,*,#12600,.F.);
#12607 = CYLINDRICAL_SURFACE('',#12608,0.475);
#12608 = AXIS2_PLACEMENT_3D('',#12609,#12610,#12611);
#12609 = CARTESIAN_POINT('',(83.25,69.975,-4.6E-02));
#12610 = DIRECTION('',(-0.,-0.,-1.));
#12611 = DIRECTION('',(-0.,-1.,0.));
#12612 = ADVANCED_FACE('',(#12613),#12624,.F.);
#12613 = FACE_BOUND('',#12614,.T.);
#12614 = EDGE_LOOP('',(#12615,#12616,#12622,#12623));
#12615 = ORIENTED_EDGE('',*,*,#10663,.T.);
#12616 = ORIENTED_EDGE('',*,*,#12617,.T.);
#12617 = EDGE_CURVE('',#10664,#11550,#12618,.T.);
#12618 = LINE('',#12619,#12620);
#12619 = CARTESIAN_POINT('',(83.25,77.4,-4.6E-02));
#12620 = VECTOR('',#12621,1.);
#12621 = DIRECTION('',(0.,0.,1.));
#12622 = ORIENTED_EDGE('',*,*,#11549,.F.);
#12623 = ORIENTED_EDGE('',*,*,#12617,.F.);
#12624 = CYLINDRICAL_SURFACE('',#12625,0.475);
#12625 = AXIS2_PLACEMENT_3D('',#12626,#12627,#12628);
#12626 = CARTESIAN_POINT('',(83.25,77.875,-4.6E-02));
#12627 = DIRECTION('',(-0.,-0.,-1.));
#12628 = DIRECTION('',(-0.,-1.,0.));
#12629 = ADVANCED_FACE('',(#12630),#12641,.F.);
#12630 = FACE_BOUND('',#12631,.T.);
#12631 = EDGE_LOOP('',(#12632,#12633,#12639,#12640));
#12632 = ORIENTED_EDGE('',*,*,#10674,.T.);
#12633 = ORIENTED_EDGE('',*,*,#12634,.T.);
#12634 = EDGE_CURVE('',#10675,#11561,#12635,.T.);
#12635 = LINE('',#12636,#12637);
#12636 = CARTESIAN_POINT('',(83.25,79.9,-4.6E-02));
#12637 = VECTOR('',#12638,1.);
#12638 = DIRECTION('',(0.,0.,1.));
#12639 = ORIENTED_EDGE('',*,*,#11560,.F.);
#12640 = ORIENTED_EDGE('',*,*,#12634,.F.);
#12641 = CYLINDRICAL_SURFACE('',#12642,0.475);
#12642 = AXIS2_PLACEMENT_3D('',#12643,#12644,#12645);
#12643 = CARTESIAN_POINT('',(83.25,80.375,-4.6E-02));
#12644 = DIRECTION('',(-0.,-0.,-1.));
#12645 = DIRECTION('',(-0.,-1.,0.));
#12646 = ADVANCED_FACE('',(#12647),#12658,.F.);
#12647 = FACE_BOUND('',#12648,.T.);
#12648 = EDGE_LOOP('',(#12649,#12650,#12656,#12657));
#12649 = ORIENTED_EDGE('',*,*,#10685,.T.);
#12650 = ORIENTED_EDGE('',*,*,#12651,.T.);
#12651 = EDGE_CURVE('',#10686,#11572,#12652,.T.);
#12652 = LINE('',#12653,#12654);
#12653 = CARTESIAN_POINT('',(25.59,82.695,-4.6E-02));
#12654 = VECTOR('',#12655,1.);
#12655 = DIRECTION('',(0.,0.,1.));
#12656 = ORIENTED_EDGE('',*,*,#11571,.F.);
#12657 = ORIENTED_EDGE('',*,*,#12651,.F.);
#12658 = CYLINDRICAL_SURFACE('',#12659,0.45);
#12659 = AXIS2_PLACEMENT_3D('',#12660,#12661,#12662);
#12660 = CARTESIAN_POINT('',(25.59,83.145,-4.6E-02));
#12661 = DIRECTION('',(-0.,-0.,-1.));
#12662 = DIRECTION('',(-0.,-1.,0.));
#12663 = ADVANCED_FACE('',(#12664),#12675,.F.);
#12664 = FACE_BOUND('',#12665,.T.);
#12665 = EDGE_LOOP('',(#12666,#12667,#12673,#12674));
#12666 = ORIENTED_EDGE('',*,*,#10696,.T.);
#12667 = ORIENTED_EDGE('',*,*,#12668,.T.);
#12668 = EDGE_CURVE('',#10697,#11583,#12669,.T.);
#12669 = LINE('',#12670,#12671);
#12670 = CARTESIAN_POINT('',(25.59,85.235,-4.6E-02));
#12671 = VECTOR('',#12672,1.);
#12672 = DIRECTION('',(0.,0.,1.));
#12673 = ORIENTED_EDGE('',*,*,#11582,.F.);
#12674 = ORIENTED_EDGE('',*,*,#12668,.F.);
#12675 = CYLINDRICAL_SURFACE('',#12676,0.45);
#12676 = AXIS2_PLACEMENT_3D('',#12677,#12678,#12679);
#12677 = CARTESIAN_POINT('',(25.59,85.685,-4.6E-02));
#12678 = DIRECTION('',(-0.,-0.,-1.));
#12679 = DIRECTION('',(-0.,-1.,0.));
#12680 = ADVANCED_FACE('',(#12681),#12692,.F.);
#12681 = FACE_BOUND('',#12682,.T.);
#12682 = EDGE_LOOP('',(#12683,#12684,#12690,#12691));
#12683 = ORIENTED_EDGE('',*,*,#10707,.T.);
#12684 = ORIENTED_EDGE('',*,*,#12685,.T.);
#12685 = EDGE_CURVE('',#10708,#11594,#12686,.T.);
#12686 = LINE('',#12687,#12688);
#12687 = CARTESIAN_POINT('',(25.59,87.775,-4.6E-02));
#12688 = VECTOR('',#12689,1.);
#12689 = DIRECTION('',(0.,0.,1.));
#12690 = ORIENTED_EDGE('',*,*,#11593,.F.);
#12691 = ORIENTED_EDGE('',*,*,#12685,.F.);
#12692 = CYLINDRICAL_SURFACE('',#12693,0.45);
#12693 = AXIS2_PLACEMENT_3D('',#12694,#12695,#12696);
#12694 = CARTESIAN_POINT('',(25.59,88.225,-4.6E-02));
#12695 = DIRECTION('',(-0.,-0.,-1.));
#12696 = DIRECTION('',(-0.,-1.,0.));
#12697 = ADVANCED_FACE('',(#12698),#12709,.F.);
#12698 = FACE_BOUND('',#12699,.T.);
#12699 = EDGE_LOOP('',(#12700,#12701,#12707,#12708));
#12700 = ORIENTED_EDGE('',*,*,#10718,.T.);
#12701 = ORIENTED_EDGE('',*,*,#12702,.T.);
#12702 = EDGE_CURVE('',#10719,#11605,#12703,.T.);
#12703 = LINE('',#12704,#12705);
#12704 = CARTESIAN_POINT('',(25.59,90.315,-4.6E-02));
#12705 = VECTOR('',#12706,1.);
#12706 = DIRECTION('',(0.,0.,1.));
#12707 = ORIENTED_EDGE('',*,*,#11604,.F.);
#12708 = ORIENTED_EDGE('',*,*,#12702,.F.);
#12709 = CYLINDRICAL_SURFACE('',#12710,0.45);
#12710 = AXIS2_PLACEMENT_3D('',#12711,#12712,#12713);
#12711 = CARTESIAN_POINT('',(25.59,90.765,-4.6E-02));
#12712 = DIRECTION('',(-0.,-0.,-1.));
#12713 = DIRECTION('',(-0.,-1.,0.));
#12714 = ADVANCED_FACE('',(#12715),#12726,.F.);
#12715 = FACE_BOUND('',#12716,.T.);
#12716 = EDGE_LOOP('',(#12717,#12718,#12724,#12725));
#12717 = ORIENTED_EDGE('',*,*,#10729,.T.);
#12718 = ORIENTED_EDGE('',*,*,#12719,.T.);
#12719 = EDGE_CURVE('',#10730,#11616,#12720,.T.);
#12720 = LINE('',#12721,#12722);
#12721 = CARTESIAN_POINT('',(25.59,92.855,-4.6E-02));
#12722 = VECTOR('',#12723,1.);
#12723 = DIRECTION('',(0.,0.,1.));
#12724 = ORIENTED_EDGE('',*,*,#11615,.F.);
#12725 = ORIENTED_EDGE('',*,*,#12719,.F.);
#12726 = CYLINDRICAL_SURFACE('',#12727,0.45);
#12727 = AXIS2_PLACEMENT_3D('',#12728,#12729,#12730);
#12728 = CARTESIAN_POINT('',(25.59,93.305,-4.6E-02));
#12729 = DIRECTION('',(-0.,-0.,-1.));
#12730 = DIRECTION('',(-0.,-1.,0.));
#12731 = ADVANCED_FACE('',(#12732),#12743,.F.);
#12732 = FACE_BOUND('',#12733,.T.);
#12733 = EDGE_LOOP('',(#12734,#12735,#12741,#12742));
#12734 = ORIENTED_EDGE('',*,*,#10740,.T.);
#12735 = ORIENTED_EDGE('',*,*,#12736,.T.);
#12736 = EDGE_CURVE('',#10741,#11627,#12737,.T.);
#12737 = LINE('',#12738,#12739);
#12738 = CARTESIAN_POINT('',(45.91,82.695,-4.6E-02));
#12739 = VECTOR('',#12740,1.);
#12740 = DIRECTION('',(0.,0.,1.));
#12741 = ORIENTED_EDGE('',*,*,#11626,.F.);
#12742 = ORIENTED_EDGE('',*,*,#12736,.F.);
#12743 = CYLINDRICAL_SURFACE('',#12744,0.45);
#12744 = AXIS2_PLACEMENT_3D('',#12745,#12746,#12747);
#12745 = CARTESIAN_POINT('',(45.91,83.145,-4.6E-02));
#12746 = DIRECTION('',(-0.,-0.,-1.));
#12747 = DIRECTION('',(-0.,-1.,0.));
#12748 = ADVANCED_FACE('',(#12749),#12760,.F.);
#12749 = FACE_BOUND('',#12750,.T.);
#12750 = EDGE_LOOP('',(#12751,#12752,#12758,#12759));
#12751 = ORIENTED_EDGE('',*,*,#10751,.T.);
#12752 = ORIENTED_EDGE('',*,*,#12753,.T.);
#12753 = EDGE_CURVE('',#10752,#11638,#12754,.T.);
#12754 = LINE('',#12755,#12756);
#12755 = CARTESIAN_POINT('',(45.91,85.235,-4.6E-02));
#12756 = VECTOR('',#12757,1.);
#12757 = DIRECTION('',(0.,0.,1.));
#12758 = ORIENTED_EDGE('',*,*,#11637,.F.);
#12759 = ORIENTED_EDGE('',*,*,#12753,.F.);
#12760 = CYLINDRICAL_SURFACE('',#12761,0.45);
#12761 = AXIS2_PLACEMENT_3D('',#12762,#12763,#12764);
#12762 = CARTESIAN_POINT('',(45.91,85.685,-4.6E-02));
#12763 = DIRECTION('',(-0.,-0.,-1.));
#12764 = DIRECTION('',(-0.,-1.,0.));
#12765 = ADVANCED_FACE('',(#12766),#12777,.F.);
#12766 = FACE_BOUND('',#12767,.T.);
#12767 = EDGE_LOOP('',(#12768,#12769,#12775,#12776));
#12768 = ORIENTED_EDGE('',*,*,#10762,.T.);
#12769 = ORIENTED_EDGE('',*,*,#12770,.T.);
#12770 = EDGE_CURVE('',#10763,#11649,#12771,.T.);
#12771 = LINE('',#12772,#12773);
#12772 = CARTESIAN_POINT('',(45.91,87.775,-4.6E-02));
#12773 = VECTOR('',#12774,1.);
#12774 = DIRECTION('',(0.,0.,1.));
#12775 = ORIENTED_EDGE('',*,*,#11648,.F.);
#12776 = ORIENTED_EDGE('',*,*,#12770,.F.);
#12777 = CYLINDRICAL_SURFACE('',#12778,0.45);
#12778 = AXIS2_PLACEMENT_3D('',#12779,#12780,#12781);
#12779 = CARTESIAN_POINT('',(45.91,88.225,-4.6E-02));
#12780 = DIRECTION('',(-0.,-0.,-1.));
#12781 = DIRECTION('',(-0.,-1.,0.));
#12782 = ADVANCED_FACE('',(#12783),#12794,.F.);
#12783 = FACE_BOUND('',#12784,.T.);
#12784 = EDGE_LOOP('',(#12785,#12786,#12792,#12793));
#12785 = ORIENTED_EDGE('',*,*,#10773,.T.);
#12786 = ORIENTED_EDGE('',*,*,#12787,.T.);
#12787 = EDGE_CURVE('',#10774,#11660,#12788,.T.);
#12788 = LINE('',#12789,#12790);
#12789 = CARTESIAN_POINT('',(45.91,90.315,-4.6E-02));
#12790 = VECTOR('',#12791,1.);
#12791 = DIRECTION('',(0.,0.,1.));
#12792 = ORIENTED_EDGE('',*,*,#11659,.F.);
#12793 = ORIENTED_EDGE('',*,*,#12787,.F.);
#12794 = CYLINDRICAL_SURFACE('',#12795,0.45);
#12795 = AXIS2_PLACEMENT_3D('',#12796,#12797,#12798);
#12796 = CARTESIAN_POINT('',(45.91,90.765,-4.6E-02));
#12797 = DIRECTION('',(-0.,-0.,-1.));
#12798 = DIRECTION('',(-0.,-1.,0.));
#12799 = ADVANCED_FACE('',(#12800),#12811,.F.);
#12800 = FACE_BOUND('',#12801,.T.);
#12801 = EDGE_LOOP('',(#12802,#12803,#12809,#12810));
#12802 = ORIENTED_EDGE('',*,*,#10784,.T.);
#12803 = ORIENTED_EDGE('',*,*,#12804,.T.);
#12804 = EDGE_CURVE('',#10785,#11671,#12805,.T.);
#12805 = LINE('',#12806,#12807);
#12806 = CARTESIAN_POINT('',(45.91,92.855,-4.6E-02));
#12807 = VECTOR('',#12808,1.);
#12808 = DIRECTION('',(0.,0.,1.));
#12809 = ORIENTED_EDGE('',*,*,#11670,.F.);
#12810 = ORIENTED_EDGE('',*,*,#12804,.F.);
#12811 = CYLINDRICAL_SURFACE('',#12812,0.45);
#12812 = AXIS2_PLACEMENT_3D('',#12813,#12814,#12815);
#12813 = CARTESIAN_POINT('',(45.91,93.305,-4.6E-02));
#12814 = DIRECTION('',(-0.,-0.,-1.));
#12815 = DIRECTION('',(-0.,-1.,0.));
#12816 = ADVANCED_FACE('',(#12817),#12828,.F.);
#12817 = FACE_BOUND('',#12818,.T.);
#12818 = EDGE_LOOP('',(#12819,#12820,#12826,#12827));
#12819 = ORIENTED_EDGE('',*,*,#10795,.T.);
#12820 = ORIENTED_EDGE('',*,*,#12821,.T.);
#12821 = EDGE_CURVE('',#10796,#11682,#12822,.T.);
#12822 = LINE('',#12823,#12824);
#12823 = CARTESIAN_POINT('',(53.75,90.707,-4.6E-02));
#12824 = VECTOR('',#12825,1.);
#12825 = DIRECTION('',(0.,0.,1.));
#12826 = ORIENTED_EDGE('',*,*,#11681,.F.);
#12827 = ORIENTED_EDGE('',*,*,#12821,.F.);
#12828 = CYLINDRICAL_SURFACE('',#12829,0.508);
#12829 = AXIS2_PLACEMENT_3D('',#12830,#12831,#12832);
#12830 = CARTESIAN_POINT('',(53.75,91.215,-4.6E-02));
#12831 = DIRECTION('',(-0.,-0.,-1.));
#12832 = DIRECTION('',(-0.,-1.,0.));
#12833 = ADVANCED_FACE('',(#12834),#12845,.F.);
#12834 = FACE_BOUND('',#12835,.T.);
#12835 = EDGE_LOOP('',(#12836,#12837,#12843,#12844));
#12836 = ORIENTED_EDGE('',*,*,#10806,.T.);
#12837 = ORIENTED_EDGE('',*,*,#12838,.T.);
#12838 = EDGE_CURVE('',#10807,#11693,#12839,.T.);
#12839 = LINE('',#12840,#12841);
#12840 = CARTESIAN_POINT('',(53.75,93.247,-4.6E-02));
#12841 = VECTOR('',#12842,1.);
#12842 = DIRECTION('',(0.,0.,1.));
#12843 = ORIENTED_EDGE('',*,*,#11692,.F.);
#12844 = ORIENTED_EDGE('',*,*,#12838,.F.);
#12845 = CYLINDRICAL_SURFACE('',#12846,0.508);
#12846 = AXIS2_PLACEMENT_3D('',#12847,#12848,#12849);
#12847 = CARTESIAN_POINT('',(53.75,93.755,-4.6E-02));
#12848 = DIRECTION('',(-0.,-0.,-1.));
#12849 = DIRECTION('',(-0.,-1.,0.));
#12850 = ADVANCED_FACE('',(#12851),#12862,.F.);
#12851 = FACE_BOUND('',#12852,.T.);
#12852 = EDGE_LOOP('',(#12853,#12854,#12860,#12861));
#12853 = ORIENTED_EDGE('',*,*,#10817,.T.);
#12854 = ORIENTED_EDGE('',*,*,#12855,.T.);
#12855 = EDGE_CURVE('',#10818,#11704,#12856,.T.);
#12856 = LINE('',#12857,#12858);
#12857 = CARTESIAN_POINT('',(25.59,95.395,-4.6E-02));
#12858 = VECTOR('',#12859,1.);
#12859 = DIRECTION('',(0.,0.,1.));
#12860 = ORIENTED_EDGE('',*,*,#11703,.F.);
#12861 = ORIENTED_EDGE('',*,*,#12855,.F.);
#12862 = CYLINDRICAL_SURFACE('',#12863,0.45);
#12863 = AXIS2_PLACEMENT_3D('',#12864,#12865,#12866);
#12864 = CARTESIAN_POINT('',(25.59,95.845,-4.6E-02));
#12865 = DIRECTION('',(-0.,-0.,-1.));
#12866 = DIRECTION('',(-0.,-1.,0.));
#12867 = ADVANCED_FACE('',(#12868),#12879,.F.);
#12868 = FACE_BOUND('',#12869,.T.);
#12869 = EDGE_LOOP('',(#12870,#12871,#12877,#12878));
#12870 = ORIENTED_EDGE('',*,*,#10828,.T.);
#12871 = ORIENTED_EDGE('',*,*,#12872,.T.);
#12872 = EDGE_CURVE('',#10829,#11715,#12873,.T.);
#12873 = LINE('',#12874,#12875);
#12874 = CARTESIAN_POINT('',(25.59,97.935,-4.6E-02));
#12875 = VECTOR('',#12876,1.);
#12876 = DIRECTION('',(0.,0.,1.));
#12877 = ORIENTED_EDGE('',*,*,#11714,.F.);
#12878 = ORIENTED_EDGE('',*,*,#12872,.F.);
#12879 = CYLINDRICAL_SURFACE('',#12880,0.45);
#12880 = AXIS2_PLACEMENT_3D('',#12881,#12882,#12883);
#12881 = CARTESIAN_POINT('',(25.59,98.385,-4.6E-02));
#12882 = DIRECTION('',(-0.,-0.,-1.));
#12883 = DIRECTION('',(-0.,-1.,0.));
#12884 = ADVANCED_FACE('',(#12885),#12896,.F.);
#12885 = FACE_BOUND('',#12886,.T.);
#12886 = EDGE_LOOP('',(#12887,#12888,#12894,#12895));
#12887 = ORIENTED_EDGE('',*,*,#10839,.T.);
#12888 = ORIENTED_EDGE('',*,*,#12889,.T.);
#12889 = EDGE_CURVE('',#10840,#11726,#12890,.T.);
#12890 = LINE('',#12891,#12892);
#12891 = CARTESIAN_POINT('',(25.59,100.475,-4.6E-02));
#12892 = VECTOR('',#12893,1.);
#12893 = DIRECTION('',(0.,0.,1.));
#12894 = ORIENTED_EDGE('',*,*,#11725,.F.);
#12895 = ORIENTED_EDGE('',*,*,#12889,.F.);
#12896 = CYLINDRICAL_SURFACE('',#12897,0.45);
#12897 = AXIS2_PLACEMENT_3D('',#12898,#12899,#12900);
#12898 = CARTESIAN_POINT('',(25.59,100.925,-4.6E-02));
#12899 = DIRECTION('',(-0.,-0.,-1.));
#12900 = DIRECTION('',(-0.,-1.,0.));
#12901 = ADVANCED_FACE('',(#12902),#12913,.F.);
#12902 = FACE_BOUND('',#12903,.T.);
#12903 = EDGE_LOOP('',(#12904,#12905,#12911,#12912));
#12904 = ORIENTED_EDGE('',*,*,#10850,.T.);
#12905 = ORIENTED_EDGE('',*,*,#12906,.T.);
#12906 = EDGE_CURVE('',#10851,#11737,#12907,.T.);
#12907 = LINE('',#12908,#12909);
#12908 = CARTESIAN_POINT('',(26.225,103.635,-4.6E-02));
#12909 = VECTOR('',#12910,1.);
#12910 = DIRECTION('',(0.,0.,1.));
#12911 = ORIENTED_EDGE('',*,*,#11736,.F.);
#12912 = ORIENTED_EDGE('',*,*,#12906,.F.);
#12913 = CYLINDRICAL_SURFACE('',#12914,1.1);
#12914 = AXIS2_PLACEMENT_3D('',#12915,#12916,#12917);
#12915 = CARTESIAN_POINT('',(26.225,104.735,-4.6E-02));
#12916 = DIRECTION('',(-0.,-0.,-1.));
#12917 = DIRECTION('',(-0.,-1.,0.));
#12918 = ADVANCED_FACE('',(#12919),#12930,.F.);
#12919 = FACE_BOUND('',#12920,.T.);
#12920 = EDGE_LOOP('',(#12921,#12922,#12928,#12929));
#12921 = ORIENTED_EDGE('',*,*,#10861,.T.);
#12922 = ORIENTED_EDGE('',*,*,#12923,.T.);
#12923 = EDGE_CURVE('',#10862,#11748,#12924,.T.);
#12924 = LINE('',#12925,#12926);
#12925 = CARTESIAN_POINT('',(45.91,95.395,-4.6E-02));
#12926 = VECTOR('',#12927,1.);
#12927 = DIRECTION('',(0.,0.,1.));
#12928 = ORIENTED_EDGE('',*,*,#11747,.F.);
#12929 = ORIENTED_EDGE('',*,*,#12923,.F.);
#12930 = CYLINDRICAL_SURFACE('',#12931,0.45);
#12931 = AXIS2_PLACEMENT_3D('',#12932,#12933,#12934);
#12932 = CARTESIAN_POINT('',(45.91,95.845,-4.6E-02));
#12933 = DIRECTION('',(-0.,-0.,-1.));
#12934 = DIRECTION('',(-0.,-1.,0.));
#12935 = ADVANCED_FACE('',(#12936),#12947,.F.);
#12936 = FACE_BOUND('',#12937,.T.);
#12937 = EDGE_LOOP('',(#12938,#12939,#12945,#12946));
#12938 = ORIENTED_EDGE('',*,*,#10872,.T.);
#12939 = ORIENTED_EDGE('',*,*,#12940,.T.);
#12940 = EDGE_CURVE('',#10873,#11759,#12941,.T.);
#12941 = LINE('',#12942,#12943);
#12942 = CARTESIAN_POINT('',(45.91,97.935,-4.6E-02));
#12943 = VECTOR('',#12944,1.);
#12944 = DIRECTION('',(0.,0.,1.));
#12945 = ORIENTED_EDGE('',*,*,#11758,.F.);
#12946 = ORIENTED_EDGE('',*,*,#12940,.F.);
#12947 = CYLINDRICAL_SURFACE('',#12948,0.45);
#12948 = AXIS2_PLACEMENT_3D('',#12949,#12950,#12951);
#12949 = CARTESIAN_POINT('',(45.91,98.385,-4.6E-02));
#12950 = DIRECTION('',(-0.,-0.,-1.));
#12951 = DIRECTION('',(-0.,-1.,0.));
#12952 = ADVANCED_FACE('',(#12953),#12964,.F.);
#12953 = FACE_BOUND('',#12954,.T.);
#12954 = EDGE_LOOP('',(#12955,#12956,#12962,#12963));
#12955 = ORIENTED_EDGE('',*,*,#10883,.T.);
#12956 = ORIENTED_EDGE('',*,*,#12957,.T.);
#12957 = EDGE_CURVE('',#10884,#11770,#12958,.T.);
#12958 = LINE('',#12959,#12960);
#12959 = CARTESIAN_POINT('',(53.75,95.787,-4.6E-02));
#12960 = VECTOR('',#12961,1.);
#12961 = DIRECTION('',(0.,0.,1.));
#12962 = ORIENTED_EDGE('',*,*,#11769,.F.);
#12963 = ORIENTED_EDGE('',*,*,#12957,.F.);
#12964 = CYLINDRICAL_SURFACE('',#12965,0.508);
#12965 = AXIS2_PLACEMENT_3D('',#12966,#12967,#12968);
#12966 = CARTESIAN_POINT('',(53.75,96.295,-4.6E-02));
#12967 = DIRECTION('',(-0.,-0.,-1.));
#12968 = DIRECTION('',(-0.,-1.,0.));
#12969 = ADVANCED_FACE('',(#12970),#12981,.F.);
#12970 = FACE_BOUND('',#12971,.T.);
#12971 = EDGE_LOOP('',(#12972,#12973,#12979,#12980));
#12972 = ORIENTED_EDGE('',*,*,#10894,.T.);
#12973 = ORIENTED_EDGE('',*,*,#12974,.T.);
#12974 = EDGE_CURVE('',#10895,#11781,#12975,.T.);
#12975 = LINE('',#12976,#12977);
#12976 = CARTESIAN_POINT('',(53.75,98.327,-4.6E-02));
#12977 = VECTOR('',#12978,1.);
#12978 = DIRECTION('',(0.,0.,1.));
#12979 = ORIENTED_EDGE('',*,*,#11780,.F.);
#12980 = ORIENTED_EDGE('',*,*,#12974,.F.);
#12981 = CYLINDRICAL_SURFACE('',#12982,0.508);
#12982 = AXIS2_PLACEMENT_3D('',#12983,#12984,#12985);
#12983 = CARTESIAN_POINT('',(53.75,98.835,-4.6E-02));
#12984 = DIRECTION('',(-0.,-0.,-1.));
#12985 = DIRECTION('',(-0.,-1.,0.));
#12986 = ADVANCED_FACE('',(#12987),#12998,.F.);
#12987 = FACE_BOUND('',#12988,.T.);
#12988 = EDGE_LOOP('',(#12989,#12990,#12996,#12997));
#12989 = ORIENTED_EDGE('',*,*,#10905,.T.);
#12990 = ORIENTED_EDGE('',*,*,#12991,.T.);
#12991 = EDGE_CURVE('',#10906,#11792,#12992,.T.);
#12992 = LINE('',#12993,#12994);
#12993 = CARTESIAN_POINT('',(45.91,100.475,-4.6E-02));
#12994 = VECTOR('',#12995,1.);
#12995 = DIRECTION('',(0.,0.,1.));
#12996 = ORIENTED_EDGE('',*,*,#11791,.F.);
#12997 = ORIENTED_EDGE('',*,*,#12991,.F.);
#12998 = CYLINDRICAL_SURFACE('',#12999,0.45);
#12999 = AXIS2_PLACEMENT_3D('',#13000,#13001,#13002);
#13000 = CARTESIAN_POINT('',(45.91,100.925,-4.6E-02));
#13001 = DIRECTION('',(-0.,-0.,-1.));
#13002 = DIRECTION('',(-0.,-1.,0.));
#13003 = ADVANCED_FACE('',(#13004),#13015,.F.);
#13004 = FACE_BOUND('',#13005,.T.);
#13005 = EDGE_LOOP('',(#13006,#13007,#13013,#13014));
#13006 = ORIENTED_EDGE('',*,*,#10916,.T.);
#13007 = ORIENTED_EDGE('',*,*,#13008,.T.);
#13008 = EDGE_CURVE('',#10917,#11803,#13009,.T.);
#13009 = LINE('',#13010,#13011);
#13010 = CARTESIAN_POINT('',(45.3385,103.635,-4.6E-02));
#13011 = VECTOR('',#13012,1.);
#13012 = DIRECTION('',(0.,0.,1.));
#13013 = ORIENTED_EDGE('',*,*,#11802,.F.);
#13014 = ORIENTED_EDGE('',*,*,#13008,.F.);
#13015 = CYLINDRICAL_SURFACE('',#13016,1.1);
#13016 = AXIS2_PLACEMENT_3D('',#13017,#13018,#13019);
#13017 = CARTESIAN_POINT('',(45.3385,104.735,-4.6E-02));
#13018 = DIRECTION('',(-0.,0.,-1.));
#13019 = DIRECTION('',(6.459479416001E-15,-1.,-0.));
#13020 = ADVANCED_FACE('',(#13021),#13032,.F.);
#13021 = FACE_BOUND('',#13022,.T.);
#13022 = EDGE_LOOP('',(#13023,#13024,#13030,#13031));
#13023 = ORIENTED_EDGE('',*,*,#10927,.T.);
#13024 = ORIENTED_EDGE('',*,*,#13025,.T.);
#13025 = EDGE_CURVE('',#10928,#11814,#13026,.T.);
#13026 = LINE('',#13027,#13028);
#13027 = CARTESIAN_POINT('',(53.75,100.867,-4.6E-02));
#13028 = VECTOR('',#13029,1.);
#13029 = DIRECTION('',(0.,0.,1.));
#13030 = ORIENTED_EDGE('',*,*,#11813,.F.);
#13031 = ORIENTED_EDGE('',*,*,#13025,.F.);
#13032 = CYLINDRICAL_SURFACE('',#13033,0.508);
#13033 = AXIS2_PLACEMENT_3D('',#13034,#13035,#13036);
#13034 = CARTESIAN_POINT('',(53.75,101.375,-4.6E-02));
#13035 = DIRECTION('',(-0.,-0.,-1.));
#13036 = DIRECTION('',(-0.,-1.,0.));
#13037 = ADVANCED_FACE('',(#13038),#13049,.F.);
#13038 = FACE_BOUND('',#13039,.T.);
#13039 = EDGE_LOOP('',(#13040,#13041,#13047,#13048));
#13040 = ORIENTED_EDGE('',*,*,#10938,.T.);
#13041 = ORIENTED_EDGE('',*,*,#13042,.T.);
#13042 = EDGE_CURVE('',#10939,#11825,#13043,.T.);
#13043 = LINE('',#13044,#13045);
#13044 = CARTESIAN_POINT('',(53.75,103.407,-4.6E-02));
#13045 = VECTOR('',#13046,1.);
#13046 = DIRECTION('',(0.,0.,1.));
#13047 = ORIENTED_EDGE('',*,*,#11824,.F.);
#13048 = ORIENTED_EDGE('',*,*,#13042,.F.);
#13049 = CYLINDRICAL_SURFACE('',#13050,0.508);
#13050 = AXIS2_PLACEMENT_3D('',#13051,#13052,#13053);
#13051 = CARTESIAN_POINT('',(53.75,103.915,-4.6E-02));
#13052 = DIRECTION('',(-0.,-0.,-1.));
#13053 = DIRECTION('',(-0.,-1.,0.));
#13054 = ADVANCED_FACE('',(#13055),#13066,.F.);
#13055 = FACE_BOUND('',#13056,.T.);
#13056 = EDGE_LOOP('',(#13057,#13058,#13064,#13065));
#13057 = ORIENTED_EDGE('',*,*,#10949,.T.);
#13058 = ORIENTED_EDGE('',*,*,#13059,.T.);
#13059 = EDGE_CURVE('',#10950,#11836,#13060,.T.);
#13060 = LINE('',#13061,#13062);
#13061 = CARTESIAN_POINT('',(69.94,83.475,-4.6E-02));
#13062 = VECTOR('',#13063,1.);
#13063 = DIRECTION('',(0.,0.,1.));
#13064 = ORIENTED_EDGE('',*,*,#11835,.F.);
#13065 = ORIENTED_EDGE('',*,*,#13059,.F.);
#13066 = CYLINDRICAL_SURFACE('',#13067,0.4);
#13067 = AXIS2_PLACEMENT_3D('',#13068,#13069,#13070);
#13068 = CARTESIAN_POINT('',(69.94,83.875,-4.6E-02));
#13069 = DIRECTION('',(-0.,-0.,-1.));
#13070 = DIRECTION('',(-0.,-1.,0.));
#13071 = ADVANCED_FACE('',(#13072),#13083,.F.);
#13072 = FACE_BOUND('',#13073,.T.);
#13073 = EDGE_LOOP('',(#13074,#13075,#13081,#13082));
#13074 = ORIENTED_EDGE('',*,*,#10960,.T.);
#13075 = ORIENTED_EDGE('',*,*,#13076,.T.);
#13076 = EDGE_CURVE('',#10961,#11847,#13077,.T.);
#13077 = LINE('',#13078,#13079);
#13078 = CARTESIAN_POINT('',(63.91,90.707,-4.6E-02));
#13079 = VECTOR('',#13080,1.);
#13080 = DIRECTION('',(0.,0.,1.));
#13081 = ORIENTED_EDGE('',*,*,#11846,.F.);
#13082 = ORIENTED_EDGE('',*,*,#13076,.F.);
#13083 = CYLINDRICAL_SURFACE('',#13084,0.508);
#13084 = AXIS2_PLACEMENT_3D('',#13085,#13086,#13087);
#13085 = CARTESIAN_POINT('',(63.91,91.215,-4.6E-02));
#13086 = DIRECTION('',(-0.,-0.,-1.));
#13087 = DIRECTION('',(-1.398706172756E-14,-1.,0.));
#13088 = ADVANCED_FACE('',(#13089),#13100,.F.);
#13089 = FACE_BOUND('',#13090,.T.);
#13090 = EDGE_LOOP('',(#13091,#13092,#13098,#13099));
#13091 = ORIENTED_EDGE('',*,*,#10971,.T.);
#13092 = ORIENTED_EDGE('',*,*,#13093,.T.);
#13093 = EDGE_CURVE('',#10972,#11858,#13094,.T.);
#13094 = LINE('',#13095,#13096);
#13095 = CARTESIAN_POINT('',(63.91,93.247,-4.6E-02));
#13096 = VECTOR('',#13097,1.);
#13097 = DIRECTION('',(0.,0.,1.));
#13098 = ORIENTED_EDGE('',*,*,#11857,.F.);
#13099 = ORIENTED_EDGE('',*,*,#13093,.F.);
#13100 = CYLINDRICAL_SURFACE('',#13101,0.508);
#13101 = AXIS2_PLACEMENT_3D('',#13102,#13103,#13104);
#13102 = CARTESIAN_POINT('',(63.91,93.755,-4.6E-02));
#13103 = DIRECTION('',(-0.,-0.,-1.));
#13104 = DIRECTION('',(-1.398706172756E-14,-1.,0.));
#13105 = ADVANCED_FACE('',(#13106),#13117,.F.);
#13106 = FACE_BOUND('',#13107,.T.);
#13107 = EDGE_LOOP('',(#13108,#13109,#13115,#13116));
#13108 = ORIENTED_EDGE('',*,*,#10982,.T.);
#13109 = ORIENTED_EDGE('',*,*,#13110,.T.);
#13110 = EDGE_CURVE('',#10983,#11869,#13111,.T.);
#13111 = LINE('',#13112,#13113);
#13112 = CARTESIAN_POINT('',(69.94,87.475,-4.6E-02));
#13113 = VECTOR('',#13114,1.);
#13114 = DIRECTION('',(0.,0.,1.));
#13115 = ORIENTED_EDGE('',*,*,#11868,.F.);
#13116 = ORIENTED_EDGE('',*,*,#13110,.F.);
#13117 = CYLINDRICAL_SURFACE('',#13118,0.4);
#13118 = AXIS2_PLACEMENT_3D('',#13119,#13120,#13121);
#13119 = CARTESIAN_POINT('',(69.94,87.875,-4.6E-02));
#13120 = DIRECTION('',(-0.,-0.,-1.));
#13121 = DIRECTION('',(-0.,-1.,0.));
#13122 = ADVANCED_FACE('',(#13123),#13134,.F.);
#13123 = FACE_BOUND('',#13124,.T.);
#13124 = EDGE_LOOP('',(#13125,#13126,#13132,#13133));
#13125 = ORIENTED_EDGE('',*,*,#10993,.T.);
#13126 = ORIENTED_EDGE('',*,*,#13127,.T.);
#13127 = EDGE_CURVE('',#10994,#11880,#13128,.T.);
#13128 = LINE('',#13129,#13130);
#13129 = CARTESIAN_POINT('',(77.56,83.475,-4.6E-02));
#13130 = VECTOR('',#13131,1.);
#13131 = DIRECTION('',(0.,0.,1.));
#13132 = ORIENTED_EDGE('',*,*,#11879,.F.);
#13133 = ORIENTED_EDGE('',*,*,#13127,.F.);
#13134 = CYLINDRICAL_SURFACE('',#13135,0.4);
#13135 = AXIS2_PLACEMENT_3D('',#13136,#13137,#13138);
#13136 = CARTESIAN_POINT('',(77.56,83.875,-4.6E-02));
#13137 = DIRECTION('',(-0.,-0.,-1.));
#13138 = DIRECTION('',(-0.,-1.,0.));
#13139 = ADVANCED_FACE('',(#13140),#13151,.F.);
#13140 = FACE_BOUND('',#13141,.T.);
#13141 = EDGE_LOOP('',(#13142,#13143,#13149,#13150));
#13142 = ORIENTED_EDGE('',*,*,#11004,.T.);
#13143 = ORIENTED_EDGE('',*,*,#13144,.T.);
#13144 = EDGE_CURVE('',#11005,#11891,#13145,.T.);
#13145 = LINE('',#13146,#13147);
#13146 = CARTESIAN_POINT('',(83.25,82.4,-4.6E-02));
#13147 = VECTOR('',#13148,1.);
#13148 = DIRECTION('',(0.,0.,1.));
#13149 = ORIENTED_EDGE('',*,*,#11890,.F.);
#13150 = ORIENTED_EDGE('',*,*,#13144,.F.);
#13151 = CYLINDRICAL_SURFACE('',#13152,0.475);
#13152 = AXIS2_PLACEMENT_3D('',#13153,#13154,#13155);
#13153 = CARTESIAN_POINT('',(83.25,82.875,-4.6E-02));
#13154 = DIRECTION('',(-0.,-0.,-1.));
#13155 = DIRECTION('',(-0.,-1.,0.));
#13156 = ADVANCED_FACE('',(#13157),#13168,.F.);
#13157 = FACE_BOUND('',#13158,.T.);
#13158 = EDGE_LOOP('',(#13159,#13160,#13166,#13167));
#13159 = ORIENTED_EDGE('',*,*,#11015,.T.);
#13160 = ORIENTED_EDGE('',*,*,#13161,.T.);
#13161 = EDGE_CURVE('',#11016,#11902,#13162,.T.);
#13162 = LINE('',#13163,#13164);
#13163 = CARTESIAN_POINT('',(83.25,84.9,-4.6E-02));
#13164 = VECTOR('',#13165,1.);
#13165 = DIRECTION('',(0.,0.,1.));
#13166 = ORIENTED_EDGE('',*,*,#11901,.F.);
#13167 = ORIENTED_EDGE('',*,*,#13161,.F.);
#13168 = CYLINDRICAL_SURFACE('',#13169,0.475);
#13169 = AXIS2_PLACEMENT_3D('',#13170,#13171,#13172);
#13170 = CARTESIAN_POINT('',(83.25,85.375,-4.6E-02));
#13171 = DIRECTION('',(-0.,-0.,-1.));
#13172 = DIRECTION('',(-0.,-1.,0.));
#13173 = ADVANCED_FACE('',(#13174),#13185,.F.);
#13174 = FACE_BOUND('',#13175,.T.);
#13175 = EDGE_LOOP('',(#13176,#13177,#13183,#13184));
#13176 = ORIENTED_EDGE('',*,*,#11026,.T.);
#13177 = ORIENTED_EDGE('',*,*,#13178,.T.);
#13178 = EDGE_CURVE('',#11027,#11913,#13179,.T.);
#13179 = LINE('',#13180,#13181);
#13180 = CARTESIAN_POINT('',(77.56,87.475,-4.6E-02));
#13181 = VECTOR('',#13182,1.);
#13182 = DIRECTION('',(0.,0.,1.));
#13183 = ORIENTED_EDGE('',*,*,#11912,.F.);
#13184 = ORIENTED_EDGE('',*,*,#13178,.F.);
#13185 = CYLINDRICAL_SURFACE('',#13186,0.4);
#13186 = AXIS2_PLACEMENT_3D('',#13187,#13188,#13189);
#13187 = CARTESIAN_POINT('',(77.56,87.875,-4.6E-02));
#13188 = DIRECTION('',(-0.,-0.,-1.));
#13189 = DIRECTION('',(-0.,-1.,0.));
#13190 = ADVANCED_FACE('',(#13191),#13202,.F.);
#13191 = FACE_BOUND('',#13192,.T.);
#13192 = EDGE_LOOP('',(#13193,#13194,#13200,#13201));
#13193 = ORIENTED_EDGE('',*,*,#11037,.T.);
#13194 = ORIENTED_EDGE('',*,*,#13195,.T.);
#13195 = EDGE_CURVE('',#11038,#11924,#13196,.T.);
#13196 = LINE('',#13197,#13198);
#13197 = CARTESIAN_POINT('',(83.25,87.4,-4.6E-02));
#13198 = VECTOR('',#13199,1.);
#13199 = DIRECTION('',(0.,0.,1.));
#13200 = ORIENTED_EDGE('',*,*,#11923,.F.);
#13201 = ORIENTED_EDGE('',*,*,#13195,.F.);
#13202 = CYLINDRICAL_SURFACE('',#13203,0.475);
#13203 = AXIS2_PLACEMENT_3D('',#13204,#13205,#13206);
#13204 = CARTESIAN_POINT('',(83.25,87.875,-4.6E-02));
#13205 = DIRECTION('',(-0.,-0.,-1.));
#13206 = DIRECTION('',(-0.,-1.,0.));
#13207 = ADVANCED_FACE('',(#13208),#13219,.F.);
#13208 = FACE_BOUND('',#13209,.T.);
#13209 = EDGE_LOOP('',(#13210,#13211,#13217,#13218));
#13210 = ORIENTED_EDGE('',*,*,#11048,.T.);
#13211 = ORIENTED_EDGE('',*,*,#13212,.T.);
#13212 = EDGE_CURVE('',#11049,#11935,#13213,.T.);
#13213 = LINE('',#13214,#13215);
#13214 = CARTESIAN_POINT('',(63.91,95.787,-4.6E-02));
#13215 = VECTOR('',#13216,1.);
#13216 = DIRECTION('',(0.,0.,1.));
#13217 = ORIENTED_EDGE('',*,*,#11934,.F.);
#13218 = ORIENTED_EDGE('',*,*,#13212,.F.);
#13219 = CYLINDRICAL_SURFACE('',#13220,0.508);
#13220 = AXIS2_PLACEMENT_3D('',#13221,#13222,#13223);
#13221 = CARTESIAN_POINT('',(63.91,96.295,-4.6E-02));
#13222 = DIRECTION('',(-0.,-0.,-1.));
#13223 = DIRECTION('',(-1.398706172756E-14,-1.,0.));
#13224 = ADVANCED_FACE('',(#13225),#13236,.F.);
#13225 = FACE_BOUND('',#13226,.T.);
#13226 = EDGE_LOOP('',(#13227,#13228,#13234,#13235));
#13227 = ORIENTED_EDGE('',*,*,#11059,.T.);
#13228 = ORIENTED_EDGE('',*,*,#13229,.T.);
#13229 = EDGE_CURVE('',#11060,#11946,#13230,.T.);
#13230 = LINE('',#13231,#13232);
#13231 = CARTESIAN_POINT('',(63.91,98.327,-4.6E-02));
#13232 = VECTOR('',#13233,1.);
#13233 = DIRECTION('',(0.,0.,1.));
#13234 = ORIENTED_EDGE('',*,*,#11945,.F.);
#13235 = ORIENTED_EDGE('',*,*,#13229,.F.);
#13236 = CYLINDRICAL_SURFACE('',#13237,0.508);
#13237 = AXIS2_PLACEMENT_3D('',#13238,#13239,#13240);
#13238 = CARTESIAN_POINT('',(63.91,98.835,-4.6E-02));
#13239 = DIRECTION('',(-0.,-0.,-1.));
#13240 = DIRECTION('',(-1.398706172756E-14,-1.,0.));
#13241 = ADVANCED_FACE('',(#13242),#13253,.F.);
#13242 = FACE_BOUND('',#13243,.T.);
#13243 = EDGE_LOOP('',(#13244,#13245,#13251,#13252));
#13244 = ORIENTED_EDGE('',*,*,#11070,.T.);
#13245 = ORIENTED_EDGE('',*,*,#13246,.T.);
#13246 = EDGE_CURVE('',#11071,#11957,#13247,.T.);
#13247 = LINE('',#13248,#13249);
#13248 = CARTESIAN_POINT('',(70.5,97.045,-4.6E-02));
#13249 = VECTOR('',#13250,1.);
#13250 = DIRECTION('',(0.,0.,1.));
#13251 = ORIENTED_EDGE('',*,*,#11956,.F.);
#13252 = ORIENTED_EDGE('',*,*,#13246,.F.);
#13253 = CYLINDRICAL_SURFACE('',#13254,0.5);
#13254 = AXIS2_PLACEMENT_3D('',#13255,#13256,#13257);
#13255 = CARTESIAN_POINT('',(70.5,97.545,-4.6E-02));
#13256 = DIRECTION('',(-0.,-0.,-1.));
#13257 = DIRECTION('',(-0.,-1.,0.));
#13258 = ADVANCED_FACE('',(#13259),#13270,.F.);
#13259 = FACE_BOUND('',#13260,.T.);
#13260 = EDGE_LOOP('',(#13261,#13262,#13268,#13269));
#13261 = ORIENTED_EDGE('',*,*,#11081,.T.);
#13262 = ORIENTED_EDGE('',*,*,#13263,.T.);
#13263 = EDGE_CURVE('',#11082,#11968,#13264,.T.);
#13264 = LINE('',#13265,#13266);
#13265 = CARTESIAN_POINT('',(73.04,97.045,-4.6E-02));
#13266 = VECTOR('',#13267,1.);
#13267 = DIRECTION('',(0.,0.,1.));
#13268 = ORIENTED_EDGE('',*,*,#11967,.F.);
#13269 = ORIENTED_EDGE('',*,*,#13263,.F.);
#13270 = CYLINDRICAL_SURFACE('',#13271,0.5);
#13271 = AXIS2_PLACEMENT_3D('',#13272,#13273,#13274);
#13272 = CARTESIAN_POINT('',(73.04,97.545,-4.6E-02));
#13273 = DIRECTION('',(-0.,-0.,-1.));
#13274 = DIRECTION('',(-0.,-1.,0.));
#13275 = ADVANCED_FACE('',(#13276),#13287,.F.);
#13276 = FACE_BOUND('',#13277,.T.);
#13277 = EDGE_LOOP('',(#13278,#13279,#13285,#13286));
#13278 = ORIENTED_EDGE('',*,*,#11092,.T.);
#13279 = ORIENTED_EDGE('',*,*,#13280,.T.);
#13280 = EDGE_CURVE('',#11093,#11979,#13281,.T.);
#13281 = LINE('',#13282,#13283);
#13282 = CARTESIAN_POINT('',(63.91,100.867,-4.6E-02));
#13283 = VECTOR('',#13284,1.);
#13284 = DIRECTION('',(0.,0.,1.));
#13285 = ORIENTED_EDGE('',*,*,#11978,.F.);
#13286 = ORIENTED_EDGE('',*,*,#13280,.F.);
#13287 = CYLINDRICAL_SURFACE('',#13288,0.508);
#13288 = AXIS2_PLACEMENT_3D('',#13289,#13290,#13291);
#13289 = CARTESIAN_POINT('',(63.91,101.375,-4.6E-02));
#13290 = DIRECTION('',(-0.,-0.,-1.));
#13291 = DIRECTION('',(-1.398706172756E-14,-1.,0.));
#13292 = ADVANCED_FACE('',(#13293),#13304,.F.);
#13293 = FACE_BOUND('',#13294,.T.);
#13294 = EDGE_LOOP('',(#13295,#13296,#13302,#13303));
#13295 = ORIENTED_EDGE('',*,*,#11103,.T.);
#13296 = ORIENTED_EDGE('',*,*,#13297,.T.);
#13297 = EDGE_CURVE('',#11104,#11990,#13298,.T.);
#13298 = LINE('',#13299,#13300);
#13299 = CARTESIAN_POINT('',(63.91,103.407,-4.6E-02));
#13300 = VECTOR('',#13301,1.);
#13301 = DIRECTION('',(0.,0.,1.));
#13302 = ORIENTED_EDGE('',*,*,#11989,.F.);
#13303 = ORIENTED_EDGE('',*,*,#13297,.F.);
#13304 = CYLINDRICAL_SURFACE('',#13305,0.508);
#13305 = AXIS2_PLACEMENT_3D('',#13306,#13307,#13308);
#13306 = CARTESIAN_POINT('',(63.91,103.915,-4.6E-02));
#13307 = DIRECTION('',(-0.,-0.,-1.));
#13308 = DIRECTION('',(-1.398706172756E-14,-1.,0.));
#13309 = ADVANCED_FACE('',(#13310),#13321,.F.);
#13310 = FACE_BOUND('',#13311,.T.);
#13311 = EDGE_LOOP('',(#13312,#13313,#13319,#13320));
#13312 = ORIENTED_EDGE('',*,*,#11114,.T.);
#13313 = ORIENTED_EDGE('',*,*,#13314,.T.);
#13314 = EDGE_CURVE('',#11115,#12001,#13315,.T.);
#13315 = LINE('',#13316,#13317);
#13316 = CARTESIAN_POINT('',(70.5,99.585,-4.6E-02));
#13317 = VECTOR('',#13318,1.);
#13318 = DIRECTION('',(0.,0.,1.));
#13319 = ORIENTED_EDGE('',*,*,#12000,.F.);
#13320 = ORIENTED_EDGE('',*,*,#13314,.F.);
#13321 = CYLINDRICAL_SURFACE('',#13322,0.5);
#13322 = AXIS2_PLACEMENT_3D('',#13323,#13324,#13325);
#13323 = CARTESIAN_POINT('',(70.5,100.085,-4.6E-02));
#13324 = DIRECTION('',(-0.,-0.,-1.));
#13325 = DIRECTION('',(-0.,-1.,0.));
#13326 = ADVANCED_FACE('',(#13327),#13338,.F.);
#13327 = FACE_BOUND('',#13328,.T.);
#13328 = EDGE_LOOP('',(#13329,#13330,#13336,#13337));
#13329 = ORIENTED_EDGE('',*,*,#11125,.T.);
#13330 = ORIENTED_EDGE('',*,*,#13331,.T.);
#13331 = EDGE_CURVE('',#11126,#12012,#13332,.T.);
#13332 = LINE('',#13333,#13334);
#13333 = CARTESIAN_POINT('',(70.5,102.125,-4.6E-02));
#13334 = VECTOR('',#13335,1.);
#13335 = DIRECTION('',(0.,0.,1.));
#13336 = ORIENTED_EDGE('',*,*,#12011,.F.);
#13337 = ORIENTED_EDGE('',*,*,#13331,.F.);
#13338 = CYLINDRICAL_SURFACE('',#13339,0.5);
#13339 = AXIS2_PLACEMENT_3D('',#13340,#13341,#13342);
#13340 = CARTESIAN_POINT('',(70.5,102.625,-4.6E-02));
#13341 = DIRECTION('',(-0.,-0.,-1.));
#13342 = DIRECTION('',(-0.,-1.,0.));
#13343 = ADVANCED_FACE('',(#13344),#13355,.F.);
#13344 = FACE_BOUND('',#13345,.T.);
#13345 = EDGE_LOOP('',(#13346,#13347,#13353,#13354));
#13346 = ORIENTED_EDGE('',*,*,#11136,.T.);
#13347 = ORIENTED_EDGE('',*,*,#13348,.T.);
#13348 = EDGE_CURVE('',#11137,#12023,#13349,.T.);
#13349 = LINE('',#13350,#13351);
#13350 = CARTESIAN_POINT('',(73.04,99.585,-4.6E-02));
#13351 = VECTOR('',#13352,1.);
#13352 = DIRECTION('',(0.,0.,1.));
#13353 = ORIENTED_EDGE('',*,*,#12022,.F.);
#13354 = ORIENTED_EDGE('',*,*,#13348,.F.);
#13355 = CYLINDRICAL_SURFACE('',#13356,0.5);
#13356 = AXIS2_PLACEMENT_3D('',#13357,#13358,#13359);
#13357 = CARTESIAN_POINT('',(73.04,100.085,-4.6E-02));
#13358 = DIRECTION('',(-0.,-0.,-1.));
#13359 = DIRECTION('',(-0.,-1.,0.));
#13360 = ADVANCED_FACE('',(#13361),#13372,.F.);
#13361 = FACE_BOUND('',#13362,.T.);
#13362 = EDGE_LOOP('',(#13363,#13364,#13370,#13371));
#13363 = ORIENTED_EDGE('',*,*,#11147,.T.);
#13364 = ORIENTED_EDGE('',*,*,#13365,.T.);
#13365 = EDGE_CURVE('',#11148,#12034,#13366,.T.);
#13366 = LINE('',#13367,#13368);
#13367 = CARTESIAN_POINT('',(73.04,102.125,-4.6E-02));
#13368 = VECTOR('',#13369,1.);
#13369 = DIRECTION('',(0.,0.,1.));
#13370 = ORIENTED_EDGE('',*,*,#12033,.F.);
#13371 = ORIENTED_EDGE('',*,*,#13365,.F.);
#13372 = CYLINDRICAL_SURFACE('',#13373,0.5);
#13373 = AXIS2_PLACEMENT_3D('',#13374,#13375,#13376);
#13374 = CARTESIAN_POINT('',(73.04,102.625,-4.6E-02));
#13375 = DIRECTION('',(-0.,-0.,-1.));
#13376 = DIRECTION('',(-0.,-1.,0.));
#13377 = ADVANCED_FACE('',(#13378),#13389,.F.);
#13378 = FACE_BOUND('',#13379,.T.);
#13379 = EDGE_LOOP('',(#13380,#13381,#13387,#13388));
#13380 = ORIENTED_EDGE('',*,*,#11158,.T.);
#13381 = ORIENTED_EDGE('',*,*,#13382,.T.);
#13382 = EDGE_CURVE('',#11159,#12045,#13383,.T.);
#13383 = LINE('',#13384,#13385);
#13384 = CARTESIAN_POINT('',(78.52,94.438,-4.6E-02));
#13385 = VECTOR('',#13386,1.);
#13386 = DIRECTION('',(0.,0.,1.));
#13387 = ORIENTED_EDGE('',*,*,#12044,.F.);
#13388 = ORIENTED_EDGE('',*,*,#13382,.F.);
#13389 = CYLINDRICAL_SURFACE('',#13390,0.75);
#13390 = AXIS2_PLACEMENT_3D('',#13391,#13392,#13393);
#13391 = CARTESIAN_POINT('',(78.52,95.188,-4.6E-02));
#13392 = DIRECTION('',(-0.,-0.,-1.));
#13393 = DIRECTION('',(-0.,-1.,0.));
#13394 = ADVANCED_FACE('',(#13395),#13406,.F.);
#13395 = FACE_BOUND('',#13396,.T.);
#13396 = EDGE_LOOP('',(#13397,#13398,#13404,#13405));
#13397 = ORIENTED_EDGE('',*,*,#11169,.T.);
#13398 = ORIENTED_EDGE('',*,*,#13399,.T.);
#13399 = EDGE_CURVE('',#11170,#12056,#13400,.T.);
#13400 = LINE('',#13401,#13402);
#13401 = CARTESIAN_POINT('',(93.5,94.438,-4.6E-02));
#13402 = VECTOR('',#13403,1.);
#13403 = DIRECTION('',(0.,0.,1.));
#13404 = ORIENTED_EDGE('',*,*,#12055,.F.);
#13405 = ORIENTED_EDGE('',*,*,#13399,.F.);
#13406 = CYLINDRICAL_SURFACE('',#13407,0.75);
#13407 = AXIS2_PLACEMENT_3D('',#13408,#13409,#13410);
#13408 = CARTESIAN_POINT('',(93.5,95.188,-4.6E-02));
#13409 = DIRECTION('',(-0.,-0.,-1.));
#13410 = DIRECTION('',(-0.,-1.,0.));
#13411 = ADVANCED_FACE('',(#13412),#13423,.F.);
#13412 = FACE_BOUND('',#13413,.T.);
#13413 = EDGE_LOOP('',(#13414,#13415,#13421,#13422));
#13414 = ORIENTED_EDGE('',*,*,#11180,.T.);
#13415 = ORIENTED_EDGE('',*,*,#13416,.T.);
#13416 = EDGE_CURVE('',#11181,#12067,#13417,.T.);
#13417 = LINE('',#13418,#13419);
#13418 = CARTESIAN_POINT('',(78.52,102.558,-4.6E-02));
#13419 = VECTOR('',#13420,1.);
#13420 = DIRECTION('',(0.,0.,1.));
#13421 = ORIENTED_EDGE('',*,*,#12066,.F.);
#13422 = ORIENTED_EDGE('',*,*,#13416,.F.);
#13423 = CYLINDRICAL_SURFACE('',#13424,0.75);
#13424 = AXIS2_PLACEMENT_3D('',#13425,#13426,#13427);
#13425 = CARTESIAN_POINT('',(78.52,103.308,-4.6E-02));
#13426 = DIRECTION('',(-0.,-0.,-1.));
#13427 = DIRECTION('',(-0.,-1.,0.));
#13428 = ADVANCED_FACE('',(#13429),#13440,.F.);
#13429 = FACE_BOUND('',#13430,.T.);
#13430 = EDGE_LOOP('',(#13431,#13432,#13438,#13439));
#13431 = ORIENTED_EDGE('',*,*,#11191,.T.);
#13432 = ORIENTED_EDGE('',*,*,#13433,.T.);
#13433 = EDGE_CURVE('',#11192,#12078,#13434,.T.);
#13434 = LINE('',#13435,#13436);
#13435 = CARTESIAN_POINT('',(93.5,102.538,-4.6E-02));
#13436 = VECTOR('',#13437,1.);
#13437 = DIRECTION('',(0.,0.,1.));
#13438 = ORIENTED_EDGE('',*,*,#12077,.F.);
#13439 = ORIENTED_EDGE('',*,*,#13433,.F.);
#13440 = CYLINDRICAL_SURFACE('',#13441,0.77);
#13441 = AXIS2_PLACEMENT_3D('',#13442,#13443,#13444);
#13442 = CARTESIAN_POINT('',(93.5,103.308,-4.6E-02));
#13443 = DIRECTION('',(-0.,-0.,-1.));
#13444 = DIRECTION('',(-0.,-1.,0.));
#13445 = ( GEOMETRIC_REPRESENTATION_CONTEXT(3) 
GLOBAL_UNCERTAINTY_ASSIGNED_CONTEXT((#13449)) 
GLOBAL_UNIT_ASSIGNED_CONTEXT((#13446,#13447,#13448)) 
REPRESENTATION_CONTEXT('Context #1',
  '3D Context with UNIT and UNCERTAINTY') );
#13446 = ( LENGTH_UNIT() NAMED_UNIT(*) SI_UNIT(.MILLI.,.METRE.) );
#13447 = ( NAMED_UNIT(*) PLANE_ANGLE_UNIT() SI_UNIT($,.RADIAN.) );
#13448 = ( NAMED_UNIT(*) SI_UNIT($,.STERADIAN.) SOLID_ANGLE_UNIT() );
#13449 = UNCERTAINTY_MEASURE_WITH_UNIT(LENGTH_MEASURE(1.E-07),#13446,
  'distance_accuracy_value','confusion accuracy');
#13450 = CONTEXT_DEPENDENT_SHAPE_REPRESENTATION(#13451,#13453);
#13451 = ( REPRESENTATION_RELATIONSHIP('','',#10213,#10) 
REPRESENTATION_RELATIONSHIP_WITH_TRANSFORMATION(#13452) 
SHAPE_REPRESENTATION_RELATIONSHIP() );
#13452 = ITEM_DEFINED_TRANSFORMATION('','',#11,#23);
#13453 = PRODUCT_DEFINITION_SHAPE('Placement','Placement of an item',
  #13454);
#13454 = NEXT_ASSEMBLY_USAGE_OCCURRENCE('3','=>[0:1:1:4]','',#5,#10208,$
  );
#13455 = PRODUCT_RELATED_PRODUCT_CATEGORY('part',$,(#10210));
#13456 = MECHANICAL_DESIGN_GEOMETRIC_PRESENTATION_REPRESENTATION('',(
    #13457,#13467,#13476,#13485,#13494,#13503,#13512,#13521,#13530,
    #13539,#13548,#13557,#13566,#13575,#13584,#13593,#13602,#13611,
    #13620,#13629,#13638,#13647,#13656,#13665,#13674,#13683,#13692,
    #13701,#13710,#13719,#13728,#13737,#13746,#13755,#13764,#13773,
    #13782,#13791,#13800,#13809,#13818,#13827,#13836,#13845,#13854,
    #13863,#13872,#13881,#13890,#13899,#13908,#13917,#13926,#13935,
    #13944,#13953,#13962,#13971,#13980,#13989),#9558);
#13457 = STYLED_ITEM('color',(#13458),#43);
#13458 = PRESENTATION_STYLE_ASSIGNMENT((#13459));
#13459 = SURFACE_STYLE_USAGE(.BOTH.,#13460);
#13460 = SURFACE_SIDE_STYLE('',(#13461,#13465));
#13461 = SURFACE_STYLE_FILL_AREA(#13462);
#13462 = FILL_AREA_STYLE('',(#13463));
#13463 = FILL_AREA_STYLE_COLOUR('',#13464);
#13464 = DRAUGHTING_PRE_DEFINED_COLOUR('white');
#13465 = SURFACE_STYLE_RENDERING_WITH_PROPERTIES(.NORMAL_SHADING.,#13464
  ,(#13466));
#13466 = SURFACE_STYLE_TRANSPARENT(0.100000023842);
#13467 = STYLED_ITEM('color',(#13468),#295);
#13468 = PRESENTATION_STYLE_ASSIGNMENT((#13469));
#13469 = SURFACE_STYLE_USAGE(.BOTH.,#13470);
#13470 = SURFACE_SIDE_STYLE('',(#13471,#13474));
#13471 = SURFACE_STYLE_FILL_AREA(#13472);
#13472 = FILL_AREA_STYLE('',(#13473));
#13473 = FILL_AREA_STYLE_COLOUR('',#13464);
#13474 = SURFACE_STYLE_RENDERING_WITH_PROPERTIES(.NORMAL_SHADING.,#13464
  ,(#13475));
#13475 = SURFACE_STYLE_TRANSPARENT(0.100000023842);
#13476 = STYLED_ITEM('color',(#13477),#444);
#13477 = PRESENTATION_STYLE_ASSIGNMENT((#13478));
#13478 = SURFACE_STYLE_USAGE(.BOTH.,#13479);
#13479 = SURFACE_SIDE_STYLE('',(#13480,#13483));
#13480 = SURFACE_STYLE_FILL_AREA(#13481);
#13481 = FILL_AREA_STYLE('',(#13482));
#13482 = FILL_AREA_STYLE_COLOUR('',#13464);
#13483 = SURFACE_STYLE_RENDERING_WITH_PROPERTIES(.NORMAL_SHADING.,#13464
  ,(#13484));
#13484 = SURFACE_STYLE_TRANSPARENT(0.100000023842);
#13485 = STYLED_ITEM('color',(#13486),#645);
#13486 = PRESENTATION_STYLE_ASSIGNMENT((#13487));
#13487 = SURFACE_STYLE_USAGE(.BOTH.,#13488);
#13488 = SURFACE_SIDE_STYLE('',(#13489,#13492));
#13489 = SURFACE_STYLE_FILL_AREA(#13490);
#13490 = FILL_AREA_STYLE('',(#13491));
#13491 = FILL_AREA_STYLE_COLOUR('',#13464);
#13492 = SURFACE_STYLE_RENDERING_WITH_PROPERTIES(.NORMAL_SHADING.,#13464
  ,(#13493));
#13493 = SURFACE_STYLE_TRANSPARENT(0.100000023842);
#13494 = STYLED_ITEM('color',(#13495),#747);
#13495 = PRESENTATION_STYLE_ASSIGNMENT((#13496));
#13496 = SURFACE_STYLE_USAGE(.BOTH.,#13497);
#13497 = SURFACE_SIDE_STYLE('',(#13498,#13501));
#13498 = SURFACE_STYLE_FILL_AREA(#13499);
#13499 = FILL_AREA_STYLE('',(#13500));
#13500 = FILL_AREA_STYLE_COLOUR('',#13464);
#13501 = SURFACE_STYLE_RENDERING_WITH_PROPERTIES(.NORMAL_SHADING.,#13464
  ,(#13502));
#13502 = SURFACE_STYLE_TRANSPARENT(0.100000023842);
#13503 = STYLED_ITEM('color',(#13504),#859);
#13504 = PRESENTATION_STYLE_ASSIGNMENT((#13505));
#13505 = SURFACE_STYLE_USAGE(.BOTH.,#13506);
#13506 = SURFACE_SIDE_STYLE('',(#13507,#13510));
#13507 = SURFACE_STYLE_FILL_AREA(#13508);
#13508 = FILL_AREA_STYLE('',(#13509));
#13509 = FILL_AREA_STYLE_COLOUR('',#13464);
#13510 = SURFACE_STYLE_RENDERING_WITH_PROPERTIES(.NORMAL_SHADING.,#13464
  ,(#13511));
#13511 = SURFACE_STYLE_TRANSPARENT(0.100000023842);
#13512 = STYLED_ITEM('color',(#13513),#971);
#13513 = PRESENTATION_STYLE_ASSIGNMENT((#13514));
#13514 = SURFACE_STYLE_USAGE(.BOTH.,#13515);
#13515 = SURFACE_SIDE_STYLE('',(#13516,#13519));
#13516 = SURFACE_STYLE_FILL_AREA(#13517);
#13517 = FILL_AREA_STYLE('',(#13518));
#13518 = FILL_AREA_STYLE_COLOUR('',#13464);
#13519 = SURFACE_STYLE_RENDERING_WITH_PROPERTIES(.NORMAL_SHADING.,#13464
  ,(#13520));
#13520 = SURFACE_STYLE_TRANSPARENT(0.100000023842);
#13521 = STYLED_ITEM('color',(#13522),#1090);
#13522 = PRESENTATION_STYLE_ASSIGNMENT((#13523));
#13523 = SURFACE_STYLE_USAGE(.BOTH.,#13524);
#13524 = SURFACE_SIDE_STYLE('',(#13525,#13528));
#13525 = SURFACE_STYLE_FILL_AREA(#13526);
#13526 = FILL_AREA_STYLE('',(#13527));
#13527 = FILL_AREA_STYLE_COLOUR('',#13464);
#13528 = SURFACE_STYLE_RENDERING_WITH_PROPERTIES(.NORMAL_SHADING.,#13464
  ,(#13529));
#13529 = SURFACE_STYLE_TRANSPARENT(0.100000023842);
#13530 = STYLED_ITEM('color',(#13531),#1392);
#13531 = PRESENTATION_STYLE_ASSIGNMENT((#13532));
#13532 = SURFACE_STYLE_USAGE(.BOTH.,#13533);
#13533 = SURFACE_SIDE_STYLE('',(#13534,#13537));
#13534 = SURFACE_STYLE_FILL_AREA(#13535);
#13535 = FILL_AREA_STYLE('',(#13536));
#13536 = FILL_AREA_STYLE_COLOUR('',#13464);
#13537 = SURFACE_STYLE_RENDERING_WITH_PROPERTIES(.NORMAL_SHADING.,#13464
  ,(#13538));
#13538 = SURFACE_STYLE_TRANSPARENT(0.100000023842);
#13539 = STYLED_ITEM('color',(#13540),#1600);
#13540 = PRESENTATION_STYLE_ASSIGNMENT((#13541));
#13541 = SURFACE_STYLE_USAGE(.BOTH.,#13542);
#13542 = SURFACE_SIDE_STYLE('',(#13543,#13546));
#13543 = SURFACE_STYLE_FILL_AREA(#13544);
#13544 = FILL_AREA_STYLE('',(#13545));
#13545 = FILL_AREA_STYLE_COLOUR('',#13464);
#13546 = SURFACE_STYLE_RENDERING_WITH_PROPERTIES(.NORMAL_SHADING.,#13464
  ,(#13547));
#13547 = SURFACE_STYLE_TRANSPARENT(0.100000023842);
#13548 = STYLED_ITEM('color',(#13549),#1712);
#13549 = PRESENTATION_STYLE_ASSIGNMENT((#13550));
#13550 = SURFACE_STYLE_USAGE(.BOTH.,#13551);
#13551 = SURFACE_SIDE_STYLE('',(#13552,#13555));
#13552 = SURFACE_STYLE_FILL_AREA(#13553);
#13553 = FILL_AREA_STYLE('',(#13554));
#13554 = FILL_AREA_STYLE_COLOUR('',#13464);
#13555 = SURFACE_STYLE_RENDERING_WITH_PROPERTIES(.NORMAL_SHADING.,#13464
  ,(#13556));
#13556 = SURFACE_STYLE_TRANSPARENT(0.100000023842);
#13557 = STYLED_ITEM('color',(#13558),#1861);
#13558 = PRESENTATION_STYLE_ASSIGNMENT((#13559));
#13559 = SURFACE_STYLE_USAGE(.BOTH.,#13560);
#13560 = SURFACE_SIDE_STYLE('',(#13561,#13564));
#13561 = SURFACE_STYLE_FILL_AREA(#13562);
#13562 = FILL_AREA_STYLE('',(#13563));
#13563 = FILL_AREA_STYLE_COLOUR('',#13464);
#13564 = SURFACE_STYLE_RENDERING_WITH_PROPERTIES(.NORMAL_SHADING.,#13464
  ,(#13565));
#13565 = SURFACE_STYLE_TRANSPARENT(0.100000023842);
#13566 = STYLED_ITEM('color',(#13567),#1980);
#13567 = PRESENTATION_STYLE_ASSIGNMENT((#13568));
#13568 = SURFACE_STYLE_USAGE(.BOTH.,#13569);
#13569 = SURFACE_SIDE_STYLE('',(#13570,#13573));
#13570 = SURFACE_STYLE_FILL_AREA(#13571);
#13571 = FILL_AREA_STYLE('',(#13572));
#13572 = FILL_AREA_STYLE_COLOUR('',#13464);
#13573 = SURFACE_STYLE_RENDERING_WITH_PROPERTIES(.NORMAL_SHADING.,#13464
  ,(#13574));
#13574 = SURFACE_STYLE_TRANSPARENT(0.100000023842);
#13575 = STYLED_ITEM('color',(#13576),#2282);
#13576 = PRESENTATION_STYLE_ASSIGNMENT((#13577));
#13577 = SURFACE_STYLE_USAGE(.BOTH.,#13578);
#13578 = SURFACE_SIDE_STYLE('',(#13579,#13582));
#13579 = SURFACE_STYLE_FILL_AREA(#13580);
#13580 = FILL_AREA_STYLE('',(#13581));
#13581 = FILL_AREA_STYLE_COLOUR('',#13464);
#13582 = SURFACE_STYLE_RENDERING_WITH_PROPERTIES(.NORMAL_SHADING.,#13464
  ,(#13583));
#13583 = SURFACE_STYLE_TRANSPARENT(0.100000023842);
#13584 = STYLED_ITEM('color',(#13585),#2394);
#13585 = PRESENTATION_STYLE_ASSIGNMENT((#13586));
#13586 = SURFACE_STYLE_USAGE(.BOTH.,#13587);
#13587 = SURFACE_SIDE_STYLE('',(#13588,#13591));
#13588 = SURFACE_STYLE_FILL_AREA(#13589);
#13589 = FILL_AREA_STYLE('',(#13590));
#13590 = FILL_AREA_STYLE_COLOUR('',#13464);
#13591 = SURFACE_STYLE_RENDERING_WITH_PROPERTIES(.NORMAL_SHADING.,#13464
  ,(#13592));
#13592 = SURFACE_STYLE_TRANSPARENT(0.100000023842);
#13593 = STYLED_ITEM('color',(#13594),#2584);
#13594 = PRESENTATION_STYLE_ASSIGNMENT((#13595));
#13595 = SURFACE_STYLE_USAGE(.BOTH.,#13596);
#13596 = SURFACE_SIDE_STYLE('',(#13597,#13600));
#13597 = SURFACE_STYLE_FILL_AREA(#13598);
#13598 = FILL_AREA_STYLE('',(#13599));
#13599 = FILL_AREA_STYLE_COLOUR('',#13464);
#13600 = SURFACE_STYLE_RENDERING_WITH_PROPERTIES(.NORMAL_SHADING.,#13464
  ,(#13601));
#13601 = SURFACE_STYLE_TRANSPARENT(0.100000023842);
#13602 = STYLED_ITEM('color',(#13603),#2703);
#13603 = PRESENTATION_STYLE_ASSIGNMENT((#13604));
#13604 = SURFACE_STYLE_USAGE(.BOTH.,#13605);
#13605 = SURFACE_SIDE_STYLE('',(#13606,#13609));
#13606 = SURFACE_STYLE_FILL_AREA(#13607);
#13607 = FILL_AREA_STYLE('',(#13608));
#13608 = FILL_AREA_STYLE_COLOUR('',#13464);
#13609 = SURFACE_STYLE_RENDERING_WITH_PROPERTIES(.NORMAL_SHADING.,#13464
  ,(#13610));
#13610 = SURFACE_STYLE_TRANSPARENT(0.100000023842);
#13611 = STYLED_ITEM('color',(#13612),#3005);
#13612 = PRESENTATION_STYLE_ASSIGNMENT((#13613));
#13613 = SURFACE_STYLE_USAGE(.BOTH.,#13614);
#13614 = SURFACE_SIDE_STYLE('',(#13615,#13618));
#13615 = SURFACE_STYLE_FILL_AREA(#13616);
#13616 = FILL_AREA_STYLE('',(#13617));
#13617 = FILL_AREA_STYLE_COLOUR('',#13464);
#13618 = SURFACE_STYLE_RENDERING_WITH_PROPERTIES(.NORMAL_SHADING.,#13464
  ,(#13619));
#13619 = SURFACE_STYLE_TRANSPARENT(0.100000023842);
#13620 = STYLED_ITEM('color',(#13621),#3117);
#13621 = PRESENTATION_STYLE_ASSIGNMENT((#13622));
#13622 = SURFACE_STYLE_USAGE(.BOTH.,#13623);
#13623 = SURFACE_SIDE_STYLE('',(#13624,#13627));
#13624 = SURFACE_STYLE_FILL_AREA(#13625);
#13625 = FILL_AREA_STYLE('',(#13626));
#13626 = FILL_AREA_STYLE_COLOUR('',#13464);
#13627 = SURFACE_STYLE_RENDERING_WITH_PROPERTIES(.NORMAL_SHADING.,#13464
  ,(#13628));
#13628 = SURFACE_STYLE_TRANSPARENT(0.100000023842);
#13629 = STYLED_ITEM('color',(#13630),#3236);
#13630 = PRESENTATION_STYLE_ASSIGNMENT((#13631));
#13631 = SURFACE_STYLE_USAGE(.BOTH.,#13632);
#13632 = SURFACE_SIDE_STYLE('',(#13633,#13636));
#13633 = SURFACE_STYLE_FILL_AREA(#13634);
#13634 = FILL_AREA_STYLE('',(#13635));
#13635 = FILL_AREA_STYLE_COLOUR('',#13464);
#13636 = SURFACE_STYLE_RENDERING_WITH_PROPERTIES(.NORMAL_SHADING.,#13464
  ,(#13637));
#13637 = SURFACE_STYLE_TRANSPARENT(0.100000023842);
#13638 = STYLED_ITEM('color',(#13639),#3538);
#13639 = PRESENTATION_STYLE_ASSIGNMENT((#13640));
#13640 = SURFACE_STYLE_USAGE(.BOTH.,#13641);
#13641 = SURFACE_SIDE_STYLE('',(#13642,#13645));
#13642 = SURFACE_STYLE_FILL_AREA(#13643);
#13643 = FILL_AREA_STYLE('',(#13644));
#13644 = FILL_AREA_STYLE_COLOUR('',#13464);
#13645 = SURFACE_STYLE_RENDERING_WITH_PROPERTIES(.NORMAL_SHADING.,#13464
  ,(#13646));
#13646 = SURFACE_STYLE_TRANSPARENT(0.100000023842);
#13647 = STYLED_ITEM('color',(#13648),#3673);
#13648 = PRESENTATION_STYLE_ASSIGNMENT((#13649));
#13649 = SURFACE_STYLE_USAGE(.BOTH.,#13650);
#13650 = SURFACE_SIDE_STYLE('',(#13651,#13654));
#13651 = SURFACE_STYLE_FILL_AREA(#13652);
#13652 = FILL_AREA_STYLE('',(#13653));
#13653 = FILL_AREA_STYLE_COLOUR('',#13464);
#13654 = SURFACE_STYLE_RENDERING_WITH_PROPERTIES(.NORMAL_SHADING.,#13464
  ,(#13655));
#13655 = SURFACE_STYLE_TRANSPARENT(0.100000023842);
#13656 = STYLED_ITEM('color',(#13657),#3785);
#13657 = PRESENTATION_STYLE_ASSIGNMENT((#13658));
#13658 = SURFACE_STYLE_USAGE(.BOTH.,#13659);
#13659 = SURFACE_SIDE_STYLE('',(#13660,#13663));
#13660 = SURFACE_STYLE_FILL_AREA(#13661);
#13661 = FILL_AREA_STYLE('',(#13662));
#13662 = FILL_AREA_STYLE_COLOUR('',#13464);
#13663 = SURFACE_STYLE_RENDERING_WITH_PROPERTIES(.NORMAL_SHADING.,#13464
  ,(#13664));
#13664 = SURFACE_STYLE_TRANSPARENT(0.100000023842);
#13665 = STYLED_ITEM('color',(#13666),#3897);
#13666 = PRESENTATION_STYLE_ASSIGNMENT((#13667));
#13667 = SURFACE_STYLE_USAGE(.BOTH.,#13668);
#13668 = SURFACE_SIDE_STYLE('',(#13669,#13672));
#13669 = SURFACE_STYLE_FILL_AREA(#13670);
#13670 = FILL_AREA_STYLE('',(#13671));
#13671 = FILL_AREA_STYLE_COLOUR('',#13464);
#13672 = SURFACE_STYLE_RENDERING_WITH_PROPERTIES(.NORMAL_SHADING.,#13464
  ,(#13673));
#13673 = SURFACE_STYLE_TRANSPARENT(0.100000023842);
#13674 = STYLED_ITEM('color',(#13675),#4009);
#13675 = PRESENTATION_STYLE_ASSIGNMENT((#13676));
#13676 = SURFACE_STYLE_USAGE(.BOTH.,#13677);
#13677 = SURFACE_SIDE_STYLE('',(#13678,#13681));
#13678 = SURFACE_STYLE_FILL_AREA(#13679);
#13679 = FILL_AREA_STYLE('',(#13680));
#13680 = FILL_AREA_STYLE_COLOUR('',#13464);
#13681 = SURFACE_STYLE_RENDERING_WITH_PROPERTIES(.NORMAL_SHADING.,#13464
  ,(#13682));
#13682 = SURFACE_STYLE_TRANSPARENT(0.100000023842);
#13683 = STYLED_ITEM('color',(#13684),#4086);
#13684 = PRESENTATION_STYLE_ASSIGNMENT((#13685));
#13685 = SURFACE_STYLE_USAGE(.BOTH.,#13686);
#13686 = SURFACE_SIDE_STYLE('',(#13687,#13690));
#13687 = SURFACE_STYLE_FILL_AREA(#13688);
#13688 = FILL_AREA_STYLE('',(#13689));
#13689 = FILL_AREA_STYLE_COLOUR('',#13464);
#13690 = SURFACE_STYLE_RENDERING_WITH_PROPERTIES(.NORMAL_SHADING.,#13464
  ,(#13691));
#13691 = SURFACE_STYLE_TRANSPARENT(0.100000023842);
#13692 = STYLED_ITEM('color',(#13693),#4288);
#13693 = PRESENTATION_STYLE_ASSIGNMENT((#13694));
#13694 = SURFACE_STYLE_USAGE(.BOTH.,#13695);
#13695 = SURFACE_SIDE_STYLE('',(#13696,#13699));
#13696 = SURFACE_STYLE_FILL_AREA(#13697);
#13697 = FILL_AREA_STYLE('',(#13698));
#13698 = FILL_AREA_STYLE_COLOUR('',#13464);
#13699 = SURFACE_STYLE_RENDERING_WITH_PROPERTIES(.NORMAL_SHADING.,#13464
  ,(#13700));
#13700 = SURFACE_STYLE_TRANSPARENT(0.100000023842);
#13701 = STYLED_ITEM('color',(#13702),#4652);
#13702 = PRESENTATION_STYLE_ASSIGNMENT((#13703));
#13703 = SURFACE_STYLE_USAGE(.BOTH.,#13704);
#13704 = SURFACE_SIDE_STYLE('',(#13705,#13708));
#13705 = SURFACE_STYLE_FILL_AREA(#13706);
#13706 = FILL_AREA_STYLE('',(#13707));
#13707 = FILL_AREA_STYLE_COLOUR('',#13464);
#13708 = SURFACE_STYLE_RENDERING_WITH_PROPERTIES(.NORMAL_SHADING.,#13464
  ,(#13709));
#13709 = SURFACE_STYLE_TRANSPARENT(0.100000023842);
#13710 = STYLED_ITEM('color',(#13711),#4730);
#13711 = PRESENTATION_STYLE_ASSIGNMENT((#13712));
#13712 = SURFACE_STYLE_USAGE(.BOTH.,#13713);
#13713 = SURFACE_SIDE_STYLE('',(#13714,#13717));
#13714 = SURFACE_STYLE_FILL_AREA(#13715);
#13715 = FILL_AREA_STYLE('',(#13716));
#13716 = FILL_AREA_STYLE_COLOUR('',#13464);
#13717 = SURFACE_STYLE_RENDERING_WITH_PROPERTIES(.NORMAL_SHADING.,#13464
  ,(#13718));
#13718 = SURFACE_STYLE_TRANSPARENT(0.100000023842);
#13719 = STYLED_ITEM('color',(#13720),#4872);
#13720 = PRESENTATION_STYLE_ASSIGNMENT((#13721));
#13721 = SURFACE_STYLE_USAGE(.BOTH.,#13722);
#13722 = SURFACE_SIDE_STYLE('',(#13723,#13726));
#13723 = SURFACE_STYLE_FILL_AREA(#13724);
#13724 = FILL_AREA_STYLE('',(#13725));
#13725 = FILL_AREA_STYLE_COLOUR('',#13464);
#13726 = SURFACE_STYLE_RENDERING_WITH_PROPERTIES(.NORMAL_SHADING.,#13464
  ,(#13727));
#13727 = SURFACE_STYLE_TRANSPARENT(0.100000023842);
#13728 = STYLED_ITEM('color',(#13729),#4949);
#13729 = PRESENTATION_STYLE_ASSIGNMENT((#13730));
#13730 = SURFACE_STYLE_USAGE(.BOTH.,#13731);
#13731 = SURFACE_SIDE_STYLE('',(#13732,#13735));
#13732 = SURFACE_STYLE_FILL_AREA(#13733);
#13733 = FILL_AREA_STYLE('',(#13734));
#13734 = FILL_AREA_STYLE_COLOUR('',#13464);
#13735 = SURFACE_STYLE_RENDERING_WITH_PROPERTIES(.NORMAL_SHADING.,#13464
  ,(#13736));
#13736 = SURFACE_STYLE_TRANSPARENT(0.100000023842);
#13737 = STYLED_ITEM('color',(#13738),#5099);
#13738 = PRESENTATION_STYLE_ASSIGNMENT((#13739));
#13739 = SURFACE_STYLE_USAGE(.BOTH.,#13740);
#13740 = SURFACE_SIDE_STYLE('',(#13741,#13744));
#13741 = SURFACE_STYLE_FILL_AREA(#13742);
#13742 = FILL_AREA_STYLE('',(#13743));
#13743 = FILL_AREA_STYLE_COLOUR('',#13464);
#13744 = SURFACE_STYLE_RENDERING_WITH_PROPERTIES(.NORMAL_SHADING.,#13464
  ,(#13745));
#13745 = SURFACE_STYLE_TRANSPARENT(0.100000023842);
#13746 = STYLED_ITEM('color',(#13747),#5176);
#13747 = PRESENTATION_STYLE_ASSIGNMENT((#13748));
#13748 = SURFACE_STYLE_USAGE(.BOTH.,#13749);
#13749 = SURFACE_SIDE_STYLE('',(#13750,#13753));
#13750 = SURFACE_STYLE_FILL_AREA(#13751);
#13751 = FILL_AREA_STYLE('',(#13752));
#13752 = FILL_AREA_STYLE_COLOUR('',#13464);
#13753 = SURFACE_STYLE_RENDERING_WITH_PROPERTIES(.NORMAL_SHADING.,#13464
  ,(#13754));
#13754 = SURFACE_STYLE_TRANSPARENT(0.100000023842);
#13755 = STYLED_ITEM('color',(#13756),#5540);
#13756 = PRESENTATION_STYLE_ASSIGNMENT((#13757));
#13757 = SURFACE_STYLE_USAGE(.BOTH.,#13758);
#13758 = SURFACE_SIDE_STYLE('',(#13759,#13762));
#13759 = SURFACE_STYLE_FILL_AREA(#13760);
#13760 = FILL_AREA_STYLE('',(#13761));
#13761 = FILL_AREA_STYLE_COLOUR('',#13464);
#13762 = SURFACE_STYLE_RENDERING_WITH_PROPERTIES(.NORMAL_SHADING.,#13464
  ,(#13763));
#13763 = SURFACE_STYLE_TRANSPARENT(0.100000023842);
#13764 = STYLED_ITEM('color',(#13765),#5618);
#13765 = PRESENTATION_STYLE_ASSIGNMENT((#13766));
#13766 = SURFACE_STYLE_USAGE(.BOTH.,#13767);
#13767 = SURFACE_SIDE_STYLE('',(#13768,#13771));
#13768 = SURFACE_STYLE_FILL_AREA(#13769);
#13769 = FILL_AREA_STYLE('',(#13770));
#13770 = FILL_AREA_STYLE_COLOUR('',#13464);
#13771 = SURFACE_STYLE_RENDERING_WITH_PROPERTIES(.NORMAL_SHADING.,#13464
  ,(#13772));
#13772 = SURFACE_STYLE_TRANSPARENT(0.100000023842);
#13773 = STYLED_ITEM('color',(#13774),#5720);
#13774 = PRESENTATION_STYLE_ASSIGNMENT((#13775));
#13775 = SURFACE_STYLE_USAGE(.BOTH.,#13776);
#13776 = SURFACE_SIDE_STYLE('',(#13777,#13780));
#13777 = SURFACE_STYLE_FILL_AREA(#13778);
#13778 = FILL_AREA_STYLE('',(#13779));
#13779 = FILL_AREA_STYLE_COLOUR('',#13464);
#13780 = SURFACE_STYLE_RENDERING_WITH_PROPERTIES(.NORMAL_SHADING.,#13464
  ,(#13781));
#13781 = SURFACE_STYLE_TRANSPARENT(0.100000023842);
#13782 = STYLED_ITEM('color',(#13783),#5903);
#13783 = PRESENTATION_STYLE_ASSIGNMENT((#13784));
#13784 = SURFACE_STYLE_USAGE(.BOTH.,#13785);
#13785 = SURFACE_SIDE_STYLE('',(#13786,#13789));
#13786 = SURFACE_STYLE_FILL_AREA(#13787);
#13787 = FILL_AREA_STYLE('',(#13788));
#13788 = FILL_AREA_STYLE_COLOUR('',#13464);
#13789 = SURFACE_STYLE_RENDERING_WITH_PROPERTIES(.NORMAL_SHADING.,#13464
  ,(#13790));
#13790 = SURFACE_STYLE_TRANSPARENT(0.100000023842);
#13791 = STYLED_ITEM('color',(#13792),#5997);
#13792 = PRESENTATION_STYLE_ASSIGNMENT((#13793));
#13793 = SURFACE_STYLE_USAGE(.BOTH.,#13794);
#13794 = SURFACE_SIDE_STYLE('',(#13795,#13798));
#13795 = SURFACE_STYLE_FILL_AREA(#13796);
#13796 = FILL_AREA_STYLE('',(#13797));
#13797 = FILL_AREA_STYLE_COLOUR('',#13464);
#13798 = SURFACE_STYLE_RENDERING_WITH_PROPERTIES(.NORMAL_SHADING.,#13464
  ,(#13799));
#13799 = SURFACE_STYLE_TRANSPARENT(0.100000023842);
#13800 = STYLED_ITEM('color',(#13801),#6483);
#13801 = PRESENTATION_STYLE_ASSIGNMENT((#13802));
#13802 = SURFACE_STYLE_USAGE(.BOTH.,#13803);
#13803 = SURFACE_SIDE_STYLE('',(#13804,#13807));
#13804 = SURFACE_STYLE_FILL_AREA(#13805);
#13805 = FILL_AREA_STYLE('',(#13806));
#13806 = FILL_AREA_STYLE_COLOUR('',#13464);
#13807 = SURFACE_STYLE_RENDERING_WITH_PROPERTIES(.NORMAL_SHADING.,#13464
  ,(#13808));
#13808 = SURFACE_STYLE_TRANSPARENT(0.100000023842);
#13809 = STYLED_ITEM('color',(#13810),#6577);
#13810 = PRESENTATION_STYLE_ASSIGNMENT((#13811));
#13811 = SURFACE_STYLE_USAGE(.BOTH.,#13812);
#13812 = SURFACE_SIDE_STYLE('',(#13813,#13816));
#13813 = SURFACE_STYLE_FILL_AREA(#13814);
#13814 = FILL_AREA_STYLE('',(#13815));
#13815 = FILL_AREA_STYLE_COLOUR('',#13464);
#13816 = SURFACE_STYLE_RENDERING_WITH_PROPERTIES(.NORMAL_SHADING.,#13464
  ,(#13817));
#13817 = SURFACE_STYLE_TRANSPARENT(0.100000023842);
#13818 = STYLED_ITEM('color',(#13819),#6689);
#13819 = PRESENTATION_STYLE_ASSIGNMENT((#13820));
#13820 = SURFACE_STYLE_USAGE(.BOTH.,#13821);
#13821 = SURFACE_SIDE_STYLE('',(#13822,#13825));
#13822 = SURFACE_STYLE_FILL_AREA(#13823);
#13823 = FILL_AREA_STYLE('',(#13824));
#13824 = FILL_AREA_STYLE_COLOUR('',#13464);
#13825 = SURFACE_STYLE_RENDERING_WITH_PROPERTIES(.NORMAL_SHADING.,#13464
  ,(#13826));
#13826 = SURFACE_STYLE_TRANSPARENT(0.100000023842);
#13827 = STYLED_ITEM('color',(#13828),#6860);
#13828 = PRESENTATION_STYLE_ASSIGNMENT((#13829));
#13829 = SURFACE_STYLE_USAGE(.BOTH.,#13830);
#13830 = SURFACE_SIDE_STYLE('',(#13831,#13834));
#13831 = SURFACE_STYLE_FILL_AREA(#13832);
#13832 = FILL_AREA_STYLE('',(#13833));
#13833 = FILL_AREA_STYLE_COLOUR('',#13464);
#13834 = SURFACE_STYLE_RENDERING_WITH_PROPERTIES(.NORMAL_SHADING.,#13464
  ,(#13835));
#13835 = SURFACE_STYLE_TRANSPARENT(0.100000023842);
#13836 = STYLED_ITEM('color',(#13837),#7054);
#13837 = PRESENTATION_STYLE_ASSIGNMENT((#13838));
#13838 = SURFACE_STYLE_USAGE(.BOTH.,#13839);
#13839 = SURFACE_SIDE_STYLE('',(#13840,#13843));
#13840 = SURFACE_STYLE_FILL_AREA(#13841);
#13841 = FILL_AREA_STYLE('',(#13842));
#13842 = FILL_AREA_STYLE_COLOUR('',#13464);
#13843 = SURFACE_STYLE_RENDERING_WITH_PROPERTIES(.NORMAL_SHADING.,#13464
  ,(#13844));
#13844 = SURFACE_STYLE_TRANSPARENT(0.100000023842);
#13845 = STYLED_ITEM('color',(#13846),#7334);
#13846 = PRESENTATION_STYLE_ASSIGNMENT((#13847));
#13847 = SURFACE_STYLE_USAGE(.BOTH.,#13848);
#13848 = SURFACE_SIDE_STYLE('',(#13849,#13852));
#13849 = SURFACE_STYLE_FILL_AREA(#13850);
#13850 = FILL_AREA_STYLE('',(#13851));
#13851 = FILL_AREA_STYLE_COLOUR('',#13464);
#13852 = SURFACE_STYLE_RENDERING_WITH_PROPERTIES(.NORMAL_SHADING.,#13464
  ,(#13853));
#13853 = SURFACE_STYLE_TRANSPARENT(0.100000023842);
#13854 = STYLED_ITEM('color',(#13855),#7557);
#13855 = PRESENTATION_STYLE_ASSIGNMENT((#13856));
#13856 = SURFACE_STYLE_USAGE(.BOTH.,#13857);
#13857 = SURFACE_SIDE_STYLE('',(#13858,#13861));
#13858 = SURFACE_STYLE_FILL_AREA(#13859);
#13859 = FILL_AREA_STYLE('',(#13860));
#13860 = FILL_AREA_STYLE_COLOUR('',#13464);
#13861 = SURFACE_STYLE_RENDERING_WITH_PROPERTIES(.NORMAL_SHADING.,#13464
  ,(#13862));
#13862 = SURFACE_STYLE_TRANSPARENT(0.100000023842);
#13863 = STYLED_ITEM('color',(#13864),#7675);
#13864 = PRESENTATION_STYLE_ASSIGNMENT((#13865));
#13865 = SURFACE_STYLE_USAGE(.BOTH.,#13866);
#13866 = SURFACE_SIDE_STYLE('',(#13867,#13870));
#13867 = SURFACE_STYLE_FILL_AREA(#13868);
#13868 = FILL_AREA_STYLE('',(#13869));
#13869 = FILL_AREA_STYLE_COLOUR('',#13464);
#13870 = SURFACE_STYLE_RENDERING_WITH_PROPERTIES(.NORMAL_SHADING.,#13464
  ,(#13871));
#13871 = SURFACE_STYLE_TRANSPARENT(0.100000023842);
#13872 = STYLED_ITEM('color',(#13873),#7817);
#13873 = PRESENTATION_STYLE_ASSIGNMENT((#13874));
#13874 = SURFACE_STYLE_USAGE(.BOTH.,#13875);
#13875 = SURFACE_SIDE_STYLE('',(#13876,#13879));
#13876 = SURFACE_STYLE_FILL_AREA(#13877);
#13877 = FILL_AREA_STYLE('',(#13878));
#13878 = FILL_AREA_STYLE_COLOUR('',#13464);
#13879 = SURFACE_STYLE_RENDERING_WITH_PROPERTIES(.NORMAL_SHADING.,#13464
  ,(#13880));
#13880 = SURFACE_STYLE_TRANSPARENT(0.100000023842);
#13881 = STYLED_ITEM('color',(#13882),#7945);
#13882 = PRESENTATION_STYLE_ASSIGNMENT((#13883));
#13883 = SURFACE_STYLE_USAGE(.BOTH.,#13884);
#13884 = SURFACE_SIDE_STYLE('',(#13885,#13888));
#13885 = SURFACE_STYLE_FILL_AREA(#13886);
#13886 = FILL_AREA_STYLE('',(#13887));
#13887 = FILL_AREA_STYLE_COLOUR('',#13464);
#13888 = SURFACE_STYLE_RENDERING_WITH_PROPERTIES(.NORMAL_SHADING.,#13464
  ,(#13889));
#13889 = SURFACE_STYLE_TRANSPARENT(0.100000023842);
#13890 = STYLED_ITEM('color',(#13891),#8217);
#13891 = PRESENTATION_STYLE_ASSIGNMENT((#13892));
#13892 = SURFACE_STYLE_USAGE(.BOTH.,#13893);
#13893 = SURFACE_SIDE_STYLE('',(#13894,#13897));
#13894 = SURFACE_STYLE_FILL_AREA(#13895);
#13895 = FILL_AREA_STYLE('',(#13896));
#13896 = FILL_AREA_STYLE_COLOUR('',#13464);
#13897 = SURFACE_STYLE_RENDERING_WITH_PROPERTIES(.NORMAL_SHADING.,#13464
  ,(#13898));
#13898 = SURFACE_STYLE_TRANSPARENT(0.100000023842);
#13899 = STYLED_ITEM('color',(#13900),#8407);
#13900 = PRESENTATION_STYLE_ASSIGNMENT((#13901));
#13901 = SURFACE_STYLE_USAGE(.BOTH.,#13902);
#13902 = SURFACE_SIDE_STYLE('',(#13903,#13906));
#13903 = SURFACE_STYLE_FILL_AREA(#13904);
#13904 = FILL_AREA_STYLE('',(#13905));
#13905 = FILL_AREA_STYLE_COLOUR('',#13464);
#13906 = SURFACE_STYLE_RENDERING_WITH_PROPERTIES(.NORMAL_SHADING.,#13464
  ,(#13907));
#13907 = SURFACE_STYLE_TRANSPARENT(0.100000023842);
#13908 = STYLED_ITEM('color',(#13909),#8484);
#13909 = PRESENTATION_STYLE_ASSIGNMENT((#13910));
#13910 = SURFACE_STYLE_USAGE(.BOTH.,#13911);
#13911 = SURFACE_SIDE_STYLE('',(#13912,#13915));
#13912 = SURFACE_STYLE_FILL_AREA(#13913);
#13913 = FILL_AREA_STYLE('',(#13914));
#13914 = FILL_AREA_STYLE_COLOUR('',#13464);
#13915 = SURFACE_STYLE_RENDERING_WITH_PROPERTIES(.NORMAL_SHADING.,#13464
  ,(#13916));
#13916 = SURFACE_STYLE_TRANSPARENT(0.100000023842);
#13917 = STYLED_ITEM('color',(#13918),#8561);
#13918 = PRESENTATION_STYLE_ASSIGNMENT((#13919));
#13919 = SURFACE_STYLE_USAGE(.BOTH.,#13920);
#13920 = SURFACE_SIDE_STYLE('',(#13921,#13924));
#13921 = SURFACE_STYLE_FILL_AREA(#13922);
#13922 = FILL_AREA_STYLE('',(#13923));
#13923 = FILL_AREA_STYLE_COLOUR('',#13464);
#13924 = SURFACE_STYLE_RENDERING_WITH_PROPERTIES(.NORMAL_SHADING.,#13464
  ,(#13925));
#13925 = SURFACE_STYLE_TRANSPARENT(0.100000023842);
#13926 = STYLED_ITEM('color',(#13927),#8638);
#13927 = PRESENTATION_STYLE_ASSIGNMENT((#13928));
#13928 = SURFACE_STYLE_USAGE(.BOTH.,#13929);
#13929 = SURFACE_SIDE_STYLE('',(#13930,#13933));
#13930 = SURFACE_STYLE_FILL_AREA(#13931);
#13931 = FILL_AREA_STYLE('',(#13932));
#13932 = FILL_AREA_STYLE_COLOUR('',#13464);
#13933 = SURFACE_STYLE_RENDERING_WITH_PROPERTIES(.NORMAL_SHADING.,#13464
  ,(#13934));
#13934 = SURFACE_STYLE_TRANSPARENT(0.100000023842);
#13935 = STYLED_ITEM('color',(#13936),#8698);
#13936 = PRESENTATION_STYLE_ASSIGNMENT((#13937));
#13937 = SURFACE_STYLE_USAGE(.BOTH.,#13938);
#13938 = SURFACE_SIDE_STYLE('',(#13939,#13942));
#13939 = SURFACE_STYLE_FILL_AREA(#13940);
#13940 = FILL_AREA_STYLE('',(#13941));
#13941 = FILL_AREA_STYLE_COLOUR('',#13464);
#13942 = SURFACE_STYLE_RENDERING_WITH_PROPERTIES(.NORMAL_SHADING.,#13464
  ,(#13943));
#13943 = SURFACE_STYLE_TRANSPARENT(0.100000023842);
#13944 = STYLED_ITEM('color',(#13945),#8816);
#13945 = PRESENTATION_STYLE_ASSIGNMENT((#13946));
#13946 = SURFACE_STYLE_USAGE(.BOTH.,#13947);
#13947 = SURFACE_SIDE_STYLE('',(#13948,#13951));
#13948 = SURFACE_STYLE_FILL_AREA(#13949);
#13949 = FILL_AREA_STYLE('',(#13950));
#13950 = FILL_AREA_STYLE_COLOUR('',#13464);
#13951 = SURFACE_STYLE_RENDERING_WITH_PROPERTIES(.NORMAL_SHADING.,#13464
  ,(#13952));
#13952 = SURFACE_STYLE_TRANSPARENT(0.100000023842);
#13953 = STYLED_ITEM('color',(#13954),#8928);
#13954 = PRESENTATION_STYLE_ASSIGNMENT((#13955));
#13955 = SURFACE_STYLE_USAGE(.BOTH.,#13956);
#13956 = SURFACE_SIDE_STYLE('',(#13957,#13960));
#13957 = SURFACE_STYLE_FILL_AREA(#13958);
#13958 = FILL_AREA_STYLE('',(#13959));
#13959 = FILL_AREA_STYLE_COLOUR('',#13464);
#13960 = SURFACE_STYLE_RENDERING_WITH_PROPERTIES(.NORMAL_SHADING.,#13464
  ,(#13961));
#13961 = SURFACE_STYLE_TRANSPARENT(0.100000023842);
#13962 = STYLED_ITEM('color',(#13963),#8947);
#13963 = PRESENTATION_STYLE_ASSIGNMENT((#13964));
#13964 = SURFACE_STYLE_USAGE(.BOTH.,#13965);
#13965 = SURFACE_SIDE_STYLE('',(#13966,#13969));
#13966 = SURFACE_STYLE_FILL_AREA(#13967);
#13967 = FILL_AREA_STYLE('',(#13968));
#13968 = FILL_AREA_STYLE_COLOUR('',#13464);
#13969 = SURFACE_STYLE_RENDERING_WITH_PROPERTIES(.NORMAL_SHADING.,#13464
  ,(#13970));
#13970 = SURFACE_STYLE_TRANSPARENT(0.100000023842);
#13971 = STYLED_ITEM('color',(#13972),#9114);
#13972 = PRESENTATION_STYLE_ASSIGNMENT((#13973));
#13973 = SURFACE_STYLE_USAGE(.BOTH.,#13974);
#13974 = SURFACE_SIDE_STYLE('',(#13975,#13978));
#13975 = SURFACE_STYLE_FILL_AREA(#13976);
#13976 = FILL_AREA_STYLE('',(#13977));
#13977 = FILL_AREA_STYLE_COLOUR('',#13464);
#13978 = SURFACE_STYLE_RENDERING_WITH_PROPERTIES(.NORMAL_SHADING.,#13464
  ,(#13979));
#13979 = SURFACE_STYLE_TRANSPARENT(0.100000023842);
#13980 = STYLED_ITEM('color',(#13981),#9242);
#13981 = PRESENTATION_STYLE_ASSIGNMENT((#13982));
#13982 = SURFACE_STYLE_USAGE(.BOTH.,#13983);
#13983 = SURFACE_SIDE_STYLE('',(#13984,#13987));
#13984 = SURFACE_STYLE_FILL_AREA(#13985);
#13985 = FILL_AREA_STYLE('',(#13986));
#13986 = FILL_AREA_STYLE_COLOUR('',#13464);
#13987 = SURFACE_STYLE_RENDERING_WITH_PROPERTIES(.NORMAL_SHADING.,#13464
  ,(#13988));
#13988 = SURFACE_STYLE_TRANSPARENT(0.100000023842);
#13989 = STYLED_ITEM('color',(#13990),#9343);
#13990 = PRESENTATION_STYLE_ASSIGNMENT((#13991));
#13991 = SURFACE_STYLE_USAGE(.BOTH.,#13992);
#13992 = SURFACE_SIDE_STYLE('',(#13993,#13996));
#13993 = SURFACE_STYLE_FILL_AREA(#13994);
#13994 = FILL_AREA_STYLE('',(#13995));
#13995 = FILL_AREA_STYLE_COLOUR('',#13464);
#13996 = SURFACE_STYLE_RENDERING_WITH_PROPERTIES(.NORMAL_SHADING.,#13464
  ,(#13997));
#13997 = SURFACE_STYLE_TRANSPARENT(0.100000023842);
#13998 = MECHANICAL_DESIGN_GEOMETRIC_PRESENTATION_REPRESENTATION('',(
    #13999),#13445);
#13999 = STYLED_ITEM('color',(#14000),#10214);
#14000 = PRESENTATION_STYLE_ASSIGNMENT((#14001));
#14001 = SURFACE_STYLE_USAGE(.BOTH.,#14002);
#14002 = SURFACE_SIDE_STYLE('',(#14003));
#14003 = SURFACE_STYLE_FILL_AREA(#14004);
#14004 = FILL_AREA_STYLE('',(#14005));
#14005 = FILL_AREA_STYLE_COLOUR('',#14006);
#14006 = COLOUR_RGB('',0.313304153717,0.484529207832,0.410020903123);
#14007 = MECHANICAL_DESIGN_GEOMETRIC_PRESENTATION_REPRESENTATION('',(
    #14008),#10195);
#14008 = STYLED_ITEM('color',(#14009),#9577);
#14009 = PRESENTATION_STYLE_ASSIGNMENT((#14010));
#14010 = SURFACE_STYLE_USAGE(.BOTH.,#14011);
#14011 = SURFACE_SIDE_STYLE('',(#14012));
#14012 = SURFACE_STYLE_FILL_AREA(#14013);
#14013 = FILL_AREA_STYLE('',(#14014));
#14014 = FILL_AREA_STYLE_COLOUR('',#14006);
ENDSEC;
END-ISO-10303-21;
